  WARNING: The script transformers.exe is installed in 'C:\Users\Dean\source\repos\Synapic.NET\build\_python\win-x64\python\Scripts' which is not on PATH.
  Consider adding this directory to PATH or, if you prefer to suppress this warning, use --no-warn-script-location.
229 INFO: PyInstaller: 6.18.0, contrib hooks: 2026.7
230 INFO: Python: 3.11.16
256 INFO: Platform: Windows-10-10.0.26200-SP0
257 INFO: Python environment: C:\Users\Dean\source\repos\Synapic.NET\build\_python\win-x64\python
261 INFO: Removing temporary files and cleaning cache in C:\Users\Dean\AppData\Local\pyinstaller
1929 INFO: Module search paths (PYTHONPATH):
['C:\\Users\\Dean\\source\\repos\\Synapic.NET',
 'C:\\Users\\Dean\\source\\repos\\Synapic.NET\\build\\_python\\win-x64\\python\\python311.zip',
 'C:\\Users\\Dean\\source\\repos\\Synapic.NET\\build\\_python\\win-x64\\python\\DLLs',
 'C:\\Users\\Dean\\source\\repos\\Synapic.NET\\build\\_python\\win-x64\\python\\Lib',
 'C:\\Users\\Dean\\source\\repos\\Synapic.NET\\build\\_python\\win-x64\\python',
 'C:\\Users\\Dean\\source\\repos\\Synapic.NET\\build\\_python\\win-x64\\python\\Lib\\site-packages',
 'C:\\Users\\Dean\\source\\repos\\Synapic.NET\\src',
 'C:\\Users\\Dean\\source\\repos\\Synapic.NET\\src\\Synapic.Inference']
2201 INFO: Appending 'datas' from .spec
2201 INFO: checking Analysis
2203 INFO: Building Analysis because Analysis-00.toc is non existent
2203 INFO: Looking for Python shared library...
2204 INFO: Using Python shared library: C:\Users\Dean\source\repos\Synapic.NET\build\_python\win-x64\python\python311.dll
2204 INFO: Running Analysis Analysis-00.toc
2204 INFO: Target bytecode optimization level: 0
2204 INFO: Initializing module dependency graph...
2206 INFO: Initializing module graph hook caches...
2223 INFO: Analyzing modules for base_library.zip ...
2958 INFO: Processing standard module hook 'hook-heapq.py' from 'C:\\Users\\Dean\\source\\repos\\Synapic.NET\\build\\_python\\win-x64\\python\\Lib\\site-packages\\PyInstaller\\hooks'
3012 INFO: Processing standard module hook 'hook-encodings.py' from 'C:\\Users\\Dean\\source\\repos\\Synapic.NET\\build\\_python\\win-x64\\python\\Lib\\site-packages\\PyInstaller\\hooks'
4087 INFO: Processing standard module hook 'hook-pickle.py' from 'C:\\Users\\Dean\\source\\repos\\Synapic.NET\\build\\_python\\win-x64\\python\\Lib\\site-packages\\PyInstaller\\hooks'
5106 INFO: Caching module dependency graph...
5129 INFO: Analyzing C:\Users\Dean\source\repos\Synapic.NET\src\Synapic.Inference\service.py
5141 INFO: Processing standard module hook 'hook-uvicorn.py' from 'C:\\Users\\Dean\\source\\repos\\Synapic.NET\\build\\_python\\win-x64\\python\\Lib\\site-packages\\_pyinstaller_hooks_contrib\\stdhooks'
5714 INFO: Processing standard module hook 'hook-multiprocessing.util.py' from 'C:\\Users\\Dean\\source\\repos\\Synapic.NET\\build\\_python\\win-x64\\python\\Lib\\site-packages\\PyInstaller\\hooks'
5833 INFO: Processing standard module hook 'hook-xml.py' from 'C:\\Users\\Dean\\source\\repos\\Synapic.NET\\build\\_python\\win-x64\\python\\Lib\\site-packages\\PyInstaller\\hooks'
5990 INFO: Processing standard module hook 'hook-_ctypes.py' from 'C:\\Users\\Dean\\source\\repos\\Synapic.NET\\build\\_python\\win-x64\\python\\Lib\\site-packages\\PyInstaller\\hooks'
6454 INFO: Processing standard module hook 'hook-platform.py' from 'C:\\Users\\Dean\\source\\repos\\Synapic.NET\\build\\_python\\win-x64\\python\\Lib\\site-packages\\PyInstaller\\hooks'
6491 INFO: Processing pre-safe-import-module hook 'hook-typing_extensions.py' from 'C:\\Users\\Dean\\source\\repos\\Synapic.NET\\build\\_python\\win-x64\\python\\Lib\\site-packages\\PyInstaller\\hooks\\pre_safe_import_module'
6496 INFO: SetuptoolsInfo: initializing cached setuptools info...
7163 INFO: Processing standard module hook 'hook-difflib.py' from 'C:\\Users\\Dean\\source\\repos\\Synapic.NET\\build\\_python\\win-x64\\python\\Lib\\site-packages\\PyInstaller\\hooks'
7679 INFO: Processing standard module hook 'hook-pydantic.py' from 'C:\\Users\\Dean\\source\\repos\\Synapic.NET\\build\\_python\\win-x64\\python\\Lib\\site-packages\\_pyinstaller_hooks_contrib\\stdhooks'
8292 INFO: Processing standard module hook 'hook-rich.py' from 'C:\\Users\\Dean\\source\\repos\\Synapic.NET\\build\\_python\\win-x64\\python\\Lib\\site-packages\\_pyinstaller_hooks_contrib\\stdhooks'
8756 INFO: Processing standard module hook 'hook-pygments.py' from 'C:\\Users\\Dean\\source\\repos\\Synapic.NET\\build\\_python\\win-x64\\python\\Lib\\site-packages\\PyInstaller\\hooks'
10047 INFO: Processing standard module hook 'hook-sysconfig.py' from 'C:\\Users\\Dean\\source\\repos\\Synapic.NET\\build\\_python\\win-x64\\python\\Lib\\site-packages\\PyInstaller\\hooks'
10294 INFO: Processing standard module hook 'hook-zoneinfo.py' from 'C:\\Users\\Dean\\source\\repos\\Synapic.NET\\build\\_python\\win-x64\\python\\Lib\\site-packages\\_pyinstaller_hooks_contrib\\stdhooks'
10919 INFO: Processing standard module hook 'hook-anyio.py' from 'C:\\Users\\Dean\\source\\repos\\Synapic.NET\\build\\_python\\win-x64\\python\\Lib\\site-packages\\_pyinstaller_hooks_contrib\\stdhooks'
11868 INFO: Processing standard module hook 'hook-certifi.py' from 'C:\\Users\\Dean\\source\\repos\\Synapic.NET\\build\\_python\\win-x64\\python\\Lib\\site-packages\\_pyinstaller_hooks_contrib\\stdhooks'
12382 INFO: Processing pre-safe-import-module hook 'hook-importlib_resources.py' from 'C:\\Users\\Dean\\source\\repos\\Synapic.NET\\build\\_python\\win-x64\\python\\Lib\\site-packages\\PyInstaller\\hooks\\pre_safe_import_module'
12412 INFO: Processing standard module hook 'hook-numpy.py' from 'C:\\Users\\Dean\\source\\repos\\Synapic.NET\\build\\_python\\win-x64\\python\\Lib\\site-packages\\PyInstaller\\hooks'
13196 INFO: Processing standard module hook 'hook-psutil.py' from 'C:\\Users\\Dean\\source\\repos\\Synapic.NET\\build\\_python\\win-x64\\python\\Lib\\site-packages\\_pyinstaller_hooks_contrib\\stdhooks'
13909 INFO: Processing standard module hook 'hook-charset_normalizer.py' from 'C:\\Users\\Dean\\source\\repos\\Synapic.NET\\build\\_python\\win-x64\\python\\Lib\\site-packages\\_pyinstaller_hooks_contrib\\stdhooks'
14345 INFO: Processing standard module hook 'hook-sqlite3.py' from 'C:\\Users\\Dean\\source\\repos\\Synapic.NET\\build\\_python\\win-x64\\python\\Lib\\site-packages\\PyInstaller\\hooks'
14851 INFO: Processing standard module hook 'hook-PIL.py' from 'C:\\Users\\Dean\\source\\repos\\Synapic.NET\\build\\_python\\win-x64\\python\\Lib\\site-packages\\PyInstaller\\hooks'
15050 INFO: Processing standard module hook 'hook-PIL.Image.py' from 'C:\\Users\\Dean\\source\\repos\\Synapic.NET\\build\\_python\\win-x64\\python\\Lib\\site-packages\\PyInstaller\\hooks'
15326 INFO: Processing standard module hook 'hook-xml.etree.cElementTree.py' from 'C:\\Users\\Dean\\source\\repos\\Synapic.NET\\build\\_python\\win-x64\\python\\Lib\\site-packages\\PyInstaller\\hooks'
15461 INFO: Processing standard module hook 'hook-PIL.ImageFilter.py' from 'C:\\Users\\Dean\\source\\repos\\Synapic.NET\\build\\_python\\win-x64\\python\\Lib\\site-packages\\PyInstaller\\hooks'
16072 INFO: Processing standard module hook 'hook-jinja2.py' from 'C:\\Users\\Dean\\source\\repos\\Synapic.NET\\build\\_python\\win-x64\\python\\Lib\\site-packages\\_pyinstaller_hooks_contrib\\stdhooks'
16381 INFO: Processing standard module hook 'hook-torch.py' from 'C:\\Users\\Dean\\source\\repos\\Synapic.NET\\build\\_python\\win-x64\\python\\Lib\\site-packages\\_pyinstaller_hooks_contrib\\stdhooks'
1222 WARNING: Failed to collect submodules for 'torch.utils.tensorboard' because importing 'torch.utils.tensorboard' raised: ModuleNotFoundError: No module named 'tensorboard'
W0922 19:30:45.620000 49208 build\_python\win-x64\python\Lib\site-packages\torch\distributed\elastic\multiprocessing\redirects.py:29] NOTE: Redirects are currently not supported in Windows or MacOs.
C:\Users\Dean\source\repos\Synapic.NET\build\_python\win-x64\python\Lib\site-packages\PyInstaller\utils\hooks\__init__.py:665: DeprecationWarning: `torch.distributed._sharding_spec` will be deprecated, use `torch.distributed._shard.sharding_spec` instead
  __import__(name)
C:\Users\Dean\source\repos\Synapic.NET\build\_python\win-x64\python\Lib\site-packages\PyInstaller\utils\hooks\__init__.py:665: DeprecationWarning: `torch.distributed._sharded_tensor` will be deprecated, use `torch.distributed._shard.sharded_tensor` instead
  __import__(name)
C:\Users\Dean\source\repos\Synapic.NET\build\_python\win-x64\python\Lib\site-packages\PyInstaller\utils\hooks\__init__.py:665: DeprecationWarning: `torch.distributed._shard.checkpoint` will be deprecated, use `torch.distributed.checkpoint` instead
  __import__(name)
28609 INFO: hook-torch: this torch build does not depend on MKL...
37074 INFO: Processing standard module hook 'hook-xml.dom.domreg.py' from 'C:\\Users\\Dean\\source\\repos\\Synapic.NET\\build\\_python\\win-x64\\python\\Lib\\site-packages\\PyInstaller\\hooks'
41517 INFO: Processing standard module hook 'hook-setuptools.py' from 'C:\\Users\\Dean\\source\\repos\\Synapic.NET\\build\\_python\\win-x64\\python\\Lib\\site-packages\\PyInstaller\\hooks'
41531 INFO: Processing pre-safe-import-module hook 'hook-distutils.py' from 'C:\\Users\\Dean\\source\\repos\\Synapic.NET\\build\\_python\\win-x64\\python\\Lib\\site-packages\\PyInstaller\\hooks\\pre_safe_import_module'
41533 INFO: Processing pre-find-module-path hook 'hook-distutils.py' from 'C:\\Users\\Dean\\source\\repos\\Synapic.NET\\build\\_python\\win-x64\\python\\Lib\\site-packages\\PyInstaller\\hooks\\pre_find_module_path'
41762 INFO: Processing standard module hook 'hook-distutils.py' from 'C:\\Users\\Dean\\source\\repos\\Synapic.NET\\build\\_python\\win-x64\\python\\Lib\\site-packages\\PyInstaller\\hooks'
41778 INFO: Processing standard module hook 'hook-distutils.util.py' from 'C:\\Users\\Dean\\source\\repos\\Synapic.NET\\build\\_python\\win-x64\\python\\Lib\\site-packages\\PyInstaller\\hooks'
41813 INFO: Processing standard module hook 'hook-_osx_support.py' from 'C:\\Users\\Dean\\source\\repos\\Synapic.NET\\build\\_python\\win-x64\\python\\Lib\\site-packages\\PyInstaller\\hooks'
41832 INFO: Processing pre-safe-import-module hook 'hook-packaging.py' from 'C:\\Users\\Dean\\source\\repos\\Synapic.NET\\build\\_python\\win-x64\\python\\Lib\\site-packages\\PyInstaller\\hooks\\pre_safe_import_module'
41991 INFO: Processing pre-safe-import-module hook 'hook-jaraco.py' from 'C:\\Users\\Dean\\source\\repos\\Synapic.NET\\build\\_python\\win-x64\\python\\Lib\\site-packages\\PyInstaller\\hooks\\pre_safe_import_module'
41993 INFO: Setuptools: 'jaraco' appears to be a full setuptools-vendored copy - creating alias to 'setuptools._vendor.jaraco'!
42003 INFO: Processing standard module hook 'hook-setuptools._vendor.jaraco.text.py' from 'C:\\Users\\Dean\\source\\repos\\Synapic.NET\\build\\_python\\win-x64\\python\\Lib\\site-packages\\PyInstaller\\hooks'
42013 INFO: Processing pre-safe-import-module hook 'hook-backports.py' from 'C:\\Users\\Dean\\source\\repos\\Synapic.NET\\build\\_python\\win-x64\\python\\Lib\\site-packages\\PyInstaller\\hooks\\pre_safe_import_module'
42015 INFO: Setuptools: 'backports' appears to be a full setuptools-vendored copy - creating alias to 'setuptools._vendor.backports'!
42077 INFO: Processing pre-safe-import-module hook 'hook-more_itertools.py' from 'C:\\Users\\Dean\\source\\repos\\Synapic.NET\\build\\_python\\win-x64\\python\\Lib\\site-packages\\PyInstaller\\hooks\\pre_safe_import_module'
42079 INFO: Setuptools: 'more_itertools' appears to be a setuptools-vendored copy - creating alias to 'setuptools._vendor.more_itertools'!
42525 INFO: Processing pre-safe-import-module hook 'hook-tomli.py' from 'C:\\Users\\Dean\\source\\repos\\Synapic.NET\\build\\_python\\win-x64\\python\\Lib\\site-packages\\PyInstaller\\hooks\\pre_safe_import_module'
42527 INFO: Setuptools: 'tomli' appears to be a setuptools-vendored copy - creating alias to 'setuptools._vendor.tomli'!
42883 INFO: Processing pre-safe-import-module hook 'hook-wheel.py' from 'C:\\Users\\Dean\\source\\repos\\Synapic.NET\\build\\_python\\win-x64\\python\\Lib\\site-packages\\PyInstaller\\hooks\\pre_safe_import_module'
42916 INFO: Processing pre-safe-import-module hook 'hook-win32com.py' from 'C:\\Users\\Dean\\source\\repos\\Synapic.NET\\build\\_python\\win-x64\\python\\Lib\\site-packages\\_pyinstaller_hooks_contrib\\pre_safe_import_module'
54926 INFO: Processing standard module hook 'hook-fsspec.py' from 'C:\\Users\\Dean\\source\\repos\\Synapic.NET\\build\\_python\\win-x64\\python\\Lib\\site-packages\\_pyinstaller_hooks_contrib\\stdhooks'
55439 INFO: Processing pre-safe-import-module hook 'hook-importlib_metadata.py' from 'C:\\Users\\Dean\\source\\repos\\Synapic.NET\\build\\_python\\win-x64\\python\\Lib\\site-packages\\PyInstaller\\hooks\\pre_safe_import_module'
55444 INFO: Setuptools: 'importlib_metadata' appears to be a setuptools-vendored copy - creating alias to 'setuptools._vendor.importlib_metadata'!
55460 INFO: Processing standard module hook 'hook-setuptools._vendor.importlib_metadata.py' from 'C:\\Users\\Dean\\source\\repos\\Synapic.NET\\build\\_python\\win-x64\\python\\Lib\\site-packages\\PyInstaller\\hooks'
55488 INFO: Processing pre-safe-import-module hook 'hook-zipp.py' from 'C:\\Users\\Dean\\source\\repos\\Synapic.NET\\build\\_python\\win-x64\\python\\Lib\\site-packages\\PyInstaller\\hooks\\pre_safe_import_module'
55489 INFO: Setuptools: 'zipp' appears to be a setuptools-vendored copy - creating alias to 'setuptools._vendor.zipp'!
55538 INFO: Processing standard module hook 'hook-urllib3.py' from 'C:\\Users\\Dean\\source\\repos\\Synapic.NET\\build\\_python\\win-x64\\python\\Lib\\site-packages\\_pyinstaller_hooks_contrib\\stdhooks'
56618 INFO: Processing standard module hook 'hook-torchvision.py' from 'C:\\Users\\Dean\\source\\repos\\Synapic.NET\\build\\_python\\win-x64\\python\\Lib\\site-packages\\_pyinstaller_hooks_contrib\\stdhooks'
56715 INFO: Processing standard module hook 'hook-torchvision.io.image.py' from 'C:\\Users\\Dean\\source\\repos\\Synapic.NET\\build\\_python\\win-x64\\python\\Lib\\site-packages\\_pyinstaller_hooks_contrib\\stdhooks'
58306 INFO: Processing standard module hook 'hook-av.py' from 'C:\\Users\\Dean\\source\\repos\\Synapic.NET\\build\\_python\\win-x64\\python\\Lib\\site-packages\\_pyinstaller_hooks_contrib\\stdhooks'
63718 INFO: Processing standard module hook 'hook-transformers.py' from 'C:\\Users\\Dean\\source\\repos\\Synapic.NET\\build\\_python\\win-x64\\python\\Lib\\site-packages\\_pyinstaller_hooks_contrib\\stdhooks'
66294 INFO: Processing standard module hook 'hook-regex.py' from 'C:\\Users\\Dean\\source\\repos\\Synapic.NET\\build\\_python\\win-x64\\python\\Lib\\site-packages\\_pyinstaller_hooks_contrib\\stdhooks'
67557 INFO: Processing standard module hook 'hook-timm.py' from 'C:\\Users\\Dean\\source\\repos\\Synapic.NET\\build\\_python\\win-x64\\python\\Lib\\site-packages\\_pyinstaller_hooks_contrib\\stdhooks'
68501 INFO: Processing pre-safe-import-module hook 'hook-tensorflow.py' from 'C:\\Users\\Dean\\source\\repos\\Synapic.NET\\build\\_python\\win-x64\\python\\Lib\\site-packages\\_pyinstaller_hooks_contrib\\pre_safe_import_module'
98958 INFO: Analyzing hidden import 'qwen_vl_utils'
99206 INFO: Processing module hooks (post-graph stage)...
110198 WARNING: Hidden import "tzdata" not found!
110487 INFO: Processing standard module hook 'hook-PIL.SpiderImagePlugin.py' from 'C:\\Users\\Dean\\source\\repos\\Synapic.NET\\build\\_python\\win-x64\\python\\Lib\\site-packages\\PyInstaller\\hooks'
114062 INFO: Performing binary vs. data reclassification (256 entries)
114324 INFO: Looking for ctypes DLLs
114677 WARNING: Ignoring /usr/lib64/libgomp.so.1 imported from C:\Users\Dean\source\repos\Synapic.NET\build\_python\win-x64\python\Lib\site-packages\torch\_inductor\codecache.py - only basenames are supported with ctypes imports!
115153 INFO: Analyzing run-time hooks ...
115184 INFO: Including run-time hook 'pyi_rth_inspect.py' from 'C:\\Users\\Dean\\source\\repos\\Synapic.NET\\build\\_python\\win-x64\\python\\Lib\\site-packages\\PyInstaller\\hooks\\rthooks'
115190 INFO: Including run-time hook 'pyi_rth_pkgutil.py' from 'C:\\Users\\Dean\\source\\repos\\Synapic.NET\\build\\_python\\win-x64\\python\\Lib\\site-packages\\PyInstaller\\hooks\\rthooks'
115195 INFO: Including run-time hook 'pyi_rth_multiprocessing.py' from 'C:\\Users\\Dean\\source\\repos\\Synapic.NET\\build\\_python\\win-x64\\python\\Lib\\site-packages\\PyInstaller\\hooks\\rthooks'
115200 INFO: Including run-time hook 'pyi_rth_setuptools.py' from 'C:\\Users\\Dean\\source\\repos\\Synapic.NET\\build\\_python\\win-x64\\python\\Lib\\site-packages\\PyInstaller\\hooks\\rthooks'
115347 INFO: Creating base_library.zip...
115379 INFO: Looking for dynamic libraries
W0922 19:32:20.494000 46796 build\_python\win-x64\python\Lib\site-packages\torch\distributed\elastic\multiprocessing\redirects.py:29] NOTE: Redirects are currently not supported in Windows or MacOs.
C:\Users\Dean\source\repos\Synapic.NET\build\_python\win-x64\python\Lib\site-packages\PyInstaller\building\build_main.py:227: DeprecationWarning: `torch.distributed._sharding_spec` will be deprecated, use `torch.distributed._shard.sharding_spec` instead
  __import__(package)
C:\Users\Dean\source\repos\Synapic.NET\build\_python\win-x64\python\Lib\site-packages\PyInstaller\building\build_main.py:227: DeprecationWarning: `torch.distributed._sharded_tensor` will be deprecated, use `torch.distributed._shard.sharded_tensor` instead
  __import__(package)
C:\Users\Dean\source\repos\Synapic.NET\build\_python\win-x64\python\Lib\site-packages\PyInstaller\building\build_main.py:227: DeprecationWarning: `torch.distributed._shard.checkpoint` will be deprecated, use `torch.distributed.checkpoint` instead
  __import__(package)
sys:1: DeprecationWarning: builtin type swigvarlink has no __module__ attribute
131415 INFO: Extra DLL search directories (AddDllDirectory): ['C:\\Users\\Dean\\source\\repos\\Synapic.NET\\build\\_python\\win-x64\\python\\Lib\\site-packages\\torch\\lib', 'C:\\Users\\Dean\\source\\repos\\Synapic.NET\\build\\_python\\win-x64\\python\\Lib\\site-packages\\numpy.libs', 'C:\\Users\\Dean\\source\\repos\\Synapic.NET\\build\\_python\\win-x64\\python\\Lib\\site-packages\\torchvision', 'C:\\Users\\Dean\\source\\repos\\Synapic.NET\\build\\_python\\win-x64\\python\\Lib\\site-packages\\torchvision', 'C:\\Users\\Dean\\source\\repos\\Synapic.NET\\build\\_python\\win-x64\\python\\Lib\\site-packages\\torchvision', 'C:\\Users\\Dean\\source\\repos\\Synapic.NET\\build\\_python\\win-x64\\python\\Lib\\site-packages\\torchvision', 'C:\\Users\\Dean\\source\\repos\\Synapic.NET\\build\\_python\\win-x64\\python\\Lib\\site-packages\\av.libs']
131415 INFO: Extra DLL search directories (PATH): []
134834 INFO: Warnings written to C:\Users\Dean\source\repos\Synapic.NET\build\_work\win-x64\synapic-inference\warn-synapic-inference.txt
135792 INFO: Graph cross-reference written to C:\Users\Dean\source\repos\Synapic.NET\build\_work\win-x64\synapic-inference\xref-synapic-inference.html
136087 INFO: checking PYZ
136087 INFO: Building PYZ because PYZ-00.toc is non existent
136087 INFO: Building PYZ (ZlibArchive) C:\Users\Dean\source\repos\Synapic.NET\build\_work\win-x64\synapic-inference\PYZ-00.pyz
141829 INFO: Building PYZ (ZlibArchive) C:\Users\Dean\source\repos\Synapic.NET\build\_work\win-x64\synapic-inference\PYZ-00.pyz completed successfully.
142057 INFO: checking PKG
142058 INFO: Building PKG because PKG-00.toc is non existent
142058 INFO: Building PKG (CArchive) synapic-inference.pkg
142077 INFO: Executing: strip C:\Users\Dean\AppData\Local\pyinstaller\bincache10py31164bit\av.libs\swscale-9-0c9886c118598c54e159ef2267ff99f3.dll
142080 WARNING: Failed to run strip on 'C:\\Users\\Dean\\AppData\\Local\\pyinstaller\\bincache10py31164bit\\av.libs\\swscale-9-0c9886c118598c54e159ef2267ff99f3.dll'!
Traceback (most recent call last):
  File "C:\Users\Dean\source\repos\Synapic.NET\build\_python\win-x64\python\Lib\site-packages\PyInstaller\building\utils.py", line 250, in process_collected_binary
    p = subprocess.run(
        ^^^^^^^^^^^^^^^
  File "C:\Users\Dean\source\repos\Synapic.NET\build\_python\win-x64\python\Lib\subprocess.py", line 548, in run
    with Popen(*popenargs, **kwargs) as process:
         ^^^^^^^^^^^^^^^^^^^^^^^^^^^
  File "C:\Users\Dean\source\repos\Synapic.NET\build\_python\win-x64\python\Lib\subprocess.py", line 1026, in __init__
    self._execute_child(args, executable, preexec_fn, close_fds,
  File "C:\Users\Dean\source\repos\Synapic.NET\build\_python\win-x64\python\Lib\subprocess.py", line 1538, in _execute_child
    hp, ht, pid, tid = _winapi.CreateProcess(executable, args,
                       ^^^^^^^^^^^^^^^^^^^^^^^^^^^^^^^^^^^^^^^
FileNotFoundError: [WinError 2] The system cannot find the file specified
142089 INFO: Executing: strip C:\Users\Dean\AppData\Local\pyinstaller\bincache10py31164bit\av.libs\zlib1-79e0c4f9db71cb511398c504b832d395.dll
142091 WARNING: Failed to run strip on 'C:\\Users\\Dean\\AppData\\Local\\pyinstaller\\bincache10py31164bit\\av.libs\\zlib1-79e0c4f9db71cb511398c504b832d395.dll'!
Traceback (most recent call last):
  File "C:\Users\Dean\source\repos\Synapic.NET\build\_python\win-x64\python\Lib\site-packages\PyInstaller\building\utils.py", line 250, in process_collected_binary
    p = subprocess.run(
        ^^^^^^^^^^^^^^^
  File "C:\Users\Dean\source\repos\Synapic.NET\build\_python\win-x64\python\Lib\subprocess.py", line 548, in run
    with Popen(*popenargs, **kwargs) as process:
         ^^^^^^^^^^^^^^^^^^^^^^^^^^^
  File "C:\Users\Dean\source\repos\Synapic.NET\build\_python\win-x64\python\Lib\subprocess.py", line 1026, in __init__
    self._execute_child(args, executable, preexec_fn, close_fds,
  File "C:\Users\Dean\source\repos\Synapic.NET\build\_python\win-x64\python\Lib\subprocess.py", line 1538, in _execute_child
    hp, ht, pid, tid = _winapi.CreateProcess(executable, args,
                       ^^^^^^^^^^^^^^^^^^^^^^^^^^^^^^^^^^^^^^^
FileNotFoundError: [WinError 2] The system cannot find the file specified
142096 INFO: Executing: strip C:\Users\Dean\AppData\Local\pyinstaller\bincache10py31164bit\av.libs\libopencore-amrwb-0-49da3acfc50704f92538d74aca03c3b8.dll
142097 WARNING: Failed to run strip on 'C:\\Users\\Dean\\AppData\\Local\\pyinstaller\\bincache10py31164bit\\av.libs\\libopencore-amrwb-0-49da3acfc50704f92538d74aca03c3b8.dll'!
Traceback (most recent call last):
  File "C:\Users\Dean\source\repos\Synapic.NET\build\_python\win-x64\python\Lib\site-packages\PyInstaller\building\utils.py", line 250, in process_collected_binary
    p = subprocess.run(
        ^^^^^^^^^^^^^^^
  File "C:\Users\Dean\source\repos\Synapic.NET\build\_python\win-x64\python\Lib\subprocess.py", line 548, in run
    with Popen(*popenargs, **kwargs) as process:
         ^^^^^^^^^^^^^^^^^^^^^^^^^^^
  File "C:\Users\Dean\source\repos\Synapic.NET\build\_python\win-x64\python\Lib\subprocess.py", line 1026, in __init__
    self._execute_child(args, executable, preexec_fn, close_fds,
  File "C:\Users\Dean\source\repos\Synapic.NET\build\_python\win-x64\python\Lib\subprocess.py", line 1538, in _execute_child
    hp, ht, pid, tid = _winapi.CreateProcess(executable, args,
                       ^^^^^^^^^^^^^^^^^^^^^^^^^^^^^^^^^^^^^^^
FileNotFoundError: [WinError 2] The system cannot find the file specified
142104 INFO: Executing: strip C:\Users\Dean\AppData\Local\pyinstaller\bincache10py31164bit\av.libs\libmp3lame-0-da02696cc34a9bbc1d1d4f67a85cfbef.dll
142106 WARNING: Failed to run strip on 'C:\\Users\\Dean\\AppData\\Local\\pyinstaller\\bincache10py31164bit\\av.libs\\libmp3lame-0-da02696cc34a9bbc1d1d4f67a85cfbef.dll'!
Traceback (most recent call last):
  File "C:\Users\Dean\source\repos\Synapic.NET\build\_python\win-x64\python\Lib\site-packages\PyInstaller\building\utils.py", line 250, in process_collected_binary
    p = subprocess.run(
        ^^^^^^^^^^^^^^^
  File "C:\Users\Dean\source\repos\Synapic.NET\build\_python\win-x64\python\Lib\subprocess.py", line 548, in run
    with Popen(*popenargs, **kwargs) as process:
         ^^^^^^^^^^^^^^^^^^^^^^^^^^^
  File "C:\Users\Dean\source\repos\Synapic.NET\build\_python\win-x64\python\Lib\subprocess.py", line 1026, in __init__
    self._execute_child(args, executable, preexec_fn, close_fds,
  File "C:\Users\Dean\source\repos\Synapic.NET\build\_python\win-x64\python\Lib\subprocess.py", line 1538, in _execute_child
    hp, ht, pid, tid = _winapi.CreateProcess(executable, args,
                       ^^^^^^^^^^^^^^^^^^^^^^^^^^^^^^^^^^^^^^^
FileNotFoundError: [WinError 2] The system cannot find the file specified
142123 INFO: Executing: strip C:\Users\Dean\AppData\Local\pyinstaller\bincache10py31164bit\av.libs\libx264-165-f3a909470ddc2d85ed21eda3d0fb7954.dll
142125 WARNING: Failed to run strip on 'C:\\Users\\Dean\\AppData\\Local\\pyinstaller\\bincache10py31164bit\\av.libs\\libx264-165-f3a909470ddc2d85ed21eda3d0fb7954.dll'!
Traceback (most recent call last):
  File "C:\Users\Dean\source\repos\Synapic.NET\build\_python\win-x64\python\Lib\site-packages\PyInstaller\building\utils.py", line 250, in process_collected_binary
    p = subprocess.run(
        ^^^^^^^^^^^^^^^
  File "C:\Users\Dean\source\repos\Synapic.NET\build\_python\win-x64\python\Lib\subprocess.py", line 548, in run
    with Popen(*popenargs, **kwargs) as process:
         ^^^^^^^^^^^^^^^^^^^^^^^^^^^
  File "C:\Users\Dean\source\repos\Synapic.NET\build\_python\win-x64\python\Lib\subprocess.py", line 1026, in __init__
    self._execute_child(args, executable, preexec_fn, close_fds,
  File "C:\Users\Dean\source\repos\Synapic.NET\build\_python\win-x64\python\Lib\subprocess.py", line 1538, in _execute_child
    hp, ht, pid, tid = _winapi.CreateProcess(executable, args,
                       ^^^^^^^^^^^^^^^^^^^^^^^^^^^^^^^^^^^^^^^
FileNotFoundError: [WinError 2] The system cannot find the file specified
142134 INFO: Executing: strip C:\Users\Dean\AppData\Local\pyinstaller\bincache10py31164bit\av.libs\libvpl-969a52d626b0390fc34f6a4fb0b08d7e.dll
142136 WARNING: Failed to run strip on 'C:\\Users\\Dean\\AppData\\Local\\pyinstaller\\bincache10py31164bit\\av.libs\\libvpl-969a52d626b0390fc34f6a4fb0b08d7e.dll'!
Traceback (most recent call last):
  File "C:\Users\Dean\source\repos\Synapic.NET\build\_python\win-x64\python\Lib\site-packages\PyInstaller\building\utils.py", line 250, in process_collected_binary
    p = subprocess.run(
        ^^^^^^^^^^^^^^^
  File "C:\Users\Dean\source\repos\Synapic.NET\build\_python\win-x64\python\Lib\subprocess.py", line 548, in run
    with Popen(*popenargs, **kwargs) as process:
         ^^^^^^^^^^^^^^^^^^^^^^^^^^^
  File "C:\Users\Dean\source\repos\Synapic.NET\build\_python\win-x64\python\Lib\subprocess.py", line 1026, in __init__
    self._execute_child(args, executable, preexec_fn, close_fds,
  File "C:\Users\Dean\source\repos\Synapic.NET\build\_python\win-x64\python\Lib\subprocess.py", line 1538, in _execute_child
    hp, ht, pid, tid = _winapi.CreateProcess(executable, args,
                       ^^^^^^^^^^^^^^^^^^^^^^^^^^^^^^^^^^^^^^^
FileNotFoundError: [WinError 2] The system cannot find the file specified
142221 INFO: Executing: strip C:\Users\Dean\AppData\Local\pyinstaller\bincache10py31164bit\av.libs\avcodec-62-984de33114b7fa384296817dec999c9d.dll
142223 WARNING: Failed to run strip on 'C:\\Users\\Dean\\AppData\\Local\\pyinstaller\\bincache10py31164bit\\av.libs\\avcodec-62-984de33114b7fa384296817dec999c9d.dll'!
Traceback (most recent call last):
  File "C:\Users\Dean\source\repos\Synapic.NET\build\_python\win-x64\python\Lib\site-packages\PyInstaller\building\utils.py", line 250, in process_collected_binary
    p = subprocess.run(
        ^^^^^^^^^^^^^^^
  File "C:\Users\Dean\source\repos\Synapic.NET\build\_python\win-x64\python\Lib\subprocess.py", line 548, in run
    with Popen(*popenargs, **kwargs) as process:
         ^^^^^^^^^^^^^^^^^^^^^^^^^^^
  File "C:\Users\Dean\source\repos\Synapic.NET\build\_python\win-x64\python\Lib\subprocess.py", line 1026, in __init__
    self._execute_child(args, executable, preexec_fn, close_fds,
  File "C:\Users\Dean\source\repos\Synapic.NET\build\_python\win-x64\python\Lib\subprocess.py", line 1538, in _execute_child
    hp, ht, pid, tid = _winapi.CreateProcess(executable, args,
                       ^^^^^^^^^^^^^^^^^^^^^^^^^^^^^^^^^^^^^^^
FileNotFoundError: [WinError 2] The system cannot find the file specified
142226 INFO: Executing: strip C:\Users\Dean\AppData\Local\pyinstaller\bincache10py31164bit\av.libs\libgcc_s_seh-1-4c0a762e4178b574f72d1ef1f8bb5fc9.dll
142228 WARNING: Failed to run strip on 'C:\\Users\\Dean\\AppData\\Local\\pyinstaller\\bincache10py31164bit\\av.libs\\libgcc_s_seh-1-4c0a762e4178b574f72d1ef1f8bb5fc9.dll'!
Traceback (most recent call last):
  File "C:\Users\Dean\source\repos\Synapic.NET\build\_python\win-x64\python\Lib\site-packages\PyInstaller\building\utils.py", line 250, in process_collected_binary
    p = subprocess.run(
        ^^^^^^^^^^^^^^^
  File "C:\Users\Dean\source\repos\Synapic.NET\build\_python\win-x64\python\Lib\subprocess.py", line 548, in run
    with Popen(*popenargs, **kwargs) as process:
         ^^^^^^^^^^^^^^^^^^^^^^^^^^^
  File "C:\Users\Dean\source\repos\Synapic.NET\build\_python\win-x64\python\Lib\subprocess.py", line 1026, in __init__
    self._execute_child(args, executable, preexec_fn, close_fds,
  File "C:\Users\Dean\source\repos\Synapic.NET\build\_python\win-x64\python\Lib\subprocess.py", line 1538, in _execute_child
    hp, ht, pid, tid = _winapi.CreateProcess(executable, args,
                       ^^^^^^^^^^^^^^^^^^^^^^^^^^^^^^^^^^^^^^^
FileNotFoundError: [WinError 2] The system cannot find the file specified
142241 INFO: Executing: strip C:\Users\Dean\AppData\Local\pyinstaller\bincache10py31164bit\av.libs\libdav1d-959ebc1340f7dfcbcf8e299a26281738.dll
142242 WARNING: Failed to run strip on 'C:\\Users\\Dean\\AppData\\Local\\pyinstaller\\bincache10py31164bit\\av.libs\\libdav1d-959ebc1340f7dfcbcf8e299a26281738.dll'!
Traceback (most recent call last):
  File "C:\Users\Dean\source\repos\Synapic.NET\build\_python\win-x64\python\Lib\site-packages\PyInstaller\building\utils.py", line 250, in process_collected_binary
    p = subprocess.run(
        ^^^^^^^^^^^^^^^
  File "C:\Users\Dean\source\repos\Synapic.NET\build\_python\win-x64\python\Lib\subprocess.py", line 548, in run
    with Popen(*popenargs, **kwargs) as process:
         ^^^^^^^^^^^^^^^^^^^^^^^^^^^
  File "C:\Users\Dean\source\repos\Synapic.NET\build\_python\win-x64\python\Lib\subprocess.py", line 1026, in __init__
    self._execute_child(args, executable, preexec_fn, close_fds,
  File "C:\Users\Dean\source\repos\Synapic.NET\build\_python\win-x64\python\Lib\subprocess.py", line 1538, in _execute_child
    hp, ht, pid, tid = _winapi.CreateProcess(executable, args,
                       ^^^^^^^^^^^^^^^^^^^^^^^^^^^^^^^^^^^^^^^
FileNotFoundError: [WinError 2] The system cannot find the file specified
142258 INFO: Executing: strip C:\Users\Dean\AppData\Local\pyinstaller\bincache10py31164bit\av.libs\libstdc++-6-2d5c346d47ad531ef9f5185db0e8cef3.dll
142260 WARNING: Failed to run strip on 'C:\\Users\\Dean\\AppData\\Local\\pyinstaller\\bincache10py31164bit\\av.libs\\libstdc++-6-2d5c346d47ad531ef9f5185db0e8cef3.dll'!
Traceback (most recent call last):
  File "C:\Users\Dean\source\repos\Synapic.NET\build\_python\win-x64\python\Lib\site-packages\PyInstaller\building\utils.py", line 250, in process_collected_binary
    p = subprocess.run(
        ^^^^^^^^^^^^^^^
  File "C:\Users\Dean\source\repos\Synapic.NET\build\_python\win-x64\python\Lib\subprocess.py", line 548, in run
    with Popen(*popenargs, **kwargs) as process:
         ^^^^^^^^^^^^^^^^^^^^^^^^^^^
  File "C:\Users\Dean\source\repos\Synapic.NET\build\_python\win-x64\python\Lib\subprocess.py", line 1026, in __init__
    self._execute_child(args, executable, preexec_fn, close_fds,
  File "C:\Users\Dean\source\repos\Synapic.NET\build\_python\win-x64\python\Lib\subprocess.py", line 1538, in _execute_child
    hp, ht, pid, tid = _winapi.CreateProcess(executable, args,
                       ^^^^^^^^^^^^^^^^^^^^^^^^^^^^^^^^^^^^^^^
FileNotFoundError: [WinError 2] The system cannot find the file specified
142280 INFO: Executing: strip C:\Users\Dean\AppData\Local\pyinstaller\bincache10py31164bit\av.libs\avformat-62-b6d6bb16ff0b7753371e2d0b285c9dc0.dll
142282 WARNING: Failed to run strip on 'C:\\Users\\Dean\\AppData\\Local\\pyinstaller\\bincache10py31164bit\\av.libs\\avformat-62-b6d6bb16ff0b7753371e2d0b285c9dc0.dll'!
Traceback (most recent call last):
  File "C:\Users\Dean\source\repos\Synapic.NET\build\_python\win-x64\python\Lib\site-packages\PyInstaller\building\utils.py", line 250, in process_collected_binary
    p = subprocess.run(
        ^^^^^^^^^^^^^^^
  File "C:\Users\Dean\source\repos\Synapic.NET\build\_python\win-x64\python\Lib\subprocess.py", line 548, in run
    with Popen(*popenargs, **kwargs) as process:
         ^^^^^^^^^^^^^^^^^^^^^^^^^^^
  File "C:\Users\Dean\source\repos\Synapic.NET\build\_python\win-x64\python\Lib\subprocess.py", line 1026, in __init__
    self._execute_child(args, executable, preexec_fn, close_fds,
  File "C:\Users\Dean\source\repos\Synapic.NET\build\_python\win-x64\python\Lib\subprocess.py", line 1538, in _execute_child
    hp, ht, pid, tid = _winapi.CreateProcess(executable, args,
                       ^^^^^^^^^^^^^^^^^^^^^^^^^^^^^^^^^^^^^^^
FileNotFoundError: [WinError 2] The system cannot find the file specified
142331 INFO: Executing: strip C:\Users\Dean\AppData\Local\pyinstaller\bincache10py31164bit\av.libs\libSvtAv1Enc-c4dd99c98ddcdb013e820dbd68a30e26.dll
142333 WARNING: Failed to run strip on 'C:\\Users\\Dean\\AppData\\Local\\pyinstaller\\bincache10py31164bit\\av.libs\\libSvtAv1Enc-c4dd99c98ddcdb013e820dbd68a30e26.dll'!
Traceback (most recent call last):
  File "C:\Users\Dean\source\repos\Synapic.NET\build\_python\win-x64\python\Lib\site-packages\PyInstaller\building\utils.py", line 250, in process_collected_binary
    p = subprocess.run(
        ^^^^^^^^^^^^^^^
  File "C:\Users\Dean\source\repos\Synapic.NET\build\_python\win-x64\python\Lib\subprocess.py", line 548, in run
    with Popen(*popenargs, **kwargs) as process:
         ^^^^^^^^^^^^^^^^^^^^^^^^^^^
  File "C:\Users\Dean\source\repos\Synapic.NET\build\_python\win-x64\python\Lib\subprocess.py", line 1026, in __init__
    self._execute_child(args, executable, preexec_fn, close_fds,
  File "C:\Users\Dean\source\repos\Synapic.NET\build\_python\win-x64\python\Lib\subprocess.py", line 1538, in _execute_child
    hp, ht, pid, tid = _winapi.CreateProcess(executable, args,
                       ^^^^^^^^^^^^^^^^^^^^^^^^^^^^^^^^^^^^^^^
FileNotFoundError: [WinError 2] The system cannot find the file specified
142340 INFO: Executing: strip C:\Users\Dean\AppData\Local\pyinstaller\bincache10py31164bit\av.libs\libopencore-amrnb-0-b8933128305cd084d40426d0d2c0d9ef.dll
142342 WARNING: Failed to run strip on 'C:\\Users\\Dean\\AppData\\Local\\pyinstaller\\bincache10py31164bit\\av.libs\\libopencore-amrnb-0-b8933128305cd084d40426d0d2c0d9ef.dll'!
Traceback (most recent call last):
  File "C:\Users\Dean\source\repos\Synapic.NET\build\_python\win-x64\python\Lib\site-packages\PyInstaller\building\utils.py", line 250, in process_collected_binary
    p = subprocess.run(
        ^^^^^^^^^^^^^^^
  File "C:\Users\Dean\source\repos\Synapic.NET\build\_python\win-x64\python\Lib\subprocess.py", line 548, in run
    with Popen(*popenargs, **kwargs) as process:
         ^^^^^^^^^^^^^^^^^^^^^^^^^^^
  File "C:\Users\Dean\source\repos\Synapic.NET\build\_python\win-x64\python\Lib\subprocess.py", line 1026, in __init__
    self._execute_child(args, executable, preexec_fn, close_fds,
  File "C:\Users\Dean\source\repos\Synapic.NET\build\_python\win-x64\python\Lib\subprocess.py", line 1538, in _execute_child
    hp, ht, pid, tid = _winapi.CreateProcess(executable, args,
                       ^^^^^^^^^^^^^^^^^^^^^^^^^^^^^^^^^^^^^^^
FileNotFoundError: [WinError 2] The system cannot find the file specified
142348 INFO: Executing: strip C:\Users\Dean\AppData\Local\pyinstaller\bincache10py31164bit\av.libs\libsharpyuv-8b869e30854bf3db317a2a93d0782c3d.dll
142349 WARNING: Failed to run strip on 'C:\\Users\\Dean\\AppData\\Local\\pyinstaller\\bincache10py31164bit\\av.libs\\libsharpyuv-8b869e30854bf3db317a2a93d0782c3d.dll'!
Traceback (most recent call last):
  File "C:\Users\Dean\source\repos\Synapic.NET\build\_python\win-x64\python\Lib\site-packages\PyInstaller\building\utils.py", line 250, in process_collected_binary
    p = subprocess.run(
        ^^^^^^^^^^^^^^^
  File "C:\Users\Dean\source\repos\Synapic.NET\build\_python\win-x64\python\Lib\subprocess.py", line 548, in run
    with Popen(*popenargs, **kwargs) as process:
         ^^^^^^^^^^^^^^^^^^^^^^^^^^^
  File "C:\Users\Dean\source\repos\Synapic.NET\build\_python\win-x64\python\Lib\subprocess.py", line 1026, in __init__
    self._execute_child(args, executable, preexec_fn, close_fds,
  File "C:\Users\Dean\source\repos\Synapic.NET\build\_python\win-x64\python\Lib\subprocess.py", line 1538, in _execute_child
    hp, ht, pid, tid = _winapi.CreateProcess(executable, args,
                       ^^^^^^^^^^^^^^^^^^^^^^^^^^^^^^^^^^^^^^^
FileNotFoundError: [WinError 2] The system cannot find the file specified
142358 INFO: Executing: strip C:\Users\Dean\AppData\Local\pyinstaller\bincache10py31164bit\av.libs\avdevice-62-bf7a3ffbb6a4b577f24a39ea98a958d5.dll
142360 WARNING: Failed to run strip on 'C:\\Users\\Dean\\AppData\\Local\\pyinstaller\\bincache10py31164bit\\av.libs\\avdevice-62-bf7a3ffbb6a4b577f24a39ea98a958d5.dll'!
Traceback (most recent call last):
  File "C:\Users\Dean\source\repos\Synapic.NET\build\_python\win-x64\python\Lib\site-packages\PyInstaller\building\utils.py", line 250, in process_collected_binary
    p = subprocess.run(
        ^^^^^^^^^^^^^^^
  File "C:\Users\Dean\source\repos\Synapic.NET\build\_python\win-x64\python\Lib\subprocess.py", line 548, in run
    with Popen(*popenargs, **kwargs) as process:
         ^^^^^^^^^^^^^^^^^^^^^^^^^^^
  File "C:\Users\Dean\source\repos\Synapic.NET\build\_python\win-x64\python\Lib\subprocess.py", line 1026, in __init__
    self._execute_child(args, executable, preexec_fn, close_fds,
  File "C:\Users\Dean\source\repos\Synapic.NET\build\_python\win-x64\python\Lib\subprocess.py", line 1538, in _execute_child
    hp, ht, pid, tid = _winapi.CreateProcess(executable, args,
                       ^^^^^^^^^^^^^^^^^^^^^^^^^^^^^^^^^^^^^^^
FileNotFoundError: [WinError 2] The system cannot find the file specified
142366 INFO: Executing: strip C:\Users\Dean\AppData\Local\pyinstaller\bincache10py31164bit\av.libs\libwebpmux-9cf6581f8709616d9591befbb1a2264b.dll
142368 WARNING: Failed to run strip on 'C:\\Users\\Dean\\AppData\\Local\\pyinstaller\\bincache10py31164bit\\av.libs\\libwebpmux-9cf6581f8709616d9591befbb1a2264b.dll'!
Traceback (most recent call last):
  File "C:\Users\Dean\source\repos\Synapic.NET\build\_python\win-x64\python\Lib\site-packages\PyInstaller\building\utils.py", line 250, in process_collected_binary
    p = subprocess.run(
        ^^^^^^^^^^^^^^^
  File "C:\Users\Dean\source\repos\Synapic.NET\build\_python\win-x64\python\Lib\subprocess.py", line 548, in run
    with Popen(*popenargs, **kwargs) as process:
         ^^^^^^^^^^^^^^^^^^^^^^^^^^^
  File "C:\Users\Dean\source\repos\Synapic.NET\build\_python\win-x64\python\Lib\subprocess.py", line 1026, in __init__
    self._execute_child(args, executable, preexec_fn, close_fds,
  File "C:\Users\Dean\source\repos\Synapic.NET\build\_python\win-x64\python\Lib\subprocess.py", line 1538, in _execute_child
    hp, ht, pid, tid = _winapi.CreateProcess(executable, args,
                       ^^^^^^^^^^^^^^^^^^^^^^^^^^^^^^^^^^^^^^^
FileNotFoundError: [WinError 2] The system cannot find the file specified
142399 INFO: Executing: strip C:\Users\Dean\AppData\Local\pyinstaller\bincache10py31164bit\av.libs\avfilter-11-aef80fc767dc77e0319469b5bdcdf998.dll
142401 WARNING: Failed to run strip on 'C:\\Users\\Dean\\AppData\\Local\\pyinstaller\\bincache10py31164bit\\av.libs\\avfilter-11-aef80fc767dc77e0319469b5bdcdf998.dll'!
Traceback (most recent call last):
  File "C:\Users\Dean\source\repos\Synapic.NET\build\_python\win-x64\python\Lib\site-packages\PyInstaller\building\utils.py", line 250, in process_collected_binary
    p = subprocess.run(
        ^^^^^^^^^^^^^^^
  File "C:\Users\Dean\source\repos\Synapic.NET\build\_python\win-x64\python\Lib\subprocess.py", line 548, in run
    with Popen(*popenargs, **kwargs) as process:
         ^^^^^^^^^^^^^^^^^^^^^^^^^^^
  File "C:\Users\Dean\source\repos\Synapic.NET\build\_python\win-x64\python\Lib\subprocess.py", line 1026, in __init__
    self._execute_child(args, executable, preexec_fn, close_fds,
  File "C:\Users\Dean\source\repos\Synapic.NET\build\_python\win-x64\python\Lib\subprocess.py", line 1538, in _execute_child
    hp, ht, pid, tid = _winapi.CreateProcess(executable, args,
                       ^^^^^^^^^^^^^^^^^^^^^^^^^^^^^^^^^^^^^^^
FileNotFoundError: [WinError 2] The system cannot find the file specified
142409 INFO: Executing: strip C:\Users\Dean\AppData\Local\pyinstaller\bincache10py31164bit\av.libs\libopus-0-4369edc456631a3cc933d7918747e5d2.dll
142411 WARNING: Failed to run strip on 'C:\\Users\\Dean\\AppData\\Local\\pyinstaller\\bincache10py31164bit\\av.libs\\libopus-0-4369edc456631a3cc933d7918747e5d2.dll'!
Traceback (most recent call last):
  File "C:\Users\Dean\source\repos\Synapic.NET\build\_python\win-x64\python\Lib\site-packages\PyInstaller\building\utils.py", line 250, in process_collected_binary
    p = subprocess.run(
        ^^^^^^^^^^^^^^^
  File "C:\Users\Dean\source\repos\Synapic.NET\build\_python\win-x64\python\Lib\subprocess.py", line 548, in run
    with Popen(*popenargs, **kwargs) as process:
         ^^^^^^^^^^^^^^^^^^^^^^^^^^^
  File "C:\Users\Dean\source\repos\Synapic.NET\build\_python\win-x64\python\Lib\subprocess.py", line 1026, in __init__
    self._execute_child(args, executable, preexec_fn, close_fds,
  File "C:\Users\Dean\source\repos\Synapic.NET\build\_python\win-x64\python\Lib\subprocess.py", line 1538, in _execute_child
    hp, ht, pid, tid = _winapi.CreateProcess(executable, args,
                       ^^^^^^^^^^^^^^^^^^^^^^^^^^^^^^^^^^^^^^^
FileNotFoundError: [WinError 2] The system cannot find the file specified
142421 INFO: Executing: strip C:\Users\Dean\AppData\Local\pyinstaller\bincache10py31164bit\av.libs\libwebp-4bf4e57964c7a01c09ce39470d6b67ca.dll
142423 WARNING: Failed to run strip on 'C:\\Users\\Dean\\AppData\\Local\\pyinstaller\\bincache10py31164bit\\av.libs\\libwebp-4bf4e57964c7a01c09ce39470d6b67ca.dll'!
Traceback (most recent call last):
  File "C:\Users\Dean\source\repos\Synapic.NET\build\_python\win-x64\python\Lib\site-packages\PyInstaller\building\utils.py", line 250, in process_collected_binary
    p = subprocess.run(
        ^^^^^^^^^^^^^^^
  File "C:\Users\Dean\source\repos\Synapic.NET\build\_python\win-x64\python\Lib\subprocess.py", line 548, in run
    with Popen(*popenargs, **kwargs) as process:
         ^^^^^^^^^^^^^^^^^^^^^^^^^^^
  File "C:\Users\Dean\source\repos\Synapic.NET\build\_python\win-x64\python\Lib\subprocess.py", line 1026, in __init__
    self._execute_child(args, executable, preexec_fn, close_fds,
  File "C:\Users\Dean\source\repos\Synapic.NET\build\_python\win-x64\python\Lib\subprocess.py", line 1538, in _execute_child
    hp, ht, pid, tid = _winapi.CreateProcess(executable, args,
                       ^^^^^^^^^^^^^^^^^^^^^^^^^^^^^^^^^^^^^^^
FileNotFoundError: [WinError 2] The system cannot find the file specified
142483 INFO: Executing: strip C:\Users\Dean\AppData\Local\pyinstaller\bincache10py31164bit\av.libs\libx265-efe48a158520a59ef99c0a0b3eb835ae.dll
142485 WARNING: Failed to run strip on 'C:\\Users\\Dean\\AppData\\Local\\pyinstaller\\bincache10py31164bit\\av.libs\\libx265-efe48a158520a59ef99c0a0b3eb835ae.dll'!
Traceback (most recent call last):
  File "C:\Users\Dean\source\repos\Synapic.NET\build\_python\win-x64\python\Lib\site-packages\PyInstaller\building\utils.py", line 250, in process_collected_binary
    p = subprocess.run(
        ^^^^^^^^^^^^^^^
  File "C:\Users\Dean\source\repos\Synapic.NET\build\_python\win-x64\python\Lib\subprocess.py", line 548, in run
    with Popen(*popenargs, **kwargs) as process:
         ^^^^^^^^^^^^^^^^^^^^^^^^^^^
  File "C:\Users\Dean\source\repos\Synapic.NET\build\_python\win-x64\python\Lib\subprocess.py", line 1026, in __init__
    self._execute_child(args, executable, preexec_fn, close_fds,
  File "C:\Users\Dean\source\repos\Synapic.NET\build\_python\win-x64\python\Lib\subprocess.py", line 1538, in _execute_child
    hp, ht, pid, tid = _winapi.CreateProcess(executable, args,
                       ^^^^^^^^^^^^^^^^^^^^^^^^^^^^^^^^^^^^^^^
FileNotFoundError: [WinError 2] The system cannot find the file specified
142492 INFO: Executing: strip C:\Users\Dean\AppData\Local\pyinstaller\bincache10py31164bit\av.libs\swresample-6-0158536d5c4197d7d623445553ce9472.dll
142494 WARNING: Failed to run strip on 'C:\\Users\\Dean\\AppData\\Local\\pyinstaller\\bincache10py31164bit\\av.libs\\swresample-6-0158536d5c4197d7d623445553ce9472.dll'!
Traceback (most recent call last):
  File "C:\Users\Dean\source\repos\Synapic.NET\build\_python\win-x64\python\Lib\site-packages\PyInstaller\building\utils.py", line 250, in process_collected_binary
    p = subprocess.run(
        ^^^^^^^^^^^^^^^
  File "C:\Users\Dean\source\repos\Synapic.NET\build\_python\win-x64\python\Lib\subprocess.py", line 548, in run
    with Popen(*popenargs, **kwargs) as process:
         ^^^^^^^^^^^^^^^^^^^^^^^^^^^
  File "C:\Users\Dean\source\repos\Synapic.NET\build\_python\win-x64\python\Lib\subprocess.py", line 1026, in __init__
    self._execute_child(args, executable, preexec_fn, close_fds,
  File "C:\Users\Dean\source\repos\Synapic.NET\build\_python\win-x64\python\Lib\subprocess.py", line 1538, in _execute_child
    hp, ht, pid, tid = _winapi.CreateProcess(executable, args,
                       ^^^^^^^^^^^^^^^^^^^^^^^^^^^^^^^^^^^^^^^
FileNotFoundError: [WinError 2] The system cannot find the file specified
142498 INFO: Executing: strip C:\Users\Dean\AppData\Local\pyinstaller\bincache10py31164bit\av.libs\libwinpthread-1-02332fab016bf884a2a7a7b2ece22ffe.dll
142500 WARNING: Failed to run strip on 'C:\\Users\\Dean\\AppData\\Local\\pyinstaller\\bincache10py31164bit\\av.libs\\libwinpthread-1-02332fab016bf884a2a7a7b2ece22ffe.dll'!
Traceback (most recent call last):
  File "C:\Users\Dean\source\repos\Synapic.NET\build\_python\win-x64\python\Lib\site-packages\PyInstaller\building\utils.py", line 250, in process_collected_binary
    p = subprocess.run(
        ^^^^^^^^^^^^^^^
  File "C:\Users\Dean\source\repos\Synapic.NET\build\_python\win-x64\python\Lib\subprocess.py", line 548, in run
    with Popen(*popenargs, **kwargs) as process:
         ^^^^^^^^^^^^^^^^^^^^^^^^^^^
  File "C:\Users\Dean\source\repos\Synapic.NET\build\_python\win-x64\python\Lib\subprocess.py", line 1026, in __init__
    self._execute_child(args, executable, preexec_fn, close_fds,
  File "C:\Users\Dean\source\repos\Synapic.NET\build\_python\win-x64\python\Lib\subprocess.py", line 1538, in _execute_child
    hp, ht, pid, tid = _winapi.CreateProcess(executable, args,
                       ^^^^^^^^^^^^^^^^^^^^^^^^^^^^^^^^^^^^^^^
FileNotFoundError: [WinError 2] The system cannot find the file specified
142514 INFO: Executing: strip C:\Users\Dean\AppData\Local\pyinstaller\bincache10py31164bit\av.libs\libvpx-1-d869f8b2cb42d58b35545ffbfb0f7509.dll
142516 WARNING: Failed to run strip on 'C:\\Users\\Dean\\AppData\\Local\\pyinstaller\\bincache10py31164bit\\av.libs\\libvpx-1-d869f8b2cb42d58b35545ffbfb0f7509.dll'!
Traceback (most recent call last):
  File "C:\Users\Dean\source\repos\Synapic.NET\build\_python\win-x64\python\Lib\site-packages\PyInstaller\building\utils.py", line 250, in process_collected_binary
    p = subprocess.run(
        ^^^^^^^^^^^^^^^
  File "C:\Users\Dean\source\repos\Synapic.NET\build\_python\win-x64\python\Lib\subprocess.py", line 548, in run
    with Popen(*popenargs, **kwargs) as process:
         ^^^^^^^^^^^^^^^^^^^^^^^^^^^
  File "C:\Users\Dean\source\repos\Synapic.NET\build\_python\win-x64\python\Lib\subprocess.py", line 1026, in __init__
    self._execute_child(args, executable, preexec_fn, close_fds,
  File "C:\Users\Dean\source\repos\Synapic.NET\build\_python\win-x64\python\Lib\subprocess.py", line 1538, in _execute_child
    hp, ht, pid, tid = _winapi.CreateProcess(executable, args,
                       ^^^^^^^^^^^^^^^^^^^^^^^^^^^^^^^^^^^^^^^
FileNotFoundError: [WinError 2] The system cannot find the file specified
142527 INFO: Executing: strip C:\Users\Dean\AppData\Local\pyinstaller\bincache10py31164bit\av.libs\avutil-60-cc1777f859dcfd98b8019bdf459e774e.dll
142529 WARNING: Failed to run strip on 'C:\\Users\\Dean\\AppData\\Local\\pyinstaller\\bincache10py31164bit\\av.libs\\avutil-60-cc1777f859dcfd98b8019bdf459e774e.dll'!
Traceback (most recent call last):
  File "C:\Users\Dean\source\repos\Synapic.NET\build\_python\win-x64\python\Lib\site-packages\PyInstaller\building\utils.py", line 250, in process_collected_binary
    p = subprocess.run(
        ^^^^^^^^^^^^^^^
  File "C:\Users\Dean\source\repos\Synapic.NET\build\_python\win-x64\python\Lib\subprocess.py", line 548, in run
    with Popen(*popenargs, **kwargs) as process:
         ^^^^^^^^^^^^^^^^^^^^^^^^^^^
  File "C:\Users\Dean\source\repos\Synapic.NET\build\_python\win-x64\python\Lib\subprocess.py", line 1026, in __init__
    self._execute_child(args, executable, preexec_fn, close_fds,
  File "C:\Users\Dean\source\repos\Synapic.NET\build\_python\win-x64\python\Lib\subprocess.py", line 1538, in _execute_child
    hp, ht, pid, tid = _winapi.CreateProcess(executable, args,
                       ^^^^^^^^^^^^^^^^^^^^^^^^^^^^^^^^^^^^^^^
FileNotFoundError: [WinError 2] The system cannot find the file specified
142547 INFO: Executing: strip C:\Users\Dean\AppData\Local\pyinstaller\bincache10py31164bit\av.libs\libiconv-2-6ce5f4ff92ada49d6f23a8e413455502.dll
142549 WARNING: Failed to run strip on 'C:\\Users\\Dean\\AppData\\Local\\pyinstaller\\bincache10py31164bit\\av.libs\\libiconv-2-6ce5f4ff92ada49d6f23a8e413455502.dll'!
Traceback (most recent call last):
  File "C:\Users\Dean\source\repos\Synapic.NET\build\_python\win-x64\python\Lib\site-packages\PyInstaller\building\utils.py", line 250, in process_collected_binary
    p = subprocess.run(
        ^^^^^^^^^^^^^^^
  File "C:\Users\Dean\source\repos\Synapic.NET\build\_python\win-x64\python\Lib\subprocess.py", line 548, in run
    with Popen(*popenargs, **kwargs) as process:
         ^^^^^^^^^^^^^^^^^^^^^^^^^^^
  File "C:\Users\Dean\source\repos\Synapic.NET\build\_python\win-x64\python\Lib\subprocess.py", line 1026, in __init__
    self._execute_child(args, executable, preexec_fn, close_fds,
  File "C:\Users\Dean\source\repos\Synapic.NET\build\_python\win-x64\python\Lib\subprocess.py", line 1538, in _execute_child
    hp, ht, pid, tid = _winapi.CreateProcess(executable, args,
                       ^^^^^^^^^^^^^^^^^^^^^^^^^^^^^^^^^^^^^^^
FileNotFoundError: [WinError 2] The system cannot find the file specified
143761 INFO: Executing: strip C:\Users\Dean\AppData\Local\pyinstaller\bincache10py31164bit\torch\lib\torch_cpu.dll
143764 WARNING: Failed to run strip on 'C:\\Users\\Dean\\AppData\\Local\\pyinstaller\\bincache10py31164bit\\torch\\lib\\torch_cpu.dll'!
Traceback (most recent call last):
  File "C:\Users\Dean\source\repos\Synapic.NET\build\_python\win-x64\python\Lib\site-packages\PyInstaller\building\utils.py", line 250, in process_collected_binary
    p = subprocess.run(
        ^^^^^^^^^^^^^^^
  File "C:\Users\Dean\source\repos\Synapic.NET\build\_python\win-x64\python\Lib\subprocess.py", line 548, in run
    with Popen(*popenargs, **kwargs) as process:
         ^^^^^^^^^^^^^^^^^^^^^^^^^^^
  File "C:\Users\Dean\source\repos\Synapic.NET\build\_python\win-x64\python\Lib\subprocess.py", line 1026, in __init__
    self._execute_child(args, executable, preexec_fn, close_fds,
  File "C:\Users\Dean\source\repos\Synapic.NET\build\_python\win-x64\python\Lib\subprocess.py", line 1538, in _execute_child
    hp, ht, pid, tid = _winapi.CreateProcess(executable, args,
                       ^^^^^^^^^^^^^^^^^^^^^^^^^^^^^^^^^^^^^^^
FileNotFoundError: [WinError 2] The system cannot find the file specified
143770 INFO: Executing: strip C:\Users\Dean\AppData\Local\pyinstaller\bincache10py31164bit\torch\lib\uv.dll
143771 WARNING: Failed to run strip on 'C:\\Users\\Dean\\AppData\\Local\\pyinstaller\\bincache10py31164bit\\torch\\lib\\uv.dll'!
Traceback (most recent call last):
  File "C:\Users\Dean\source\repos\Synapic.NET\build\_python\win-x64\python\Lib\site-packages\PyInstaller\building\utils.py", line 250, in process_collected_binary
    p = subprocess.run(
        ^^^^^^^^^^^^^^^
  File "C:\Users\Dean\source\repos\Synapic.NET\build\_python\win-x64\python\Lib\subprocess.py", line 548, in run
    with Popen(*popenargs, **kwargs) as process:
         ^^^^^^^^^^^^^^^^^^^^^^^^^^^
  File "C:\Users\Dean\source\repos\Synapic.NET\build\_python\win-x64\python\Lib\subprocess.py", line 1026, in __init__
    self._execute_child(args, executable, preexec_fn, close_fds,
  File "C:\Users\Dean\source\repos\Synapic.NET\build\_python\win-x64\python\Lib\subprocess.py", line 1538, in _execute_child
    hp, ht, pid, tid = _winapi.CreateProcess(executable, args,
                       ^^^^^^^^^^^^^^^^^^^^^^^^^^^^^^^^^^^^^^^
FileNotFoundError: [WinError 2] The system cannot find the file specified
143774 INFO: Executing: strip C:\Users\Dean\AppData\Local\pyinstaller\bincache10py31164bit\torch\lib\torch.dll
143776 WARNING: Failed to run strip on 'C:\\Users\\Dean\\AppData\\Local\\pyinstaller\\bincache10py31164bit\\torch\\lib\\torch.dll'!
Traceback (most recent call last):
  File "C:\Users\Dean\source\repos\Synapic.NET\build\_python\win-x64\python\Lib\site-packages\PyInstaller\building\utils.py", line 250, in process_collected_binary
    p = subprocess.run(
        ^^^^^^^^^^^^^^^
  File "C:\Users\Dean\source\repos\Synapic.NET\build\_python\win-x64\python\Lib\subprocess.py", line 548, in run
    with Popen(*popenargs, **kwargs) as process:
         ^^^^^^^^^^^^^^^^^^^^^^^^^^^
  File "C:\Users\Dean\source\repos\Synapic.NET\build\_python\win-x64\python\Lib\subprocess.py", line 1026, in __init__
    self._execute_child(args, executable, preexec_fn, close_fds,
  File "C:\Users\Dean\source\repos\Synapic.NET\build\_python\win-x64\python\Lib\subprocess.py", line 1538, in _execute_child
    hp, ht, pid, tid = _winapi.CreateProcess(executable, args,
                       ^^^^^^^^^^^^^^^^^^^^^^^^^^^^^^^^^^^^^^^
FileNotFoundError: [WinError 2] The system cannot find the file specified
143796 INFO: Executing: strip C:\Users\Dean\AppData\Local\pyinstaller\bincache10py31164bit\torch\bin\protoc.exe
143798 WARNING: Failed to run strip on 'C:\\Users\\Dean\\AppData\\Local\\pyinstaller\\bincache10py31164bit\\torch\\bin\\protoc.exe'!
Traceback (most recent call last):
  File "C:\Users\Dean\source\repos\Synapic.NET\build\_python\win-x64\python\Lib\site-packages\PyInstaller\building\utils.py", line 250, in process_collected_binary
    p = subprocess.run(
        ^^^^^^^^^^^^^^^
  File "C:\Users\Dean\source\repos\Synapic.NET\build\_python\win-x64\python\Lib\subprocess.py", line 548, in run
    with Popen(*popenargs, **kwargs) as process:
         ^^^^^^^^^^^^^^^^^^^^^^^^^^^
  File "C:\Users\Dean\source\repos\Synapic.NET\build\_python\win-x64\python\Lib\subprocess.py", line 1026, in __init__
    self._execute_child(args, executable, preexec_fn, close_fds,
  File "C:\Users\Dean\source\repos\Synapic.NET\build\_python\win-x64\python\Lib\subprocess.py", line 1538, in _execute_child
    hp, ht, pid, tid = _winapi.CreateProcess(executable, args,
                       ^^^^^^^^^^^^^^^^^^^^^^^^^^^^^^^^^^^^^^^
FileNotFoundError: [WinError 2] The system cannot find the file specified
143805 INFO: Executing: strip C:\Users\Dean\AppData\Local\pyinstaller\bincache10py31164bit\torch\lib\shm.dll
143810 WARNING: Failed to run strip on 'C:\\Users\\Dean\\AppData\\Local\\pyinstaller\\bincache10py31164bit\\torch\\lib\\shm.dll'!
Traceback (most recent call last):
  File "C:\Users\Dean\source\repos\Synapic.NET\build\_python\win-x64\python\Lib\site-packages\PyInstaller\building\utils.py", line 250, in process_collected_binary
    p = subprocess.run(
        ^^^^^^^^^^^^^^^
  File "C:\Users\Dean\source\repos\Synapic.NET\build\_python\win-x64\python\Lib\subprocess.py", line 548, in run
    with Popen(*popenargs, **kwargs) as process:
         ^^^^^^^^^^^^^^^^^^^^^^^^^^^
  File "C:\Users\Dean\source\repos\Synapic.NET\build\_python\win-x64\python\Lib\subprocess.py", line 1026, in __init__
    self._execute_child(args, executable, preexec_fn, close_fds,
  File "C:\Users\Dean\source\repos\Synapic.NET\build\_python\win-x64\python\Lib\subprocess.py", line 1538, in _execute_child
    hp, ht, pid, tid = _winapi.CreateProcess(executable, args,
                       ^^^^^^^^^^^^^^^^^^^^^^^^^^^^^^^^^^^^^^^
FileNotFoundError: [WinError 2] The system cannot find the file specified
143818 INFO: Executing: strip C:\Users\Dean\AppData\Local\pyinstaller\bincache10py31164bit\torch\lib\torch_global_deps.dll
143819 WARNING: Failed to run strip on 'C:\\Users\\Dean\\AppData\\Local\\pyinstaller\\bincache10py31164bit\\torch\\lib\\torch_global_deps.dll'!
Traceback (most recent call last):
  File "C:\Users\Dean\source\repos\Synapic.NET\build\_python\win-x64\python\Lib\site-packages\PyInstaller\building\utils.py", line 250, in process_collected_binary
    p = subprocess.run(
        ^^^^^^^^^^^^^^^
  File "C:\Users\Dean\source\repos\Synapic.NET\build\_python\win-x64\python\Lib\subprocess.py", line 548, in run
    with Popen(*popenargs, **kwargs) as process:
         ^^^^^^^^^^^^^^^^^^^^^^^^^^^
  File "C:\Users\Dean\source\repos\Synapic.NET\build\_python\win-x64\python\Lib\subprocess.py", line 1026, in __init__
    self._execute_child(args, executable, preexec_fn, close_fds,
  File "C:\Users\Dean\source\repos\Synapic.NET\build\_python\win-x64\python\Lib\subprocess.py", line 1538, in _execute_child
    hp, ht, pid, tid = _winapi.CreateProcess(executable, args,
                       ^^^^^^^^^^^^^^^^^^^^^^^^^^^^^^^^^^^^^^^
FileNotFoundError: [WinError 2] The system cannot find the file specified
143898 INFO: Executing: strip C:\Users\Dean\AppData\Local\pyinstaller\bincache10py31164bit\torch\lib\torch_python.dll
143922 WARNING: Failed to run strip on 'C:\\Users\\Dean\\AppData\\Local\\pyinstaller\\bincache10py31164bit\\torch\\lib\\torch_python.dll'!
Traceback (most recent call last):
  File "C:\Users\Dean\source\repos\Synapic.NET\build\_python\win-x64\python\Lib\site-packages\PyInstaller\building\utils.py", line 250, in process_collected_binary
    p = subprocess.run(
        ^^^^^^^^^^^^^^^
  File "C:\Users\Dean\source\repos\Synapic.NET\build\_python\win-x64\python\Lib\subprocess.py", line 548, in run
    with Popen(*popenargs, **kwargs) as process:
         ^^^^^^^^^^^^^^^^^^^^^^^^^^^
  File "C:\Users\Dean\source\repos\Synapic.NET\build\_python\win-x64\python\Lib\subprocess.py", line 1026, in __init__
    self._execute_child(args, executable, preexec_fn, close_fds,
  File "C:\Users\Dean\source\repos\Synapic.NET\build\_python\win-x64\python\Lib\subprocess.py", line 1538, in _execute_child
    hp, ht, pid, tid = _winapi.CreateProcess(executable, args,
                       ^^^^^^^^^^^^^^^^^^^^^^^^^^^^^^^^^^^^^^^
FileNotFoundError: [WinError 2] The system cannot find the file specified
143942 INFO: Executing: strip C:\Users\Dean\AppData\Local\pyinstaller\bincache10py31164bit\torch\lib\libiompstubs5md.dll
143974 WARNING: Failed to run strip on 'C:\\Users\\Dean\\AppData\\Local\\pyinstaller\\bincache10py31164bit\\torch\\lib\\libiompstubs5md.dll'!
Traceback (most recent call last):
  File "C:\Users\Dean\source\repos\Synapic.NET\build\_python\win-x64\python\Lib\site-packages\PyInstaller\building\utils.py", line 250, in process_collected_binary
    p = subprocess.run(
        ^^^^^^^^^^^^^^^
  File "C:\Users\Dean\source\repos\Synapic.NET\build\_python\win-x64\python\Lib\subprocess.py", line 548, in run
    with Popen(*popenargs, **kwargs) as process:
         ^^^^^^^^^^^^^^^^^^^^^^^^^^^
  File "C:\Users\Dean\source\repos\Synapic.NET\build\_python\win-x64\python\Lib\subprocess.py", line 1026, in __init__
    self._execute_child(args, executable, preexec_fn, close_fds,
  File "C:\Users\Dean\source\repos\Synapic.NET\build\_python\win-x64\python\Lib\subprocess.py", line 1538, in _execute_child
    hp, ht, pid, tid = _winapi.CreateProcess(executable, args,
                       ^^^^^^^^^^^^^^^^^^^^^^^^^^^^^^^^^^^^^^^
FileNotFoundError: [WinError 2] The system cannot find the file specified
144059 INFO: Executing: strip C:\Users\Dean\AppData\Local\pyinstaller\bincache10py31164bit\torch\lib\c10.dll
144073 WARNING: Failed to run strip on 'C:\\Users\\Dean\\AppData\\Local\\pyinstaller\\bincache10py31164bit\\torch\\lib\\c10.dll'!
Traceback (most recent call last):
  File "C:\Users\Dean\source\repos\Synapic.NET\build\_python\win-x64\python\Lib\site-packages\PyInstaller\building\utils.py", line 250, in process_collected_binary
    p = subprocess.run(
        ^^^^^^^^^^^^^^^
  File "C:\Users\Dean\source\repos\Synapic.NET\build\_python\win-x64\python\Lib\subprocess.py", line 548, in run
    with Popen(*popenargs, **kwargs) as process:
         ^^^^^^^^^^^^^^^^^^^^^^^^^^^
  File "C:\Users\Dean\source\repos\Synapic.NET\build\_python\win-x64\python\Lib\subprocess.py", line 1026, in __init__
    self._execute_child(args, executable, preexec_fn, close_fds,
  File "C:\Users\Dean\source\repos\Synapic.NET\build\_python\win-x64\python\Lib\subprocess.py", line 1538, in _execute_child
    hp, ht, pid, tid = _winapi.CreateProcess(executable, args,
                       ^^^^^^^^^^^^^^^^^^^^^^^^^^^^^^^^^^^^^^^
FileNotFoundError: [WinError 2] The system cannot find the file specified
144109 INFO: Executing: strip C:\Users\Dean\AppData\Local\pyinstaller\bincache10py31164bit\torch\lib\libiomp5md.dll
144113 WARNING: Failed to run strip on 'C:\\Users\\Dean\\AppData\\Local\\pyinstaller\\bincache10py31164bit\\torch\\lib\\libiomp5md.dll'!
Traceback (most recent call last):
  File "C:\Users\Dean\source\repos\Synapic.NET\build\_python\win-x64\python\Lib\site-packages\PyInstaller\building\utils.py", line 250, in process_collected_binary
    p = subprocess.run(
        ^^^^^^^^^^^^^^^
  File "C:\Users\Dean\source\repos\Synapic.NET\build\_python\win-x64\python\Lib\subprocess.py", line 548, in run
    with Popen(*popenargs, **kwargs) as process:
         ^^^^^^^^^^^^^^^^^^^^^^^^^^^
  File "C:\Users\Dean\source\repos\Synapic.NET\build\_python\win-x64\python\Lib\subprocess.py", line 1026, in __init__
    self._execute_child(args, executable, preexec_fn, close_fds,
  File "C:\Users\Dean\source\repos\Synapic.NET\build\_python\win-x64\python\Lib\subprocess.py", line 1538, in _execute_child
    hp, ht, pid, tid = _winapi.CreateProcess(executable, args,
                       ^^^^^^^^^^^^^^^^^^^^^^^^^^^^^^^^^^^^^^^
FileNotFoundError: [WinError 2] The system cannot find the file specified
144153 INFO: Executing: strip C:\Users\Dean\AppData\Local\pyinstaller\bincache10py31164bit\python311.dll
144155 WARNING: Failed to run strip on 'C:\\Users\\Dean\\AppData\\Local\\pyinstaller\\bincache10py31164bit\\python311.dll'!
Traceback (most recent call last):
  File "C:\Users\Dean\source\repos\Synapic.NET\build\_python\win-x64\python\Lib\site-packages\PyInstaller\building\utils.py", line 250, in process_collected_binary
    p = subprocess.run(
        ^^^^^^^^^^^^^^^
  File "C:\Users\Dean\source\repos\Synapic.NET\build\_python\win-x64\python\Lib\subprocess.py", line 548, in run
    with Popen(*popenargs, **kwargs) as process:
         ^^^^^^^^^^^^^^^^^^^^^^^^^^^
  File "C:\Users\Dean\source\repos\Synapic.NET\build\_python\win-x64\python\Lib\subprocess.py", line 1026, in __init__
    self._execute_child(args, executable, preexec_fn, close_fds,
  File "C:\Users\Dean\source\repos\Synapic.NET\build\_python\win-x64\python\Lib\subprocess.py", line 1538, in _execute_child
    hp, ht, pid, tid = _winapi.CreateProcess(executable, args,
                       ^^^^^^^^^^^^^^^^^^^^^^^^^^^^^^^^^^^^^^^
FileNotFoundError: [WinError 2] The system cannot find the file specified
144243 INFO: Executing: strip C:\Users\Dean\AppData\Local\pyinstaller\bincache10py31164bit\numpy.libs\libscipy_openblas64_-63c857e738469261263c764a36be9436.dll
144246 WARNING: Failed to run strip on 'C:\\Users\\Dean\\AppData\\Local\\pyinstaller\\bincache10py31164bit\\numpy.libs\\libscipy_openblas64_-63c857e738469261263c764a36be9436.dll'!
Traceback (most recent call last):
  File "C:\Users\Dean\source\repos\Synapic.NET\build\_python\win-x64\python\Lib\site-packages\PyInstaller\building\utils.py", line 250, in process_collected_binary
    p = subprocess.run(
        ^^^^^^^^^^^^^^^
  File "C:\Users\Dean\source\repos\Synapic.NET\build\_python\win-x64\python\Lib\subprocess.py", line 548, in run
    with Popen(*popenargs, **kwargs) as process:
         ^^^^^^^^^^^^^^^^^^^^^^^^^^^
  File "C:\Users\Dean\source\repos\Synapic.NET\build\_python\win-x64\python\Lib\subprocess.py", line 1026, in __init__
    self._execute_child(args, executable, preexec_fn, close_fds,
  File "C:\Users\Dean\source\repos\Synapic.NET\build\_python\win-x64\python\Lib\subprocess.py", line 1538, in _execute_child
    hp, ht, pid, tid = _winapi.CreateProcess(executable, args,
                       ^^^^^^^^^^^^^^^^^^^^^^^^^^^^^^^^^^^^^^^
FileNotFoundError: [WinError 2] The system cannot find the file specified
144254 INFO: Executing: strip C:\Users\Dean\AppData\Local\pyinstaller\bincache10py31164bit\numpy.libs\msvcp140-a4c2229bdc2a2a630acdc095b4d86008.dll
144255 WARNING: Failed to run strip on 'C:\\Users\\Dean\\AppData\\Local\\pyinstaller\\bincache10py31164bit\\numpy.libs\\msvcp140-a4c2229bdc2a2a630acdc095b4d86008.dll'!
Traceback (most recent call last):
  File "C:\Users\Dean\source\repos\Synapic.NET\build\_python\win-x64\python\Lib\site-packages\PyInstaller\building\utils.py", line 250, in process_collected_binary
    p = subprocess.run(
        ^^^^^^^^^^^^^^^
  File "C:\Users\Dean\source\repos\Synapic.NET\build\_python\win-x64\python\Lib\subprocess.py", line 548, in run
    with Popen(*popenargs, **kwargs) as process:
         ^^^^^^^^^^^^^^^^^^^^^^^^^^^
  File "C:\Users\Dean\source\repos\Synapic.NET\build\_python\win-x64\python\Lib\subprocess.py", line 1026, in __init__
    self._execute_child(args, executable, preexec_fn, close_fds,
  File "C:\Users\Dean\source\repos\Synapic.NET\build\_python\win-x64\python\Lib\subprocess.py", line 1538, in _execute_child
    hp, ht, pid, tid = _winapi.CreateProcess(executable, args,
                       ^^^^^^^^^^^^^^^^^^^^^^^^^^^^^^^^^^^^^^^
FileNotFoundError: [WinError 2] The system cannot find the file specified
144263 INFO: Executing: strip C:\Users\Dean\AppData\Local\pyinstaller\bincache10py31164bit\msvcp140.dll
144265 WARNING: Failed to run strip on 'C:\\Users\\Dean\\AppData\\Local\\pyinstaller\\bincache10py31164bit\\msvcp140.dll'!
Traceback (most recent call last):
  File "C:\Users\Dean\source\repos\Synapic.NET\build\_python\win-x64\python\Lib\site-packages\PyInstaller\building\utils.py", line 250, in process_collected_binary
    p = subprocess.run(
        ^^^^^^^^^^^^^^^
  File "C:\Users\Dean\source\repos\Synapic.NET\build\_python\win-x64\python\Lib\subprocess.py", line 548, in run
    with Popen(*popenargs, **kwargs) as process:
         ^^^^^^^^^^^^^^^^^^^^^^^^^^^
  File "C:\Users\Dean\source\repos\Synapic.NET\build\_python\win-x64\python\Lib\subprocess.py", line 1026, in __init__
    self._execute_child(args, executable, preexec_fn, close_fds,
  File "C:\Users\Dean\source\repos\Synapic.NET\build\_python\win-x64\python\Lib\subprocess.py", line 1538, in _execute_child
    hp, ht, pid, tid = _winapi.CreateProcess(executable, args,
                       ^^^^^^^^^^^^^^^^^^^^^^^^^^^^^^^^^^^^^^^
FileNotFoundError: [WinError 2] The system cannot find the file specified
144270 INFO: Executing: strip C:\Users\Dean\AppData\Local\pyinstaller\bincache10py31164bit\vcruntime140_1.dll
144272 WARNING: Failed to run strip on 'C:\\Users\\Dean\\AppData\\Local\\pyinstaller\\bincache10py31164bit\\vcruntime140_1.dll'!
Traceback (most recent call last):
  File "C:\Users\Dean\source\repos\Synapic.NET\build\_python\win-x64\python\Lib\site-packages\PyInstaller\building\utils.py", line 250, in process_collected_binary
    p = subprocess.run(
        ^^^^^^^^^^^^^^^
  File "C:\Users\Dean\source\repos\Synapic.NET\build\_python\win-x64\python\Lib\subprocess.py", line 548, in run
    with Popen(*popenargs, **kwargs) as process:
         ^^^^^^^^^^^^^^^^^^^^^^^^^^^
  File "C:\Users\Dean\source\repos\Synapic.NET\build\_python\win-x64\python\Lib\subprocess.py", line 1026, in __init__
    self._execute_child(args, executable, preexec_fn, close_fds,
  File "C:\Users\Dean\source\repos\Synapic.NET\build\_python\win-x64\python\Lib\subprocess.py", line 1538, in _execute_child
    hp, ht, pid, tid = _winapi.CreateProcess(executable, args,
                       ^^^^^^^^^^^^^^^^^^^^^^^^^^^^^^^^^^^^^^^
FileNotFoundError: [WinError 2] The system cannot find the file specified
144277 INFO: Executing: strip C:\Users\Dean\AppData\Local\pyinstaller\bincache10py31164bit\vcruntime140.dll
144279 WARNING: Failed to run strip on 'C:\\Users\\Dean\\AppData\\Local\\pyinstaller\\bincache10py31164bit\\vcruntime140.dll'!
Traceback (most recent call last):
  File "C:\Users\Dean\source\repos\Synapic.NET\build\_python\win-x64\python\Lib\site-packages\PyInstaller\building\utils.py", line 250, in process_collected_binary
    p = subprocess.run(
        ^^^^^^^^^^^^^^^
  File "C:\Users\Dean\source\repos\Synapic.NET\build\_python\win-x64\python\Lib\subprocess.py", line 548, in run
    with Popen(*popenargs, **kwargs) as process:
         ^^^^^^^^^^^^^^^^^^^^^^^^^^^
  File "C:\Users\Dean\source\repos\Synapic.NET\build\_python\win-x64\python\Lib\subprocess.py", line 1026, in __init__
    self._execute_child(args, executable, preexec_fn, close_fds,
  File "C:\Users\Dean\source\repos\Synapic.NET\build\_python\win-x64\python\Lib\subprocess.py", line 1538, in _execute_child
    hp, ht, pid, tid = _winapi.CreateProcess(executable, args,
                       ^^^^^^^^^^^^^^^^^^^^^^^^^^^^^^^^^^^^^^^
FileNotFoundError: [WinError 2] The system cannot find the file specified
144287 INFO: Executing: strip C:\Users\Dean\AppData\Local\pyinstaller\bincache10py31164bit\_decimal.pyd
144288 WARNING: Failed to run strip on 'C:\\Users\\Dean\\AppData\\Local\\pyinstaller\\bincache10py31164bit\\_decimal.pyd'!
Traceback (most recent call last):
  File "C:\Users\Dean\source\repos\Synapic.NET\build\_python\win-x64\python\Lib\site-packages\PyInstaller\building\utils.py", line 250, in process_collected_binary
    p = subprocess.run(
        ^^^^^^^^^^^^^^^
  File "C:\Users\Dean\source\repos\Synapic.NET\build\_python\win-x64\python\Lib\subprocess.py", line 548, in run
    with Popen(*popenargs, **kwargs) as process:
         ^^^^^^^^^^^^^^^^^^^^^^^^^^^
  File "C:\Users\Dean\source\repos\Synapic.NET\build\_python\win-x64\python\Lib\subprocess.py", line 1026, in __init__
    self._execute_child(args, executable, preexec_fn, close_fds,
  File "C:\Users\Dean\source\repos\Synapic.NET\build\_python\win-x64\python\Lib\subprocess.py", line 1538, in _execute_child
    hp, ht, pid, tid = _winapi.CreateProcess(executable, args,
                       ^^^^^^^^^^^^^^^^^^^^^^^^^^^^^^^^^^^^^^^
FileNotFoundError: [WinError 2] The system cannot find the file specified
144293 INFO: Executing: strip C:\Users\Dean\AppData\Local\pyinstaller\bincache10py31164bit\_hashlib.pyd
144294 WARNING: Failed to run strip on 'C:\\Users\\Dean\\AppData\\Local\\pyinstaller\\bincache10py31164bit\\_hashlib.pyd'!
Traceback (most recent call last):
  File "C:\Users\Dean\source\repos\Synapic.NET\build\_python\win-x64\python\Lib\site-packages\PyInstaller\building\utils.py", line 250, in process_collected_binary
    p = subprocess.run(
        ^^^^^^^^^^^^^^^
  File "C:\Users\Dean\source\repos\Synapic.NET\build\_python\win-x64\python\Lib\subprocess.py", line 548, in run
    with Popen(*popenargs, **kwargs) as process:
         ^^^^^^^^^^^^^^^^^^^^^^^^^^^
  File "C:\Users\Dean\source\repos\Synapic.NET\build\_python\win-x64\python\Lib\subprocess.py", line 1026, in __init__
    self._execute_child(args, executable, preexec_fn, close_fds,
  File "C:\Users\Dean\source\repos\Synapic.NET\build\_python\win-x64\python\Lib\subprocess.py", line 1538, in _execute_child
    hp, ht, pid, tid = _winapi.CreateProcess(executable, args,
                       ^^^^^^^^^^^^^^^^^^^^^^^^^^^^^^^^^^^^^^^
FileNotFoundError: [WinError 2] The system cannot find the file specified
144300 INFO: Executing: strip C:\Users\Dean\AppData\Local\pyinstaller\bincache10py31164bit\unicodedata.pyd
144301 WARNING: Failed to run strip on 'C:\\Users\\Dean\\AppData\\Local\\pyinstaller\\bincache10py31164bit\\unicodedata.pyd'!
Traceback (most recent call last):
  File "C:\Users\Dean\source\repos\Synapic.NET\build\_python\win-x64\python\Lib\site-packages\PyInstaller\building\utils.py", line 250, in process_collected_binary
    p = subprocess.run(
        ^^^^^^^^^^^^^^^
  File "C:\Users\Dean\source\repos\Synapic.NET\build\_python\win-x64\python\Lib\subprocess.py", line 548, in run
    with Popen(*popenargs, **kwargs) as process:
         ^^^^^^^^^^^^^^^^^^^^^^^^^^^
  File "C:\Users\Dean\source\repos\Synapic.NET\build\_python\win-x64\python\Lib\subprocess.py", line 1026, in __init__
    self._execute_child(args, executable, preexec_fn, close_fds,
  File "C:\Users\Dean\source\repos\Synapic.NET\build\_python\win-x64\python\Lib\subprocess.py", line 1538, in _execute_child
    hp, ht, pid, tid = _winapi.CreateProcess(executable, args,
                       ^^^^^^^^^^^^^^^^^^^^^^^^^^^^^^^^^^^^^^^
FileNotFoundError: [WinError 2] The system cannot find the file specified
144306 INFO: Executing: strip C:\Users\Dean\AppData\Local\pyinstaller\bincache10py31164bit\_lzma.pyd
144308 WARNING: Failed to run strip on 'C:\\Users\\Dean\\AppData\\Local\\pyinstaller\\bincache10py31164bit\\_lzma.pyd'!
Traceback (most recent call last):
  File "C:\Users\Dean\source\repos\Synapic.NET\build\_python\win-x64\python\Lib\site-packages\PyInstaller\building\utils.py", line 250, in process_collected_binary
    p = subprocess.run(
        ^^^^^^^^^^^^^^^
  File "C:\Users\Dean\source\repos\Synapic.NET\build\_python\win-x64\python\Lib\subprocess.py", line 548, in run
    with Popen(*popenargs, **kwargs) as process:
         ^^^^^^^^^^^^^^^^^^^^^^^^^^^
  File "C:\Users\Dean\source\repos\Synapic.NET\build\_python\win-x64\python\Lib\subprocess.py", line 1026, in __init__
    self._execute_child(args, executable, preexec_fn, close_fds,
  File "C:\Users\Dean\source\repos\Synapic.NET\build\_python\win-x64\python\Lib\subprocess.py", line 1538, in _execute_child
    hp, ht, pid, tid = _winapi.CreateProcess(executable, args,
                       ^^^^^^^^^^^^^^^^^^^^^^^^^^^^^^^^^^^^^^^
FileNotFoundError: [WinError 2] The system cannot find the file specified
144317 INFO: Executing: strip C:\Users\Dean\AppData\Local\pyinstaller\bincache10py31164bit\_bz2.pyd
144319 WARNING: Failed to run strip on 'C:\\Users\\Dean\\AppData\\Local\\pyinstaller\\bincache10py31164bit\\_bz2.pyd'!
Traceback (most recent call last):
  File "C:\Users\Dean\source\repos\Synapic.NET\build\_python\win-x64\python\Lib\site-packages\PyInstaller\building\utils.py", line 250, in process_collected_binary
    p = subprocess.run(
        ^^^^^^^^^^^^^^^
  File "C:\Users\Dean\source\repos\Synapic.NET\build\_python\win-x64\python\Lib\subprocess.py", line 548, in run
    with Popen(*popenargs, **kwargs) as process:
         ^^^^^^^^^^^^^^^^^^^^^^^^^^^
  File "C:\Users\Dean\source\repos\Synapic.NET\build\_python\win-x64\python\Lib\subprocess.py", line 1026, in __init__
    self._execute_child(args, executable, preexec_fn, close_fds,
  File "C:\Users\Dean\source\repos\Synapic.NET\build\_python\win-x64\python\Lib\subprocess.py", line 1538, in _execute_child
    hp, ht, pid, tid = _winapi.CreateProcess(executable, args,
                       ^^^^^^^^^^^^^^^^^^^^^^^^^^^^^^^^^^^^^^^
FileNotFoundError: [WinError 2] The system cannot find the file specified
144325 INFO: Executing: strip C:\Users\Dean\AppData\Local\pyinstaller\bincache10py31164bit\_ctypes.pyd
144327 WARNING: Failed to run strip on 'C:\\Users\\Dean\\AppData\\Local\\pyinstaller\\bincache10py31164bit\\_ctypes.pyd'!
Traceback (most recent call last):
  File "C:\Users\Dean\source\repos\Synapic.NET\build\_python\win-x64\python\Lib\site-packages\PyInstaller\building\utils.py", line 250, in process_collected_binary
    p = subprocess.run(
        ^^^^^^^^^^^^^^^
  File "C:\Users\Dean\source\repos\Synapic.NET\build\_python\win-x64\python\Lib\subprocess.py", line 548, in run
    with Popen(*popenargs, **kwargs) as process:
         ^^^^^^^^^^^^^^^^^^^^^^^^^^^
  File "C:\Users\Dean\source\repos\Synapic.NET\build\_python\win-x64\python\Lib\subprocess.py", line 1026, in __init__
    self._execute_child(args, executable, preexec_fn, close_fds,
  File "C:\Users\Dean\source\repos\Synapic.NET\build\_python\win-x64\python\Lib\subprocess.py", line 1538, in _execute_child
    hp, ht, pid, tid = _winapi.CreateProcess(executable, args,
                       ^^^^^^^^^^^^^^^^^^^^^^^^^^^^^^^^^^^^^^^
FileNotFoundError: [WinError 2] The system cannot find the file specified
144332 INFO: Executing: strip C:\Users\Dean\AppData\Local\pyinstaller\bincache10py31164bit\_socket.pyd
144333 WARNING: Failed to run strip on 'C:\\Users\\Dean\\AppData\\Local\\pyinstaller\\bincache10py31164bit\\_socket.pyd'!
Traceback (most recent call last):
  File "C:\Users\Dean\source\repos\Synapic.NET\build\_python\win-x64\python\Lib\site-packages\PyInstaller\building\utils.py", line 250, in process_collected_binary
    p = subprocess.run(
        ^^^^^^^^^^^^^^^
  File "C:\Users\Dean\source\repos\Synapic.NET\build\_python\win-x64\python\Lib\subprocess.py", line 548, in run
    with Popen(*popenargs, **kwargs) as process:
         ^^^^^^^^^^^^^^^^^^^^^^^^^^^
  File "C:\Users\Dean\source\repos\Synapic.NET\build\_python\win-x64\python\Lib\subprocess.py", line 1026, in __init__
    self._execute_child(args, executable, preexec_fn, close_fds,
  File "C:\Users\Dean\source\repos\Synapic.NET\build\_python\win-x64\python\Lib\subprocess.py", line 1538, in _execute_child
    hp, ht, pid, tid = _winapi.CreateProcess(executable, args,
                       ^^^^^^^^^^^^^^^^^^^^^^^^^^^^^^^^^^^^^^^
FileNotFoundError: [WinError 2] The system cannot find the file specified
144339 INFO: Executing: strip C:\Users\Dean\AppData\Local\pyinstaller\bincache10py31164bit\select.pyd
144340 WARNING: Failed to run strip on 'C:\\Users\\Dean\\AppData\\Local\\pyinstaller\\bincache10py31164bit\\select.pyd'!
Traceback (most recent call last):
  File "C:\Users\Dean\source\repos\Synapic.NET\build\_python\win-x64\python\Lib\site-packages\PyInstaller\building\utils.py", line 250, in process_collected_binary
    p = subprocess.run(
        ^^^^^^^^^^^^^^^
  File "C:\Users\Dean\source\repos\Synapic.NET\build\_python\win-x64\python\Lib\subprocess.py", line 548, in run
    with Popen(*popenargs, **kwargs) as process:
         ^^^^^^^^^^^^^^^^^^^^^^^^^^^
  File "C:\Users\Dean\source\repos\Synapic.NET\build\_python\win-x64\python\Lib\subprocess.py", line 1026, in __init__
    self._execute_child(args, executable, preexec_fn, close_fds,
  File "C:\Users\Dean\source\repos\Synapic.NET\build\_python\win-x64\python\Lib\subprocess.py", line 1538, in _execute_child
    hp, ht, pid, tid = _winapi.CreateProcess(executable, args,
                       ^^^^^^^^^^^^^^^^^^^^^^^^^^^^^^^^^^^^^^^
FileNotFoundError: [WinError 2] The system cannot find the file specified
144348 INFO: Executing: strip C:\Users\Dean\AppData\Local\pyinstaller\bincache10py31164bit\_overlapped.pyd
144350 WARNING: Failed to run strip on 'C:\\Users\\Dean\\AppData\\Local\\pyinstaller\\bincache10py31164bit\\_overlapped.pyd'!
Traceback (most recent call last):
  File "C:\Users\Dean\source\repos\Synapic.NET\build\_python\win-x64\python\Lib\site-packages\PyInstaller\building\utils.py", line 250, in process_collected_binary
    p = subprocess.run(
        ^^^^^^^^^^^^^^^
  File "C:\Users\Dean\source\repos\Synapic.NET\build\_python\win-x64\python\Lib\subprocess.py", line 548, in run
    with Popen(*popenargs, **kwargs) as process:
         ^^^^^^^^^^^^^^^^^^^^^^^^^^^
  File "C:\Users\Dean\source\repos\Synapic.NET\build\_python\win-x64\python\Lib\subprocess.py", line 1026, in __init__
    self._execute_child(args, executable, preexec_fn, close_fds,
  File "C:\Users\Dean\source\repos\Synapic.NET\build\_python\win-x64\python\Lib\subprocess.py", line 1538, in _execute_child
    hp, ht, pid, tid = _winapi.CreateProcess(executable, args,
                       ^^^^^^^^^^^^^^^^^^^^^^^^^^^^^^^^^^^^^^^
FileNotFoundError: [WinError 2] The system cannot find the file specified
144358 INFO: Executing: strip C:\Users\Dean\AppData\Local\pyinstaller\bincache10py31164bit\_ssl.pyd
144360 WARNING: Failed to run strip on 'C:\\Users\\Dean\\AppData\\Local\\pyinstaller\\bincache10py31164bit\\_ssl.pyd'!
Traceback (most recent call last):
  File "C:\Users\Dean\source\repos\Synapic.NET\build\_python\win-x64\python\Lib\site-packages\PyInstaller\building\utils.py", line 250, in process_collected_binary
    p = subprocess.run(
        ^^^^^^^^^^^^^^^
  File "C:\Users\Dean\source\repos\Synapic.NET\build\_python\win-x64\python\Lib\subprocess.py", line 548, in run
    with Popen(*popenargs, **kwargs) as process:
         ^^^^^^^^^^^^^^^^^^^^^^^^^^^
  File "C:\Users\Dean\source\repos\Synapic.NET\build\_python\win-x64\python\Lib\subprocess.py", line 1026, in __init__
    self._execute_child(args, executable, preexec_fn, close_fds,
  File "C:\Users\Dean\source\repos\Synapic.NET\build\_python\win-x64\python\Lib\subprocess.py", line 1538, in _execute_child
    hp, ht, pid, tid = _winapi.CreateProcess(executable, args,
                       ^^^^^^^^^^^^^^^^^^^^^^^^^^^^^^^^^^^^^^^
FileNotFoundError: [WinError 2] The system cannot find the file specified
144367 INFO: Executing: strip C:\Users\Dean\AppData\Local\pyinstaller\bincache10py31164bit\_queue.pyd
144368 WARNING: Failed to run strip on 'C:\\Users\\Dean\\AppData\\Local\\pyinstaller\\bincache10py31164bit\\_queue.pyd'!
Traceback (most recent call last):
  File "C:\Users\Dean\source\repos\Synapic.NET\build\_python\win-x64\python\Lib\site-packages\PyInstaller\building\utils.py", line 250, in process_collected_binary
    p = subprocess.run(
        ^^^^^^^^^^^^^^^
  File "C:\Users\Dean\source\repos\Synapic.NET\build\_python\win-x64\python\Lib\subprocess.py", line 548, in run
    with Popen(*popenargs, **kwargs) as process:
         ^^^^^^^^^^^^^^^^^^^^^^^^^^^
  File "C:\Users\Dean\source\repos\Synapic.NET\build\_python\win-x64\python\Lib\subprocess.py", line 1026, in __init__
    self._execute_child(args, executable, preexec_fn, close_fds,
  File "C:\Users\Dean\source\repos\Synapic.NET\build\_python\win-x64\python\Lib\subprocess.py", line 1538, in _execute_child
    hp, ht, pid, tid = _winapi.CreateProcess(executable, args,
                       ^^^^^^^^^^^^^^^^^^^^^^^^^^^^^^^^^^^^^^^
FileNotFoundError: [WinError 2] The system cannot find the file specified
144374 INFO: Executing: strip C:\Users\Dean\AppData\Local\pyinstaller\bincache10py31164bit\_multiprocessing.pyd
144377 WARNING: Failed to run strip on 'C:\\Users\\Dean\\AppData\\Local\\pyinstaller\\bincache10py31164bit\\_multiprocessing.pyd'!
Traceback (most recent call last):
  File "C:\Users\Dean\source\repos\Synapic.NET\build\_python\win-x64\python\Lib\site-packages\PyInstaller\building\utils.py", line 250, in process_collected_binary
    p = subprocess.run(
        ^^^^^^^^^^^^^^^
  File "C:\Users\Dean\source\repos\Synapic.NET\build\_python\win-x64\python\Lib\subprocess.py", line 548, in run
    with Popen(*popenargs, **kwargs) as process:
         ^^^^^^^^^^^^^^^^^^^^^^^^^^^
  File "C:\Users\Dean\source\repos\Synapic.NET\build\_python\win-x64\python\Lib\subprocess.py", line 1026, in __init__
    self._execute_child(args, executable, preexec_fn, close_fds,
  File "C:\Users\Dean\source\repos\Synapic.NET\build\_python\win-x64\python\Lib\subprocess.py", line 1538, in _execute_child
    hp, ht, pid, tid = _winapi.CreateProcess(executable, args,
                       ^^^^^^^^^^^^^^^^^^^^^^^^^^^^^^^^^^^^^^^
FileNotFoundError: [WinError 2] The system cannot find the file specified
144386 INFO: Executing: strip C:\Users\Dean\AppData\Local\pyinstaller\bincache10py31164bit\pyexpat.pyd
144388 WARNING: Failed to run strip on 'C:\\Users\\Dean\\AppData\\Local\\pyinstaller\\bincache10py31164bit\\pyexpat.pyd'!
Traceback (most recent call last):
  File "C:\Users\Dean\source\repos\Synapic.NET\build\_python\win-x64\python\Lib\site-packages\PyInstaller\building\utils.py", line 250, in process_collected_binary
    p = subprocess.run(
        ^^^^^^^^^^^^^^^
  File "C:\Users\Dean\source\repos\Synapic.NET\build\_python\win-x64\python\Lib\subprocess.py", line 548, in run
    with Popen(*popenargs, **kwargs) as process:
         ^^^^^^^^^^^^^^^^^^^^^^^^^^^
  File "C:\Users\Dean\source\repos\Synapic.NET\build\_python\win-x64\python\Lib\subprocess.py", line 1026, in __init__
    self._execute_child(args, executable, preexec_fn, close_fds,
  File "C:\Users\Dean\source\repos\Synapic.NET\build\_python\win-x64\python\Lib\subprocess.py", line 1538, in _execute_child
    hp, ht, pid, tid = _winapi.CreateProcess(executable, args,
                       ^^^^^^^^^^^^^^^^^^^^^^^^^^^^^^^^^^^^^^^
FileNotFoundError: [WinError 2] The system cannot find the file specified
144396 INFO: Executing: strip C:\Users\Dean\AppData\Local\pyinstaller\bincache10py31164bit\_asyncio.pyd
144398 WARNING: Failed to run strip on 'C:\\Users\\Dean\\AppData\\Local\\pyinstaller\\bincache10py31164bit\\_asyncio.pyd'!
Traceback (most recent call last):
  File "C:\Users\Dean\source\repos\Synapic.NET\build\_python\win-x64\python\Lib\site-packages\PyInstaller\building\utils.py", line 250, in process_collected_binary
    p = subprocess.run(
        ^^^^^^^^^^^^^^^
  File "C:\Users\Dean\source\repos\Synapic.NET\build\_python\win-x64\python\Lib\subprocess.py", line 548, in run
    with Popen(*popenargs, **kwargs) as process:
         ^^^^^^^^^^^^^^^^^^^^^^^^^^^
  File "C:\Users\Dean\source\repos\Synapic.NET\build\_python\win-x64\python\Lib\subprocess.py", line 1026, in __init__
    self._execute_child(args, executable, preexec_fn, close_fds,
  File "C:\Users\Dean\source\repos\Synapic.NET\build\_python\win-x64\python\Lib\subprocess.py", line 1538, in _execute_child
    hp, ht, pid, tid = _winapi.CreateProcess(executable, args,
                       ^^^^^^^^^^^^^^^^^^^^^^^^^^^^^^^^^^^^^^^
FileNotFoundError: [WinError 2] The system cannot find the file specified
144404 INFO: Executing: strip C:\Users\Dean\AppData\Local\pyinstaller\bincache10py31164bit\_uuid.pyd
144406 WARNING: Failed to run strip on 'C:\\Users\\Dean\\AppData\\Local\\pyinstaller\\bincache10py31164bit\\_uuid.pyd'!
Traceback (most recent call last):
  File "C:\Users\Dean\source\repos\Synapic.NET\build\_python\win-x64\python\Lib\site-packages\PyInstaller\building\utils.py", line 250, in process_collected_binary
    p = subprocess.run(
        ^^^^^^^^^^^^^^^
  File "C:\Users\Dean\source\repos\Synapic.NET\build\_python\win-x64\python\Lib\subprocess.py", line 548, in run
    with Popen(*popenargs, **kwargs) as process:
         ^^^^^^^^^^^^^^^^^^^^^^^^^^^
  File "C:\Users\Dean\source\repos\Synapic.NET\build\_python\win-x64\python\Lib\subprocess.py", line 1026, in __init__
    self._execute_child(args, executable, preexec_fn, close_fds,
  File "C:\Users\Dean\source\repos\Synapic.NET\build\_python\win-x64\python\Lib\subprocess.py", line 1538, in _execute_child
    hp, ht, pid, tid = _winapi.CreateProcess(executable, args,
                       ^^^^^^^^^^^^^^^^^^^^^^^^^^^^^^^^^^^^^^^
FileNotFoundError: [WinError 2] The system cannot find the file specified
144434 INFO: Executing: strip C:\Users\Dean\AppData\Local\pyinstaller\bincache10py31164bit\pydantic_core\_pydantic_core.cp311-win_amd64.pyd
144436 WARNING: Failed to run strip on 'C:\\Users\\Dean\\AppData\\Local\\pyinstaller\\bincache10py31164bit\\pydantic_core\\_pydantic_core.cp311-win_amd64.pyd'!
Traceback (most recent call last):
  File "C:\Users\Dean\source\repos\Synapic.NET\build\_python\win-x64\python\Lib\site-packages\PyInstaller\building\utils.py", line 250, in process_collected_binary
    p = subprocess.run(
        ^^^^^^^^^^^^^^^
  File "C:\Users\Dean\source\repos\Synapic.NET\build\_python\win-x64\python\Lib\subprocess.py", line 548, in run
    with Popen(*popenargs, **kwargs) as process:
         ^^^^^^^^^^^^^^^^^^^^^^^^^^^
  File "C:\Users\Dean\source\repos\Synapic.NET\build\_python\win-x64\python\Lib\subprocess.py", line 1026, in __init__
    self._execute_child(args, executable, preexec_fn, close_fds,
  File "C:\Users\Dean\source\repos\Synapic.NET\build\_python\win-x64\python\Lib\subprocess.py", line 1538, in _execute_child
    hp, ht, pid, tid = _winapi.CreateProcess(executable, args,
                       ^^^^^^^^^^^^^^^^^^^^^^^^^^^^^^^^^^^^^^^
FileNotFoundError: [WinError 2] The system cannot find the file specified
144445 INFO: Executing: strip C:\Users\Dean\AppData\Local\pyinstaller\bincache10py31164bit\google\_upb\_message.pyd
144446 WARNING: Failed to run strip on 'C:\\Users\\Dean\\AppData\\Local\\pyinstaller\\bincache10py31164bit\\google\\_upb\\_message.pyd'!
Traceback (most recent call last):
  File "C:\Users\Dean\source\repos\Synapic.NET\build\_python\win-x64\python\Lib\site-packages\PyInstaller\building\utils.py", line 250, in process_collected_binary
    p = subprocess.run(
        ^^^^^^^^^^^^^^^
  File "C:\Users\Dean\source\repos\Synapic.NET\build\_python\win-x64\python\Lib\subprocess.py", line 548, in run
    with Popen(*popenargs, **kwargs) as process:
         ^^^^^^^^^^^^^^^^^^^^^^^^^^^
  File "C:\Users\Dean\source\repos\Synapic.NET\build\_python\win-x64\python\Lib\subprocess.py", line 1026, in __init__
    self._execute_child(args, executable, preexec_fn, close_fds,
  File "C:\Users\Dean\source\repos\Synapic.NET\build\_python\win-x64\python\Lib\subprocess.py", line 1538, in _execute_child
    hp, ht, pid, tid = _winapi.CreateProcess(executable, args,
                       ^^^^^^^^^^^^^^^^^^^^^^^^^^^^^^^^^^^^^^^
FileNotFoundError: [WinError 2] The system cannot find the file specified
144454 INFO: Executing: strip C:\Users\Dean\AppData\Local\pyinstaller\bincache10py31164bit\psutil\_psutil_windows.pyd
144456 WARNING: Failed to run strip on 'C:\\Users\\Dean\\AppData\\Local\\pyinstaller\\bincache10py31164bit\\psutil\\_psutil_windows.pyd'!
Traceback (most recent call last):
  File "C:\Users\Dean\source\repos\Synapic.NET\build\_python\win-x64\python\Lib\site-packages\PyInstaller\building\utils.py", line 250, in process_collected_binary
    p = subprocess.run(
        ^^^^^^^^^^^^^^^
  File "C:\Users\Dean\source\repos\Synapic.NET\build\_python\win-x64\python\Lib\subprocess.py", line 548, in run
    with Popen(*popenargs, **kwargs) as process:
         ^^^^^^^^^^^^^^^^^^^^^^^^^^^
  File "C:\Users\Dean\source\repos\Synapic.NET\build\_python\win-x64\python\Lib\subprocess.py", line 1026, in __init__
    self._execute_child(args, executable, preexec_fn, close_fds,
  File "C:\Users\Dean\source\repos\Synapic.NET\build\_python\win-x64\python\Lib\subprocess.py", line 1538, in _execute_child
    hp, ht, pid, tid = _winapi.CreateProcess(executable, args,
                       ^^^^^^^^^^^^^^^^^^^^^^^^^^^^^^^^^^^^^^^
FileNotFoundError: [WinError 2] The system cannot find the file specified
144480 INFO: Executing: strip C:\Users\Dean\AppData\Local\pyinstaller\bincache10py31164bit\numpy\_core\_multiarray_umath.cp311-win_amd64.pyd
144483 WARNING: Failed to run strip on 'C:\\Users\\Dean\\AppData\\Local\\pyinstaller\\bincache10py31164bit\\numpy\\_core\\_multiarray_umath.cp311-win_amd64.pyd'!
Traceback (most recent call last):
  File "C:\Users\Dean\source\repos\Synapic.NET\build\_python\win-x64\python\Lib\site-packages\PyInstaller\building\utils.py", line 250, in process_collected_binary
    p = subprocess.run(
        ^^^^^^^^^^^^^^^
  File "C:\Users\Dean\source\repos\Synapic.NET\build\_python\win-x64\python\Lib\subprocess.py", line 548, in run
    with Popen(*popenargs, **kwargs) as process:
         ^^^^^^^^^^^^^^^^^^^^^^^^^^^
  File "C:\Users\Dean\source\repos\Synapic.NET\build\_python\win-x64\python\Lib\subprocess.py", line 1026, in __init__
    self._execute_child(args, executable, preexec_fn, close_fds,
  File "C:\Users\Dean\source\repos\Synapic.NET\build\_python\win-x64\python\Lib\subprocess.py", line 1538, in _execute_child
    hp, ht, pid, tid = _winapi.CreateProcess(executable, args,
                       ^^^^^^^^^^^^^^^^^^^^^^^^^^^^^^^^^^^^^^^
FileNotFoundError: [WinError 2] The system cannot find the file specified
144494 INFO: Executing: strip C:\Users\Dean\AppData\Local\pyinstaller\bincache10py31164bit\numpy\linalg\_umath_linalg.cp311-win_amd64.pyd
144496 WARNING: Failed to run strip on 'C:\\Users\\Dean\\AppData\\Local\\pyinstaller\\bincache10py31164bit\\numpy\\linalg\\_umath_linalg.cp311-win_amd64.pyd'!
Traceback (most recent call last):
  File "C:\Users\Dean\source\repos\Synapic.NET\build\_python\win-x64\python\Lib\site-packages\PyInstaller\building\utils.py", line 250, in process_collected_binary
    p = subprocess.run(
        ^^^^^^^^^^^^^^^
  File "C:\Users\Dean\source\repos\Synapic.NET\build\_python\win-x64\python\Lib\subprocess.py", line 548, in run
    with Popen(*popenargs, **kwargs) as process:
         ^^^^^^^^^^^^^^^^^^^^^^^^^^^
  File "C:\Users\Dean\source\repos\Synapic.NET\build\_python\win-x64\python\Lib\subprocess.py", line 1026, in __init__
    self._execute_child(args, executable, preexec_fn, close_fds,
  File "C:\Users\Dean\source\repos\Synapic.NET\build\_python\win-x64\python\Lib\subprocess.py", line 1538, in _execute_child
    hp, ht, pid, tid = _winapi.CreateProcess(executable, args,
                       ^^^^^^^^^^^^^^^^^^^^^^^^^^^^^^^^^^^^^^^
FileNotFoundError: [WinError 2] The system cannot find the file specified
144506 INFO: Executing: strip C:\Users\Dean\AppData\Local\pyinstaller\bincache10py31164bit\_sqlite3.pyd
144507 WARNING: Failed to run strip on 'C:\\Users\\Dean\\AppData\\Local\\pyinstaller\\bincache10py31164bit\\_sqlite3.pyd'!
Traceback (most recent call last):
  File "C:\Users\Dean\source\repos\Synapic.NET\build\_python\win-x64\python\Lib\site-packages\PyInstaller\building\utils.py", line 250, in process_collected_binary
    p = subprocess.run(
        ^^^^^^^^^^^^^^^
  File "C:\Users\Dean\source\repos\Synapic.NET\build\_python\win-x64\python\Lib\subprocess.py", line 548, in run
    with Popen(*popenargs, **kwargs) as process:
         ^^^^^^^^^^^^^^^^^^^^^^^^^^^
  File "C:\Users\Dean\source\repos\Synapic.NET\build\_python\win-x64\python\Lib\subprocess.py", line 1026, in __init__
    self._execute_child(args, executable, preexec_fn, close_fds,
  File "C:\Users\Dean\source\repos\Synapic.NET\build\_python\win-x64\python\Lib\subprocess.py", line 1538, in _execute_child
    hp, ht, pid, tid = _winapi.CreateProcess(executable, args,
                       ^^^^^^^^^^^^^^^^^^^^^^^^^^^^^^^^^^^^^^^
FileNotFoundError: [WinError 2] The system cannot find the file specified
144514 INFO: Executing: strip C:\Users\Dean\AppData\Local\pyinstaller\bincache10py31164bit\markupsafe\_speedups.cp311-win_amd64.pyd
144516 WARNING: Failed to run strip on 'C:\\Users\\Dean\\AppData\\Local\\pyinstaller\\bincache10py31164bit\\markupsafe\\_speedups.cp311-win_amd64.pyd'!
Traceback (most recent call last):
  File "C:\Users\Dean\source\repos\Synapic.NET\build\_python\win-x64\python\Lib\site-packages\PyInstaller\building\utils.py", line 250, in process_collected_binary
    p = subprocess.run(
        ^^^^^^^^^^^^^^^
  File "C:\Users\Dean\source\repos\Synapic.NET\build\_python\win-x64\python\Lib\subprocess.py", line 548, in run
    with Popen(*popenargs, **kwargs) as process:
         ^^^^^^^^^^^^^^^^^^^^^^^^^^^
  File "C:\Users\Dean\source\repos\Synapic.NET\build\_python\win-x64\python\Lib\subprocess.py", line 1026, in __init__
    self._execute_child(args, executable, preexec_fn, close_fds,
  File "C:\Users\Dean\source\repos\Synapic.NET\build\_python\win-x64\python\Lib\subprocess.py", line 1538, in _execute_child
    hp, ht, pid, tid = _winapi.CreateProcess(executable, args,
                       ^^^^^^^^^^^^^^^^^^^^^^^^^^^^^^^^^^^^^^^
FileNotFoundError: [WinError 2] The system cannot find the file specified
144523 INFO: Executing: strip C:\Users\Dean\AppData\Local\pyinstaller\bincache10py31164bit\_elementtree.pyd
144524 WARNING: Failed to run strip on 'C:\\Users\\Dean\\AppData\\Local\\pyinstaller\\bincache10py31164bit\\_elementtree.pyd'!
Traceback (most recent call last):
  File "C:\Users\Dean\source\repos\Synapic.NET\build\_python\win-x64\python\Lib\site-packages\PyInstaller\building\utils.py", line 250, in process_collected_binary
    p = subprocess.run(
        ^^^^^^^^^^^^^^^
  File "C:\Users\Dean\source\repos\Synapic.NET\build\_python\win-x64\python\Lib\subprocess.py", line 548, in run
    with Popen(*popenargs, **kwargs) as process:
         ^^^^^^^^^^^^^^^^^^^^^^^^^^^
  File "C:\Users\Dean\source\repos\Synapic.NET\build\_python\win-x64\python\Lib\subprocess.py", line 1026, in __init__
    self._execute_child(args, executable, preexec_fn, close_fds,
  File "C:\Users\Dean\source\repos\Synapic.NET\build\_python\win-x64\python\Lib\subprocess.py", line 1538, in _execute_child
    hp, ht, pid, tid = _winapi.CreateProcess(executable, args,
                       ^^^^^^^^^^^^^^^^^^^^^^^^^^^^^^^^^^^^^^^
FileNotFoundError: [WinError 2] The system cannot find the file specified
144529 INFO: Executing: strip C:\Users\Dean\AppData\Local\pyinstaller\bincache10py31164bit\numpy\random\mtrand.cp311-win_amd64.pyd
144530 WARNING: Failed to run strip on 'C:\\Users\\Dean\\AppData\\Local\\pyinstaller\\bincache10py31164bit\\numpy\\random\\mtrand.cp311-win_amd64.pyd'!
Traceback (most recent call last):
  File "C:\Users\Dean\source\repos\Synapic.NET\build\_python\win-x64\python\Lib\site-packages\PyInstaller\building\utils.py", line 250, in process_collected_binary
    p = subprocess.run(
        ^^^^^^^^^^^^^^^
  File "C:\Users\Dean\source\repos\Synapic.NET\build\_python\win-x64\python\Lib\subprocess.py", line 548, in run
    with Popen(*popenargs, **kwargs) as process:
         ^^^^^^^^^^^^^^^^^^^^^^^^^^^
  File "C:\Users\Dean\source\repos\Synapic.NET\build\_python\win-x64\python\Lib\subprocess.py", line 1026, in __init__
    self._execute_child(args, executable, preexec_fn, close_fds,
  File "C:\Users\Dean\source\repos\Synapic.NET\build\_python\win-x64\python\Lib\subprocess.py", line 1538, in _execute_child
    hp, ht, pid, tid = _winapi.CreateProcess(executable, args,
                       ^^^^^^^^^^^^^^^^^^^^^^^^^^^^^^^^^^^^^^^
FileNotFoundError: [WinError 2] The system cannot find the file specified
144537 INFO: Executing: strip C:\Users\Dean\AppData\Local\pyinstaller\bincache10py31164bit\numpy\random\bit_generator.cp311-win_amd64.pyd
144537 WARNING: Failed to run strip on 'C:\\Users\\Dean\\AppData\\Local\\pyinstaller\\bincache10py31164bit\\numpy\\random\\bit_generator.cp311-win_amd64.pyd'!
Traceback (most recent call last):
  File "C:\Users\Dean\source\repos\Synapic.NET\build\_python\win-x64\python\Lib\site-packages\PyInstaller\building\utils.py", line 250, in process_collected_binary
    p = subprocess.run(
        ^^^^^^^^^^^^^^^
  File "C:\Users\Dean\source\repos\Synapic.NET\build\_python\win-x64\python\Lib\subprocess.py", line 548, in run
    with Popen(*popenargs, **kwargs) as process:
         ^^^^^^^^^^^^^^^^^^^^^^^^^^^
  File "C:\Users\Dean\source\repos\Synapic.NET\build\_python\win-x64\python\Lib\subprocess.py", line 1026, in __init__
    self._execute_child(args, executable, preexec_fn, close_fds,
  File "C:\Users\Dean\source\repos\Synapic.NET\build\_python\win-x64\python\Lib\subprocess.py", line 1538, in _execute_child
    hp, ht, pid, tid = _winapi.CreateProcess(executable, args,
                       ^^^^^^^^^^^^^^^^^^^^^^^^^^^^^^^^^^^^^^^
FileNotFoundError: [WinError 2] The system cannot find the file specified
144542 INFO: Executing: strip C:\Users\Dean\AppData\Local\pyinstaller\bincache10py31164bit\numpy\random\_sfc64.cp311-win_amd64.pyd
144544 WARNING: Failed to run strip on 'C:\\Users\\Dean\\AppData\\Local\\pyinstaller\\bincache10py31164bit\\numpy\\random\\_sfc64.cp311-win_amd64.pyd'!
Traceback (most recent call last):
  File "C:\Users\Dean\source\repos\Synapic.NET\build\_python\win-x64\python\Lib\site-packages\PyInstaller\building\utils.py", line 250, in process_collected_binary
    p = subprocess.run(
        ^^^^^^^^^^^^^^^
  File "C:\Users\Dean\source\repos\Synapic.NET\build\_python\win-x64\python\Lib\subprocess.py", line 548, in run
    with Popen(*popenargs, **kwargs) as process:
         ^^^^^^^^^^^^^^^^^^^^^^^^^^^
  File "C:\Users\Dean\source\repos\Synapic.NET\build\_python\win-x64\python\Lib\subprocess.py", line 1026, in __init__
    self._execute_child(args, executable, preexec_fn, close_fds,
  File "C:\Users\Dean\source\repos\Synapic.NET\build\_python\win-x64\python\Lib\subprocess.py", line 1538, in _execute_child
    hp, ht, pid, tid = _winapi.CreateProcess(executable, args,
                       ^^^^^^^^^^^^^^^^^^^^^^^^^^^^^^^^^^^^^^^
FileNotFoundError: [WinError 2] The system cannot find the file specified
144550 INFO: Executing: strip C:\Users\Dean\AppData\Local\pyinstaller\bincache10py31164bit\numpy\random\_philox.cp311-win_amd64.pyd
144551 WARNING: Failed to run strip on 'C:\\Users\\Dean\\AppData\\Local\\pyinstaller\\bincache10py31164bit\\numpy\\random\\_philox.cp311-win_amd64.pyd'!
Traceback (most recent call last):
  File "C:\Users\Dean\source\repos\Synapic.NET\build\_python\win-x64\python\Lib\site-packages\PyInstaller\building\utils.py", line 250, in process_collected_binary
    p = subprocess.run(
        ^^^^^^^^^^^^^^^
  File "C:\Users\Dean\source\repos\Synapic.NET\build\_python\win-x64\python\Lib\subprocess.py", line 548, in run
    with Popen(*popenargs, **kwargs) as process:
         ^^^^^^^^^^^^^^^^^^^^^^^^^^^
  File "C:\Users\Dean\source\repos\Synapic.NET\build\_python\win-x64\python\Lib\subprocess.py", line 1026, in __init__
    self._execute_child(args, executable, preexec_fn, close_fds,
  File "C:\Users\Dean\source\repos\Synapic.NET\build\_python\win-x64\python\Lib\subprocess.py", line 1538, in _execute_child
    hp, ht, pid, tid = _winapi.CreateProcess(executable, args,
                       ^^^^^^^^^^^^^^^^^^^^^^^^^^^^^^^^^^^^^^^
FileNotFoundError: [WinError 2] The system cannot find the file specified
144556 INFO: Executing: strip C:\Users\Dean\AppData\Local\pyinstaller\bincache10py31164bit\numpy\random\_pcg64.cp311-win_amd64.pyd
144558 WARNING: Failed to run strip on 'C:\\Users\\Dean\\AppData\\Local\\pyinstaller\\bincache10py31164bit\\numpy\\random\\_pcg64.cp311-win_amd64.pyd'!
Traceback (most recent call last):
  File "C:\Users\Dean\source\repos\Synapic.NET\build\_python\win-x64\python\Lib\site-packages\PyInstaller\building\utils.py", line 250, in process_collected_binary
    p = subprocess.run(
        ^^^^^^^^^^^^^^^
  File "C:\Users\Dean\source\repos\Synapic.NET\build\_python\win-x64\python\Lib\subprocess.py", line 548, in run
    with Popen(*popenargs, **kwargs) as process:
         ^^^^^^^^^^^^^^^^^^^^^^^^^^^
  File "C:\Users\Dean\source\repos\Synapic.NET\build\_python\win-x64\python\Lib\subprocess.py", line 1026, in __init__
    self._execute_child(args, executable, preexec_fn, close_fds,
  File "C:\Users\Dean\source\repos\Synapic.NET\build\_python\win-x64\python\Lib\subprocess.py", line 1538, in _execute_child
    hp, ht, pid, tid = _winapi.CreateProcess(executable, args,
                       ^^^^^^^^^^^^^^^^^^^^^^^^^^^^^^^^^^^^^^^
FileNotFoundError: [WinError 2] The system cannot find the file specified
144566 INFO: Executing: strip C:\Users\Dean\AppData\Local\pyinstaller\bincache10py31164bit\numpy\random\_mt19937.cp311-win_amd64.pyd
144567 WARNING: Failed to run strip on 'C:\\Users\\Dean\\AppData\\Local\\pyinstaller\\bincache10py31164bit\\numpy\\random\\_mt19937.cp311-win_amd64.pyd'!
Traceback (most recent call last):
  File "C:\Users\Dean\source\repos\Synapic.NET\build\_python\win-x64\python\Lib\site-packages\PyInstaller\building\utils.py", line 250, in process_collected_binary
    p = subprocess.run(
        ^^^^^^^^^^^^^^^
  File "C:\Users\Dean\source\repos\Synapic.NET\build\_python\win-x64\python\Lib\subprocess.py", line 548, in run
    with Popen(*popenargs, **kwargs) as process:
         ^^^^^^^^^^^^^^^^^^^^^^^^^^^
  File "C:\Users\Dean\source\repos\Synapic.NET\build\_python\win-x64\python\Lib\subprocess.py", line 1026, in __init__
    self._execute_child(args, executable, preexec_fn, close_fds,
  File "C:\Users\Dean\source\repos\Synapic.NET\build\_python\win-x64\python\Lib\subprocess.py", line 1538, in _execute_child
    hp, ht, pid, tid = _winapi.CreateProcess(executable, args,
                       ^^^^^^^^^^^^^^^^^^^^^^^^^^^^^^^^^^^^^^^
FileNotFoundError: [WinError 2] The system cannot find the file specified
144576 INFO: Executing: strip C:\Users\Dean\AppData\Local\pyinstaller\bincache10py31164bit\numpy\random\_generator.cp311-win_amd64.pyd
144578 WARNING: Failed to run strip on 'C:\\Users\\Dean\\AppData\\Local\\pyinstaller\\bincache10py31164bit\\numpy\\random\\_generator.cp311-win_amd64.pyd'!
Traceback (most recent call last):
  File "C:\Users\Dean\source\repos\Synapic.NET\build\_python\win-x64\python\Lib\site-packages\PyInstaller\building\utils.py", line 250, in process_collected_binary
    p = subprocess.run(
        ^^^^^^^^^^^^^^^
  File "C:\Users\Dean\source\repos\Synapic.NET\build\_python\win-x64\python\Lib\subprocess.py", line 548, in run
    with Popen(*popenargs, **kwargs) as process:
         ^^^^^^^^^^^^^^^^^^^^^^^^^^^
  File "C:\Users\Dean\source\repos\Synapic.NET\build\_python\win-x64\python\Lib\subprocess.py", line 1026, in __init__
    self._execute_child(args, executable, preexec_fn, close_fds,
  File "C:\Users\Dean\source\repos\Synapic.NET\build\_python\win-x64\python\Lib\subprocess.py", line 1538, in _execute_child
    hp, ht, pid, tid = _winapi.CreateProcess(executable, args,
                       ^^^^^^^^^^^^^^^^^^^^^^^^^^^^^^^^^^^^^^^
FileNotFoundError: [WinError 2] The system cannot find the file specified
144587 INFO: Executing: strip C:\Users\Dean\AppData\Local\pyinstaller\bincache10py31164bit\numpy\random\_common.cp311-win_amd64.pyd
144588 WARNING: Failed to run strip on 'C:\\Users\\Dean\\AppData\\Local\\pyinstaller\\bincache10py31164bit\\numpy\\random\\_common.cp311-win_amd64.pyd'!
Traceback (most recent call last):
  File "C:\Users\Dean\source\repos\Synapic.NET\build\_python\win-x64\python\Lib\site-packages\PyInstaller\building\utils.py", line 250, in process_collected_binary
    p = subprocess.run(
        ^^^^^^^^^^^^^^^
  File "C:\Users\Dean\source\repos\Synapic.NET\build\_python\win-x64\python\Lib\subprocess.py", line 548, in run
    with Popen(*popenargs, **kwargs) as process:
         ^^^^^^^^^^^^^^^^^^^^^^^^^^^
  File "C:\Users\Dean\source\repos\Synapic.NET\build\_python\win-x64\python\Lib\subprocess.py", line 1026, in __init__
    self._execute_child(args, executable, preexec_fn, close_fds,
  File "C:\Users\Dean\source\repos\Synapic.NET\build\_python\win-x64\python\Lib\subprocess.py", line 1538, in _execute_child
    hp, ht, pid, tid = _winapi.CreateProcess(executable, args,
                       ^^^^^^^^^^^^^^^^^^^^^^^^^^^^^^^^^^^^^^^
FileNotFoundError: [WinError 2] The system cannot find the file specified
144597 INFO: Executing: strip C:\Users\Dean\AppData\Local\pyinstaller\bincache10py31164bit\numpy\random\_bounded_integers.cp311-win_amd64.pyd
144598 WARNING: Failed to run strip on 'C:\\Users\\Dean\\AppData\\Local\\pyinstaller\\bincache10py31164bit\\numpy\\random\\_bounded_integers.cp311-win_amd64.pyd'!
Traceback (most recent call last):
  File "C:\Users\Dean\source\repos\Synapic.NET\build\_python\win-x64\python\Lib\site-packages\PyInstaller\building\utils.py", line 250, in process_collected_binary
    p = subprocess.run(
        ^^^^^^^^^^^^^^^
  File "C:\Users\Dean\source\repos\Synapic.NET\build\_python\win-x64\python\Lib\subprocess.py", line 548, in run
    with Popen(*popenargs, **kwargs) as process:
         ^^^^^^^^^^^^^^^^^^^^^^^^^^^
  File "C:\Users\Dean\source\repos\Synapic.NET\build\_python\win-x64\python\Lib\subprocess.py", line 1026, in __init__
    self._execute_child(args, executable, preexec_fn, close_fds,
  File "C:\Users\Dean\source\repos\Synapic.NET\build\_python\win-x64\python\Lib\subprocess.py", line 1538, in _execute_child
    hp, ht, pid, tid = _winapi.CreateProcess(executable, args,
                       ^^^^^^^^^^^^^^^^^^^^^^^^^^^^^^^^^^^^^^^
FileNotFoundError: [WinError 2] The system cannot find the file specified
144606 INFO: Executing: strip C:\Users\Dean\AppData\Local\pyinstaller\bincache10py31164bit\yaml\_yaml.cp311-win_amd64.pyd
144607 WARNING: Failed to run strip on 'C:\\Users\\Dean\\AppData\\Local\\pyinstaller\\bincache10py31164bit\\yaml\\_yaml.cp311-win_amd64.pyd'!
Traceback (most recent call last):
  File "C:\Users\Dean\source\repos\Synapic.NET\build\_python\win-x64\python\Lib\site-packages\PyInstaller\building\utils.py", line 250, in process_collected_binary
    p = subprocess.run(
        ^^^^^^^^^^^^^^^
  File "C:\Users\Dean\source\repos\Synapic.NET\build\_python\win-x64\python\Lib\subprocess.py", line 548, in run
    with Popen(*popenargs, **kwargs) as process:
         ^^^^^^^^^^^^^^^^^^^^^^^^^^^
  File "C:\Users\Dean\source\repos\Synapic.NET\build\_python\win-x64\python\Lib\subprocess.py", line 1026, in __init__
    self._execute_child(args, executable, preexec_fn, close_fds,
  File "C:\Users\Dean\source\repos\Synapic.NET\build\_python\win-x64\python\Lib\subprocess.py", line 1538, in _execute_child
    hp, ht, pid, tid = _winapi.CreateProcess(executable, args,
                       ^^^^^^^^^^^^^^^^^^^^^^^^^^^^^^^^^^^^^^^
FileNotFoundError: [WinError 2] The system cannot find the file specified
144614 INFO: Executing: strip C:\Users\Dean\AppData\Local\pyinstaller\bincache10py31164bit\torch\_C.cp311-win_amd64.pyd
144616 WARNING: Failed to run strip on 'C:\\Users\\Dean\\AppData\\Local\\pyinstaller\\bincache10py31164bit\\torch\\_C.cp311-win_amd64.pyd'!
Traceback (most recent call last):
  File "C:\Users\Dean\source\repos\Synapic.NET\build\_python\win-x64\python\Lib\site-packages\PyInstaller\building\utils.py", line 250, in process_collected_binary
    p = subprocess.run(
        ^^^^^^^^^^^^^^^
  File "C:\Users\Dean\source\repos\Synapic.NET\build\_python\win-x64\python\Lib\subprocess.py", line 548, in run
    with Popen(*popenargs, **kwargs) as process:
         ^^^^^^^^^^^^^^^^^^^^^^^^^^^
  File "C:\Users\Dean\source\repos\Synapic.NET\build\_python\win-x64\python\Lib\subprocess.py", line 1026, in __init__
    self._execute_child(args, executable, preexec_fn, close_fds,
  File "C:\Users\Dean\source\repos\Synapic.NET\build\_python\win-x64\python\Lib\subprocess.py", line 1538, in _execute_child
    hp, ht, pid, tid = _winapi.CreateProcess(executable, args,
                       ^^^^^^^^^^^^^^^^^^^^^^^^^^^^^^^^^^^^^^^
FileNotFoundError: [WinError 2] The system cannot find the file specified
144630 INFO: Executing: strip C:\Users\Dean\AppData\Local\pyinstaller\bincache10py31164bit\PIL\_imagingft.cp311-win_amd64.pyd
144631 WARNING: Failed to run strip on 'C:\\Users\\Dean\\AppData\\Local\\pyinstaller\\bincache10py31164bit\\PIL\\_imagingft.cp311-win_amd64.pyd'!
Traceback (most recent call last):
  File "C:\Users\Dean\source\repos\Synapic.NET\build\_python\win-x64\python\Lib\site-packages\PyInstaller\building\utils.py", line 250, in process_collected_binary
    p = subprocess.run(
        ^^^^^^^^^^^^^^^
  File "C:\Users\Dean\source\repos\Synapic.NET\build\_python\win-x64\python\Lib\subprocess.py", line 548, in run
    with Popen(*popenargs, **kwargs) as process:
         ^^^^^^^^^^^^^^^^^^^^^^^^^^^
  File "C:\Users\Dean\source\repos\Synapic.NET\build\_python\win-x64\python\Lib\subprocess.py", line 1026, in __init__
    self._execute_child(args, executable, preexec_fn, close_fds,
  File "C:\Users\Dean\source\repos\Synapic.NET\build\_python\win-x64\python\Lib\subprocess.py", line 1538, in _execute_child
    hp, ht, pid, tid = _winapi.CreateProcess(executable, args,
                       ^^^^^^^^^^^^^^^^^^^^^^^^^^^^^^^^^^^^^^^
FileNotFoundError: [WinError 2] The system cannot find the file specified
144659 INFO: Executing: strip C:\Users\Dean\AppData\Local\pyinstaller\bincache10py31164bit\PIL\_imaging.cp311-win_amd64.pyd
144662 WARNING: Failed to run strip on 'C:\\Users\\Dean\\AppData\\Local\\pyinstaller\\bincache10py31164bit\\PIL\\_imaging.cp311-win_amd64.pyd'!
Traceback (most recent call last):
  File "C:\Users\Dean\source\repos\Synapic.NET\build\_python\win-x64\python\Lib\site-packages\PyInstaller\building\utils.py", line 250, in process_collected_binary
    p = subprocess.run(
        ^^^^^^^^^^^^^^^
  File "C:\Users\Dean\source\repos\Synapic.NET\build\_python\win-x64\python\Lib\subprocess.py", line 548, in run
    with Popen(*popenargs, **kwargs) as process:
         ^^^^^^^^^^^^^^^^^^^^^^^^^^^
  File "C:\Users\Dean\source\repos\Synapic.NET\build\_python\win-x64\python\Lib\subprocess.py", line 1026, in __init__
    self._execute_child(args, executable, preexec_fn, close_fds,
  File "C:\Users\Dean\source\repos\Synapic.NET\build\_python\win-x64\python\Lib\subprocess.py", line 1538, in _execute_child
    hp, ht, pid, tid = _winapi.CreateProcess(executable, args,
                       ^^^^^^^^^^^^^^^^^^^^^^^^^^^^^^^^^^^^^^^
FileNotFoundError: [WinError 2] The system cannot find the file specified
144671 INFO: Executing: strip C:\Users\Dean\AppData\Local\pyinstaller\bincache10py31164bit\av\video\reformatter.pyd
144674 WARNING: Failed to run strip on 'C:\\Users\\Dean\\AppData\\Local\\pyinstaller\\bincache10py31164bit\\av\\video\\reformatter.pyd'!
Traceback (most recent call last):
  File "C:\Users\Dean\source\repos\Synapic.NET\build\_python\win-x64\python\Lib\site-packages\PyInstaller\building\utils.py", line 250, in process_collected_binary
    p = subprocess.run(
        ^^^^^^^^^^^^^^^
  File "C:\Users\Dean\source\repos\Synapic.NET\build\_python\win-x64\python\Lib\subprocess.py", line 548, in run
    with Popen(*popenargs, **kwargs) as process:
         ^^^^^^^^^^^^^^^^^^^^^^^^^^^
  File "C:\Users\Dean\source\repos\Synapic.NET\build\_python\win-x64\python\Lib\subprocess.py", line 1026, in __init__
    self._execute_child(args, executable, preexec_fn, close_fds,
  File "C:\Users\Dean\source\repos\Synapic.NET\build\_python\win-x64\python\Lib\subprocess.py", line 1538, in _execute_child
    hp, ht, pid, tid = _winapi.CreateProcess(executable, args,
                       ^^^^^^^^^^^^^^^^^^^^^^^^^^^^^^^^^^^^^^^
FileNotFoundError: [WinError 2] The system cannot find the file specified
144689 INFO: Executing: strip C:\Users\Dean\AppData\Local\pyinstaller\bincache10py31164bit\av\video\plane.pyd
144691 WARNING: Failed to run strip on 'C:\\Users\\Dean\\AppData\\Local\\pyinstaller\\bincache10py31164bit\\av\\video\\plane.pyd'!
Traceback (most recent call last):
  File "C:\Users\Dean\source\repos\Synapic.NET\build\_python\win-x64\python\Lib\site-packages\PyInstaller\building\utils.py", line 250, in process_collected_binary
    p = subprocess.run(
        ^^^^^^^^^^^^^^^
  File "C:\Users\Dean\source\repos\Synapic.NET\build\_python\win-x64\python\Lib\subprocess.py", line 548, in run
    with Popen(*popenargs, **kwargs) as process:
         ^^^^^^^^^^^^^^^^^^^^^^^^^^^
  File "C:\Users\Dean\source\repos\Synapic.NET\build\_python\win-x64\python\Lib\subprocess.py", line 1026, in __init__
    self._execute_child(args, executable, preexec_fn, close_fds,
  File "C:\Users\Dean\source\repos\Synapic.NET\build\_python\win-x64\python\Lib\subprocess.py", line 1538, in _execute_child
    hp, ht, pid, tid = _winapi.CreateProcess(executable, args,
                       ^^^^^^^^^^^^^^^^^^^^^^^^^^^^^^^^^^^^^^^
FileNotFoundError: [WinError 2] The system cannot find the file specified
144699 INFO: Executing: strip C:\Users\Dean\AppData\Local\pyinstaller\bincache10py31164bit\av\utils.pyd
144701 WARNING: Failed to run strip on 'C:\\Users\\Dean\\AppData\\Local\\pyinstaller\\bincache10py31164bit\\av\\utils.pyd'!
Traceback (most recent call last):
  File "C:\Users\Dean\source\repos\Synapic.NET\build\_python\win-x64\python\Lib\site-packages\PyInstaller\building\utils.py", line 250, in process_collected_binary
    p = subprocess.run(
        ^^^^^^^^^^^^^^^
  File "C:\Users\Dean\source\repos\Synapic.NET\build\_python\win-x64\python\Lib\subprocess.py", line 548, in run
    with Popen(*popenargs, **kwargs) as process:
         ^^^^^^^^^^^^^^^^^^^^^^^^^^^
  File "C:\Users\Dean\source\repos\Synapic.NET\build\_python\win-x64\python\Lib\subprocess.py", line 1026, in __init__
    self._execute_child(args, executable, preexec_fn, close_fds,
  File "C:\Users\Dean\source\repos\Synapic.NET\build\_python\win-x64\python\Lib\subprocess.py", line 1538, in _execute_child
    hp, ht, pid, tid = _winapi.CreateProcess(executable, args,
                       ^^^^^^^^^^^^^^^^^^^^^^^^^^^^^^^^^^^^^^^
FileNotFoundError: [WinError 2] The system cannot find the file specified
144711 INFO: Executing: strip C:\Users\Dean\AppData\Local\pyinstaller\bincache10py31164bit\av\subtitles\subtitle.pyd
144713 WARNING: Failed to run strip on 'C:\\Users\\Dean\\AppData\\Local\\pyinstaller\\bincache10py31164bit\\av\\subtitles\\subtitle.pyd'!
Traceback (most recent call last):
  File "C:\Users\Dean\source\repos\Synapic.NET\build\_python\win-x64\python\Lib\site-packages\PyInstaller\building\utils.py", line 250, in process_collected_binary
    p = subprocess.run(
        ^^^^^^^^^^^^^^^
  File "C:\Users\Dean\source\repos\Synapic.NET\build\_python\win-x64\python\Lib\subprocess.py", line 548, in run
    with Popen(*popenargs, **kwargs) as process:
         ^^^^^^^^^^^^^^^^^^^^^^^^^^^
  File "C:\Users\Dean\source\repos\Synapic.NET\build\_python\win-x64\python\Lib\subprocess.py", line 1026, in __init__
    self._execute_child(args, executable, preexec_fn, close_fds,
  File "C:\Users\Dean\source\repos\Synapic.NET\build\_python\win-x64\python\Lib\subprocess.py", line 1538, in _execute_child
    hp, ht, pid, tid = _winapi.CreateProcess(executable, args,
                       ^^^^^^^^^^^^^^^^^^^^^^^^^^^^^^^^^^^^^^^
FileNotFoundError: [WinError 2] The system cannot find the file specified
144723 INFO: Executing: strip C:\Users\Dean\AppData\Local\pyinstaller\bincache10py31164bit\av\subtitles\stream.pyd
144725 WARNING: Failed to run strip on 'C:\\Users\\Dean\\AppData\\Local\\pyinstaller\\bincache10py31164bit\\av\\subtitles\\stream.pyd'!
Traceback (most recent call last):
  File "C:\Users\Dean\source\repos\Synapic.NET\build\_python\win-x64\python\Lib\site-packages\PyInstaller\building\utils.py", line 250, in process_collected_binary
    p = subprocess.run(
        ^^^^^^^^^^^^^^^
  File "C:\Users\Dean\source\repos\Synapic.NET\build\_python\win-x64\python\Lib\subprocess.py", line 548, in run
    with Popen(*popenargs, **kwargs) as process:
         ^^^^^^^^^^^^^^^^^^^^^^^^^^^
  File "C:\Users\Dean\source\repos\Synapic.NET\build\_python\win-x64\python\Lib\subprocess.py", line 1026, in __init__
    self._execute_child(args, executable, preexec_fn, close_fds,
  File "C:\Users\Dean\source\repos\Synapic.NET\build\_python\win-x64\python\Lib\subprocess.py", line 1538, in _execute_child
    hp, ht, pid, tid = _winapi.CreateProcess(executable, args,
                       ^^^^^^^^^^^^^^^^^^^^^^^^^^^^^^^^^^^^^^^
FileNotFoundError: [WinError 2] The system cannot find the file specified
144734 INFO: Executing: strip C:\Users\Dean\AppData\Local\pyinstaller\bincache10py31164bit\av\subtitles\codeccontext.pyd
144736 WARNING: Failed to run strip on 'C:\\Users\\Dean\\AppData\\Local\\pyinstaller\\bincache10py31164bit\\av\\subtitles\\codeccontext.pyd'!
Traceback (most recent call last):
  File "C:\Users\Dean\source\repos\Synapic.NET\build\_python\win-x64\python\Lib\site-packages\PyInstaller\building\utils.py", line 250, in process_collected_binary
    p = subprocess.run(
        ^^^^^^^^^^^^^^^
  File "C:\Users\Dean\source\repos\Synapic.NET\build\_python\win-x64\python\Lib\subprocess.py", line 548, in run
    with Popen(*popenargs, **kwargs) as process:
         ^^^^^^^^^^^^^^^^^^^^^^^^^^^
  File "C:\Users\Dean\source\repos\Synapic.NET\build\_python\win-x64\python\Lib\subprocess.py", line 1026, in __init__
    self._execute_child(args, executable, preexec_fn, close_fds,
  File "C:\Users\Dean\source\repos\Synapic.NET\build\_python\win-x64\python\Lib\subprocess.py", line 1538, in _execute_child
    hp, ht, pid, tid = _winapi.CreateProcess(executable, args,
                       ^^^^^^^^^^^^^^^^^^^^^^^^^^^^^^^^^^^^^^^
FileNotFoundError: [WinError 2] The system cannot find the file specified
144747 INFO: Executing: strip C:\Users\Dean\AppData\Local\pyinstaller\bincache10py31164bit\av\stream.pyd
144749 WARNING: Failed to run strip on 'C:\\Users\\Dean\\AppData\\Local\\pyinstaller\\bincache10py31164bit\\av\\stream.pyd'!
Traceback (most recent call last):
  File "C:\Users\Dean\source\repos\Synapic.NET\build\_python\win-x64\python\Lib\site-packages\PyInstaller\building\utils.py", line 250, in process_collected_binary
    p = subprocess.run(
        ^^^^^^^^^^^^^^^
  File "C:\Users\Dean\source\repos\Synapic.NET\build\_python\win-x64\python\Lib\subprocess.py", line 548, in run
    with Popen(*popenargs, **kwargs) as process:
         ^^^^^^^^^^^^^^^^^^^^^^^^^^^
  File "C:\Users\Dean\source\repos\Synapic.NET\build\_python\win-x64\python\Lib\subprocess.py", line 1026, in __init__
    self._execute_child(args, executable, preexec_fn, close_fds,
  File "C:\Users\Dean\source\repos\Synapic.NET\build\_python\win-x64\python\Lib\subprocess.py", line 1538, in _execute_child
    hp, ht, pid, tid = _winapi.CreateProcess(executable, args,
                       ^^^^^^^^^^^^^^^^^^^^^^^^^^^^^^^^^^^^^^^
FileNotFoundError: [WinError 2] The system cannot find the file specified
144759 INFO: Executing: strip C:\Users\Dean\AppData\Local\pyinstaller\bincache10py31164bit\av\sidedata\sidedata.pyd
144765 WARNING: Failed to run strip on 'C:\\Users\\Dean\\AppData\\Local\\pyinstaller\\bincache10py31164bit\\av\\sidedata\\sidedata.pyd'!
Traceback (most recent call last):
  File "C:\Users\Dean\source\repos\Synapic.NET\build\_python\win-x64\python\Lib\site-packages\PyInstaller\building\utils.py", line 250, in process_collected_binary
    p = subprocess.run(
        ^^^^^^^^^^^^^^^
  File "C:\Users\Dean\source\repos\Synapic.NET\build\_python\win-x64\python\Lib\subprocess.py", line 548, in run
    with Popen(*popenargs, **kwargs) as process:
         ^^^^^^^^^^^^^^^^^^^^^^^^^^^
  File "C:\Users\Dean\source\repos\Synapic.NET\build\_python\win-x64\python\Lib\subprocess.py", line 1026, in __init__
    self._execute_child(args, executable, preexec_fn, close_fds,
  File "C:\Users\Dean\source\repos\Synapic.NET\build\_python\win-x64\python\Lib\subprocess.py", line 1538, in _execute_child
    hp, ht, pid, tid = _winapi.CreateProcess(executable, args,
                       ^^^^^^^^^^^^^^^^^^^^^^^^^^^^^^^^^^^^^^^
FileNotFoundError: [WinError 2] The system cannot find the file specified
144773 INFO: Executing: strip C:\Users\Dean\AppData\Local\pyinstaller\bincache10py31164bit\av\sidedata\motionvectors.pyd
144774 WARNING: Failed to run strip on 'C:\\Users\\Dean\\AppData\\Local\\pyinstaller\\bincache10py31164bit\\av\\sidedata\\motionvectors.pyd'!
Traceback (most recent call last):
  File "C:\Users\Dean\source\repos\Synapic.NET\build\_python\win-x64\python\Lib\site-packages\PyInstaller\building\utils.py", line 250, in process_collected_binary
    p = subprocess.run(
        ^^^^^^^^^^^^^^^
  File "C:\Users\Dean\source\repos\Synapic.NET\build\_python\win-x64\python\Lib\subprocess.py", line 548, in run
    with Popen(*popenargs, **kwargs) as process:
         ^^^^^^^^^^^^^^^^^^^^^^^^^^^
  File "C:\Users\Dean\source\repos\Synapic.NET\build\_python\win-x64\python\Lib\subprocess.py", line 1026, in __init__
    self._execute_child(args, executable, preexec_fn, close_fds,
  File "C:\Users\Dean\source\repos\Synapic.NET\build\_python\win-x64\python\Lib\subprocess.py", line 1538, in _execute_child
    hp, ht, pid, tid = _winapi.CreateProcess(executable, args,
                       ^^^^^^^^^^^^^^^^^^^^^^^^^^^^^^^^^^^^^^^
FileNotFoundError: [WinError 2] The system cannot find the file specified
144783 INFO: Executing: strip C:\Users\Dean\AppData\Local\pyinstaller\bincache10py31164bit\av\sidedata\encparams.pyd
144789 WARNING: Failed to run strip on 'C:\\Users\\Dean\\AppData\\Local\\pyinstaller\\bincache10py31164bit\\av\\sidedata\\encparams.pyd'!
Traceback (most recent call last):
  File "C:\Users\Dean\source\repos\Synapic.NET\build\_python\win-x64\python\Lib\site-packages\PyInstaller\building\utils.py", line 250, in process_collected_binary
    p = subprocess.run(
        ^^^^^^^^^^^^^^^
  File "C:\Users\Dean\source\repos\Synapic.NET\build\_python\win-x64\python\Lib\subprocess.py", line 548, in run
    with Popen(*popenargs, **kwargs) as process:
         ^^^^^^^^^^^^^^^^^^^^^^^^^^^
  File "C:\Users\Dean\source\repos\Synapic.NET\build\_python\win-x64\python\Lib\subprocess.py", line 1026, in __init__
    self._execute_child(args, executable, preexec_fn, close_fds,
  File "C:\Users\Dean\source\repos\Synapic.NET\build\_python\win-x64\python\Lib\subprocess.py", line 1538, in _execute_child
    hp, ht, pid, tid = _winapi.CreateProcess(executable, args,
                       ^^^^^^^^^^^^^^^^^^^^^^^^^^^^^^^^^^^^^^^
FileNotFoundError: [WinError 2] The system cannot find the file specified
144802 INFO: Executing: strip C:\Users\Dean\AppData\Local\pyinstaller\bincache10py31164bit\av\plane.pyd
144804 WARNING: Failed to run strip on 'C:\\Users\\Dean\\AppData\\Local\\pyinstaller\\bincache10py31164bit\\av\\plane.pyd'!
Traceback (most recent call last):
  File "C:\Users\Dean\source\repos\Synapic.NET\build\_python\win-x64\python\Lib\site-packages\PyInstaller\building\utils.py", line 250, in process_collected_binary
    p = subprocess.run(
        ^^^^^^^^^^^^^^^
  File "C:\Users\Dean\source\repos\Synapic.NET\build\_python\win-x64\python\Lib\subprocess.py", line 548, in run
    with Popen(*popenargs, **kwargs) as process:
         ^^^^^^^^^^^^^^^^^^^^^^^^^^^
  File "C:\Users\Dean\source\repos\Synapic.NET\build\_python\win-x64\python\Lib\subprocess.py", line 1026, in __init__
    self._execute_child(args, executable, preexec_fn, close_fds,
  File "C:\Users\Dean\source\repos\Synapic.NET\build\_python\win-x64\python\Lib\subprocess.py", line 1538, in _execute_child
    hp, ht, pid, tid = _winapi.CreateProcess(executable, args,
                       ^^^^^^^^^^^^^^^^^^^^^^^^^^^^^^^^^^^^^^^
FileNotFoundError: [WinError 2] The system cannot find the file specified
144819 INFO: Executing: strip C:\Users\Dean\AppData\Local\pyinstaller\bincache10py31164bit\av\opaque.pyd
144820 WARNING: Failed to run strip on 'C:\\Users\\Dean\\AppData\\Local\\pyinstaller\\bincache10py31164bit\\av\\opaque.pyd'!
Traceback (most recent call last):
  File "C:\Users\Dean\source\repos\Synapic.NET\build\_python\win-x64\python\Lib\site-packages\PyInstaller\building\utils.py", line 250, in process_collected_binary
    p = subprocess.run(
        ^^^^^^^^^^^^^^^
  File "C:\Users\Dean\source\repos\Synapic.NET\build\_python\win-x64\python\Lib\subprocess.py", line 548, in run
    with Popen(*popenargs, **kwargs) as process:
         ^^^^^^^^^^^^^^^^^^^^^^^^^^^
  File "C:\Users\Dean\source\repos\Synapic.NET\build\_python\win-x64\python\Lib\subprocess.py", line 1026, in __init__
    self._execute_child(args, executable, preexec_fn, close_fds,
  File "C:\Users\Dean\source\repos\Synapic.NET\build\_python\win-x64\python\Lib\subprocess.py", line 1538, in _execute_child
    hp, ht, pid, tid = _winapi.CreateProcess(executable, args,
                       ^^^^^^^^^^^^^^^^^^^^^^^^^^^^^^^^^^^^^^^
FileNotFoundError: [WinError 2] The system cannot find the file specified
144881 INFO: Executing: strip C:\Users\Dean\AppData\Local\pyinstaller\bincache10py31164bit\av\index.pyd
144886 WARNING: Failed to run strip on 'C:\\Users\\Dean\\AppData\\Local\\pyinstaller\\bincache10py31164bit\\av\\index.pyd'!
Traceback (most recent call last):
  File "C:\Users\Dean\source\repos\Synapic.NET\build\_python\win-x64\python\Lib\site-packages\PyInstaller\building\utils.py", line 250, in process_collected_binary
    p = subprocess.run(
        ^^^^^^^^^^^^^^^
  File "C:\Users\Dean\source\repos\Synapic.NET\build\_python\win-x64\python\Lib\subprocess.py", line 548, in run
    with Popen(*popenargs, **kwargs) as process:
         ^^^^^^^^^^^^^^^^^^^^^^^^^^^
  File "C:\Users\Dean\source\repos\Synapic.NET\build\_python\win-x64\python\Lib\subprocess.py", line 1026, in __init__
    self._execute_child(args, executable, preexec_fn, close_fds,
  File "C:\Users\Dean\source\repos\Synapic.NET\build\_python\win-x64\python\Lib\subprocess.py", line 1538, in _execute_child
    hp, ht, pid, tid = _winapi.CreateProcess(executable, args,
                       ^^^^^^^^^^^^^^^^^^^^^^^^^^^^^^^^^^^^^^^
FileNotFoundError: [WinError 2] The system cannot find the file specified
144904 INFO: Executing: strip C:\Users\Dean\AppData\Local\pyinstaller\bincache10py31164bit\av\frame.pyd
144906 WARNING: Failed to run strip on 'C:\\Users\\Dean\\AppData\\Local\\pyinstaller\\bincache10py31164bit\\av\\frame.pyd'!
Traceback (most recent call last):
  File "C:\Users\Dean\source\repos\Synapic.NET\build\_python\win-x64\python\Lib\site-packages\PyInstaller\building\utils.py", line 250, in process_collected_binary
    p = subprocess.run(
        ^^^^^^^^^^^^^^^
  File "C:\Users\Dean\source\repos\Synapic.NET\build\_python\win-x64\python\Lib\subprocess.py", line 548, in run
    with Popen(*popenargs, **kwargs) as process:
         ^^^^^^^^^^^^^^^^^^^^^^^^^^^
  File "C:\Users\Dean\source\repos\Synapic.NET\build\_python\win-x64\python\Lib\subprocess.py", line 1026, in __init__
    self._execute_child(args, executable, preexec_fn, close_fds,
  File "C:\Users\Dean\source\repos\Synapic.NET\build\_python\win-x64\python\Lib\subprocess.py", line 1538, in _execute_child
    hp, ht, pid, tid = _winapi.CreateProcess(executable, args,
                       ^^^^^^^^^^^^^^^^^^^^^^^^^^^^^^^^^^^^^^^
FileNotFoundError: [WinError 2] The system cannot find the file specified
144919 INFO: Executing: strip C:\Users\Dean\AppData\Local\pyinstaller\bincache10py31164bit\av\filter\loudnorm.pyd
144923 WARNING: Failed to run strip on 'C:\\Users\\Dean\\AppData\\Local\\pyinstaller\\bincache10py31164bit\\av\\filter\\loudnorm.pyd'!
Traceback (most recent call last):
  File "C:\Users\Dean\source\repos\Synapic.NET\build\_python\win-x64\python\Lib\site-packages\PyInstaller\building\utils.py", line 250, in process_collected_binary
    p = subprocess.run(
        ^^^^^^^^^^^^^^^
  File "C:\Users\Dean\source\repos\Synapic.NET\build\_python\win-x64\python\Lib\subprocess.py", line 548, in run
    with Popen(*popenargs, **kwargs) as process:
         ^^^^^^^^^^^^^^^^^^^^^^^^^^^
  File "C:\Users\Dean\source\repos\Synapic.NET\build\_python\win-x64\python\Lib\subprocess.py", line 1026, in __init__
    self._execute_child(args, executable, preexec_fn, close_fds,
  File "C:\Users\Dean\source\repos\Synapic.NET\build\_python\win-x64\python\Lib\subprocess.py", line 1538, in _execute_child
    hp, ht, pid, tid = _winapi.CreateProcess(executable, args,
                       ^^^^^^^^^^^^^^^^^^^^^^^^^^^^^^^^^^^^^^^
FileNotFoundError: [WinError 2] The system cannot find the file specified
144934 INFO: Executing: strip C:\Users\Dean\AppData\Local\pyinstaller\bincache10py31164bit\av\filter\link.pyd
144939 WARNING: Failed to run strip on 'C:\\Users\\Dean\\AppData\\Local\\pyinstaller\\bincache10py31164bit\\av\\filter\\link.pyd'!
Traceback (most recent call last):
  File "C:\Users\Dean\source\repos\Synapic.NET\build\_python\win-x64\python\Lib\site-packages\PyInstaller\building\utils.py", line 250, in process_collected_binary
    p = subprocess.run(
        ^^^^^^^^^^^^^^^
  File "C:\Users\Dean\source\repos\Synapic.NET\build\_python\win-x64\python\Lib\subprocess.py", line 548, in run
    with Popen(*popenargs, **kwargs) as process:
         ^^^^^^^^^^^^^^^^^^^^^^^^^^^
  File "C:\Users\Dean\source\repos\Synapic.NET\build\_python\win-x64\python\Lib\subprocess.py", line 1026, in __init__
    self._execute_child(args, executable, preexec_fn, close_fds,
  File "C:\Users\Dean\source\repos\Synapic.NET\build\_python\win-x64\python\Lib\subprocess.py", line 1538, in _execute_child
    hp, ht, pid, tid = _winapi.CreateProcess(executable, args,
                       ^^^^^^^^^^^^^^^^^^^^^^^^^^^^^^^^^^^^^^^
FileNotFoundError: [WinError 2] The system cannot find the file specified
144955 INFO: Executing: strip C:\Users\Dean\AppData\Local\pyinstaller\bincache10py31164bit\av\filter\graph.pyd
144958 WARNING: Failed to run strip on 'C:\\Users\\Dean\\AppData\\Local\\pyinstaller\\bincache10py31164bit\\av\\filter\\graph.pyd'!
Traceback (most recent call last):
  File "C:\Users\Dean\source\repos\Synapic.NET\build\_python\win-x64\python\Lib\site-packages\PyInstaller\building\utils.py", line 250, in process_collected_binary
    p = subprocess.run(
        ^^^^^^^^^^^^^^^
  File "C:\Users\Dean\source\repos\Synapic.NET\build\_python\win-x64\python\Lib\subprocess.py", line 548, in run
    with Popen(*popenargs, **kwargs) as process:
         ^^^^^^^^^^^^^^^^^^^^^^^^^^^
  File "C:\Users\Dean\source\repos\Synapic.NET\build\_python\win-x64\python\Lib\subprocess.py", line 1026, in __init__
    self._execute_child(args, executable, preexec_fn, close_fds,
  File "C:\Users\Dean\source\repos\Synapic.NET\build\_python\win-x64\python\Lib\subprocess.py", line 1538, in _execute_child
    hp, ht, pid, tid = _winapi.CreateProcess(executable, args,
                       ^^^^^^^^^^^^^^^^^^^^^^^^^^^^^^^^^^^^^^^
FileNotFoundError: [WinError 2] The system cannot find the file specified
144969 INFO: Executing: strip C:\Users\Dean\AppData\Local\pyinstaller\bincache10py31164bit\av\filter\filter.pyd
144972 WARNING: Failed to run strip on 'C:\\Users\\Dean\\AppData\\Local\\pyinstaller\\bincache10py31164bit\\av\\filter\\filter.pyd'!
Traceback (most recent call last):
  File "C:\Users\Dean\source\repos\Synapic.NET\build\_python\win-x64\python\Lib\site-packages\PyInstaller\building\utils.py", line 250, in process_collected_binary
    p = subprocess.run(
        ^^^^^^^^^^^^^^^
  File "C:\Users\Dean\source\repos\Synapic.NET\build\_python\win-x64\python\Lib\subprocess.py", line 548, in run
    with Popen(*popenargs, **kwargs) as process:
         ^^^^^^^^^^^^^^^^^^^^^^^^^^^
  File "C:\Users\Dean\source\repos\Synapic.NET\build\_python\win-x64\python\Lib\subprocess.py", line 1026, in __init__
    self._execute_child(args, executable, preexec_fn, close_fds,
  File "C:\Users\Dean\source\repos\Synapic.NET\build\_python\win-x64\python\Lib\subprocess.py", line 1538, in _execute_child
    hp, ht, pid, tid = _winapi.CreateProcess(executable, args,
                       ^^^^^^^^^^^^^^^^^^^^^^^^^^^^^^^^^^^^^^^
FileNotFoundError: [WinError 2] The system cannot find the file specified
144979 INFO: Executing: strip C:\Users\Dean\AppData\Local\pyinstaller\bincache10py31164bit\av\filter\context.pyd
144980 WARNING: Failed to run strip on 'C:\\Users\\Dean\\AppData\\Local\\pyinstaller\\bincache10py31164bit\\av\\filter\\context.pyd'!
Traceback (most recent call last):
  File "C:\Users\Dean\source\repos\Synapic.NET\build\_python\win-x64\python\Lib\site-packages\PyInstaller\building\utils.py", line 250, in process_collected_binary
    p = subprocess.run(
        ^^^^^^^^^^^^^^^
  File "C:\Users\Dean\source\repos\Synapic.NET\build\_python\win-x64\python\Lib\subprocess.py", line 548, in run
    with Popen(*popenargs, **kwargs) as process:
         ^^^^^^^^^^^^^^^^^^^^^^^^^^^
  File "C:\Users\Dean\source\repos\Synapic.NET\build\_python\win-x64\python\Lib\subprocess.py", line 1026, in __init__
    self._execute_child(args, executable, preexec_fn, close_fds,
  File "C:\Users\Dean\source\repos\Synapic.NET\build\_python\win-x64\python\Lib\subprocess.py", line 1538, in _execute_child
    hp, ht, pid, tid = _winapi.CreateProcess(executable, args,
                       ^^^^^^^^^^^^^^^^^^^^^^^^^^^^^^^^^^^^^^^
FileNotFoundError: [WinError 2] The system cannot find the file specified
144986 INFO: Executing: strip C:\Users\Dean\AppData\Local\pyinstaller\bincache10py31164bit\av\dictionary.pyd
144987 WARNING: Failed to run strip on 'C:\\Users\\Dean\\AppData\\Local\\pyinstaller\\bincache10py31164bit\\av\\dictionary.pyd'!
Traceback (most recent call last):
  File "C:\Users\Dean\source\repos\Synapic.NET\build\_python\win-x64\python\Lib\site-packages\PyInstaller\building\utils.py", line 250, in process_collected_binary
    p = subprocess.run(
        ^^^^^^^^^^^^^^^
  File "C:\Users\Dean\source\repos\Synapic.NET\build\_python\win-x64\python\Lib\subprocess.py", line 548, in run
    with Popen(*popenargs, **kwargs) as process:
         ^^^^^^^^^^^^^^^^^^^^^^^^^^^
  File "C:\Users\Dean\source\repos\Synapic.NET\build\_python\win-x64\python\Lib\subprocess.py", line 1026, in __init__
    self._execute_child(args, executable, preexec_fn, close_fds,
  File "C:\Users\Dean\source\repos\Synapic.NET\build\_python\win-x64\python\Lib\subprocess.py", line 1538, in _execute_child
    hp, ht, pid, tid = _winapi.CreateProcess(executable, args,
                       ^^^^^^^^^^^^^^^^^^^^^^^^^^^^^^^^^^^^^^^
FileNotFoundError: [WinError 2] The system cannot find the file specified
144993 INFO: Executing: strip C:\Users\Dean\AppData\Local\pyinstaller\bincache10py31164bit\av\container\streams.pyd
144994 WARNING: Failed to run strip on 'C:\\Users\\Dean\\AppData\\Local\\pyinstaller\\bincache10py31164bit\\av\\container\\streams.pyd'!
Traceback (most recent call last):
  File "C:\Users\Dean\source\repos\Synapic.NET\build\_python\win-x64\python\Lib\site-packages\PyInstaller\building\utils.py", line 250, in process_collected_binary
    p = subprocess.run(
        ^^^^^^^^^^^^^^^
  File "C:\Users\Dean\source\repos\Synapic.NET\build\_python\win-x64\python\Lib\subprocess.py", line 548, in run
    with Popen(*popenargs, **kwargs) as process:
         ^^^^^^^^^^^^^^^^^^^^^^^^^^^
  File "C:\Users\Dean\source\repos\Synapic.NET\build\_python\win-x64\python\Lib\subprocess.py", line 1026, in __init__
    self._execute_child(args, executable, preexec_fn, close_fds,
  File "C:\Users\Dean\source\repos\Synapic.NET\build\_python\win-x64\python\Lib\subprocess.py", line 1538, in _execute_child
    hp, ht, pid, tid = _winapi.CreateProcess(executable, args,
                       ^^^^^^^^^^^^^^^^^^^^^^^^^^^^^^^^^^^^^^^
FileNotFoundError: [WinError 2] The system cannot find the file specified
145000 INFO: Executing: strip C:\Users\Dean\AppData\Local\pyinstaller\bincache10py31164bit\av\container\pyio.pyd
145000 WARNING: Failed to run strip on 'C:\\Users\\Dean\\AppData\\Local\\pyinstaller\\bincache10py31164bit\\av\\container\\pyio.pyd'!
Traceback (most recent call last):
  File "C:\Users\Dean\source\repos\Synapic.NET\build\_python\win-x64\python\Lib\site-packages\PyInstaller\building\utils.py", line 250, in process_collected_binary
    p = subprocess.run(
        ^^^^^^^^^^^^^^^
  File "C:\Users\Dean\source\repos\Synapic.NET\build\_python\win-x64\python\Lib\subprocess.py", line 548, in run
    with Popen(*popenargs, **kwargs) as process:
         ^^^^^^^^^^^^^^^^^^^^^^^^^^^
  File "C:\Users\Dean\source\repos\Synapic.NET\build\_python\win-x64\python\Lib\subprocess.py", line 1026, in __init__
    self._execute_child(args, executable, preexec_fn, close_fds,
  File "C:\Users\Dean\source\repos\Synapic.NET\build\_python\win-x64\python\Lib\subprocess.py", line 1538, in _execute_child
    hp, ht, pid, tid = _winapi.CreateProcess(executable, args,
                       ^^^^^^^^^^^^^^^^^^^^^^^^^^^^^^^^^^^^^^^
FileNotFoundError: [WinError 2] The system cannot find the file specified
145006 INFO: Executing: strip C:\Users\Dean\AppData\Local\pyinstaller\bincache10py31164bit\av\container\output.pyd
145008 WARNING: Failed to run strip on 'C:\\Users\\Dean\\AppData\\Local\\pyinstaller\\bincache10py31164bit\\av\\container\\output.pyd'!
Traceback (most recent call last):
  File "C:\Users\Dean\source\repos\Synapic.NET\build\_python\win-x64\python\Lib\site-packages\PyInstaller\building\utils.py", line 250, in process_collected_binary
    p = subprocess.run(
        ^^^^^^^^^^^^^^^
  File "C:\Users\Dean\source\repos\Synapic.NET\build\_python\win-x64\python\Lib\subprocess.py", line 548, in run
    with Popen(*popenargs, **kwargs) as process:
         ^^^^^^^^^^^^^^^^^^^^^^^^^^^
  File "C:\Users\Dean\source\repos\Synapic.NET\build\_python\win-x64\python\Lib\subprocess.py", line 1026, in __init__
    self._execute_child(args, executable, preexec_fn, close_fds,
  File "C:\Users\Dean\source\repos\Synapic.NET\build\_python\win-x64\python\Lib\subprocess.py", line 1538, in _execute_child
    hp, ht, pid, tid = _winapi.CreateProcess(executable, args,
                       ^^^^^^^^^^^^^^^^^^^^^^^^^^^^^^^^^^^^^^^
FileNotFoundError: [WinError 2] The system cannot find the file specified
145015 INFO: Executing: strip C:\Users\Dean\AppData\Local\pyinstaller\bincache10py31164bit\av\container\input.pyd
145015 WARNING: Failed to run strip on 'C:\\Users\\Dean\\AppData\\Local\\pyinstaller\\bincache10py31164bit\\av\\container\\input.pyd'!
Traceback (most recent call last):
  File "C:\Users\Dean\source\repos\Synapic.NET\build\_python\win-x64\python\Lib\site-packages\PyInstaller\building\utils.py", line 250, in process_collected_binary
    p = subprocess.run(
        ^^^^^^^^^^^^^^^
  File "C:\Users\Dean\source\repos\Synapic.NET\build\_python\win-x64\python\Lib\subprocess.py", line 548, in run
    with Popen(*popenargs, **kwargs) as process:
         ^^^^^^^^^^^^^^^^^^^^^^^^^^^
  File "C:\Users\Dean\source\repos\Synapic.NET\build\_python\win-x64\python\Lib\subprocess.py", line 1026, in __init__
    self._execute_child(args, executable, preexec_fn, close_fds,
  File "C:\Users\Dean\source\repos\Synapic.NET\build\_python\win-x64\python\Lib\subprocess.py", line 1538, in _execute_child
    hp, ht, pid, tid = _winapi.CreateProcess(executable, args,
                       ^^^^^^^^^^^^^^^^^^^^^^^^^^^^^^^^^^^^^^^
FileNotFoundError: [WinError 2] The system cannot find the file specified
145021 INFO: Executing: strip C:\Users\Dean\AppData\Local\pyinstaller\bincache10py31164bit\av\container\core.pyd
145023 WARNING: Failed to run strip on 'C:\\Users\\Dean\\AppData\\Local\\pyinstaller\\bincache10py31164bit\\av\\container\\core.pyd'!
Traceback (most recent call last):
  File "C:\Users\Dean\source\repos\Synapic.NET\build\_python\win-x64\python\Lib\site-packages\PyInstaller\building\utils.py", line 250, in process_collected_binary
    p = subprocess.run(
        ^^^^^^^^^^^^^^^
  File "C:\Users\Dean\source\repos\Synapic.NET\build\_python\win-x64\python\Lib\subprocess.py", line 548, in run
    with Popen(*popenargs, **kwargs) as process:
         ^^^^^^^^^^^^^^^^^^^^^^^^^^^
  File "C:\Users\Dean\source\repos\Synapic.NET\build\_python\win-x64\python\Lib\subprocess.py", line 1026, in __init__
    self._execute_child(args, executable, preexec_fn, close_fds,
  File "C:\Users\Dean\source\repos\Synapic.NET\build\_python\win-x64\python\Lib\subprocess.py", line 1538, in _execute_child
    hp, ht, pid, tid = _winapi.CreateProcess(executable, args,
                       ^^^^^^^^^^^^^^^^^^^^^^^^^^^^^^^^^^^^^^^
FileNotFoundError: [WinError 2] The system cannot find the file specified
145029 INFO: Executing: strip C:\Users\Dean\AppData\Local\pyinstaller\bincache10py31164bit\av\codec\hwaccel.pyd
145029 WARNING: Failed to run strip on 'C:\\Users\\Dean\\AppData\\Local\\pyinstaller\\bincache10py31164bit\\av\\codec\\hwaccel.pyd'!
Traceback (most recent call last):
  File "C:\Users\Dean\source\repos\Synapic.NET\build\_python\win-x64\python\Lib\site-packages\PyInstaller\building\utils.py", line 250, in process_collected_binary
    p = subprocess.run(
        ^^^^^^^^^^^^^^^
  File "C:\Users\Dean\source\repos\Synapic.NET\build\_python\win-x64\python\Lib\subprocess.py", line 548, in run
    with Popen(*popenargs, **kwargs) as process:
         ^^^^^^^^^^^^^^^^^^^^^^^^^^^
  File "C:\Users\Dean\source\repos\Synapic.NET\build\_python\win-x64\python\Lib\subprocess.py", line 1026, in __init__
    self._execute_child(args, executable, preexec_fn, close_fds,
  File "C:\Users\Dean\source\repos\Synapic.NET\build\_python\win-x64\python\Lib\subprocess.py", line 1538, in _execute_child
    hp, ht, pid, tid = _winapi.CreateProcess(executable, args,
                       ^^^^^^^^^^^^^^^^^^^^^^^^^^^^^^^^^^^^^^^
FileNotFoundError: [WinError 2] The system cannot find the file specified
145035 INFO: Executing: strip C:\Users\Dean\AppData\Local\pyinstaller\bincache10py31164bit\av\buffer.pyd
145035 WARNING: Failed to run strip on 'C:\\Users\\Dean\\AppData\\Local\\pyinstaller\\bincache10py31164bit\\av\\buffer.pyd'!
Traceback (most recent call last):
  File "C:\Users\Dean\source\repos\Synapic.NET\build\_python\win-x64\python\Lib\site-packages\PyInstaller\building\utils.py", line 250, in process_collected_binary
    p = subprocess.run(
        ^^^^^^^^^^^^^^^
  File "C:\Users\Dean\source\repos\Synapic.NET\build\_python\win-x64\python\Lib\subprocess.py", line 548, in run
    with Popen(*popenargs, **kwargs) as process:
         ^^^^^^^^^^^^^^^^^^^^^^^^^^^
  File "C:\Users\Dean\source\repos\Synapic.NET\build\_python\win-x64\python\Lib\subprocess.py", line 1026, in __init__
    self._execute_child(args, executable, preexec_fn, close_fds,
  File "C:\Users\Dean\source\repos\Synapic.NET\build\_python\win-x64\python\Lib\subprocess.py", line 1538, in _execute_child
    hp, ht, pid, tid = _winapi.CreateProcess(executable, args,
                       ^^^^^^^^^^^^^^^^^^^^^^^^^^^^^^^^^^^^^^^
FileNotFoundError: [WinError 2] The system cannot find the file specified
145044 INFO: Executing: strip C:\Users\Dean\AppData\Local\pyinstaller\bincache10py31164bit\av\audio\plane.pyd
145048 WARNING: Failed to run strip on 'C:\\Users\\Dean\\AppData\\Local\\pyinstaller\\bincache10py31164bit\\av\\audio\\plane.pyd'!
Traceback (most recent call last):
  File "C:\Users\Dean\source\repos\Synapic.NET\build\_python\win-x64\python\Lib\site-packages\PyInstaller\building\utils.py", line 250, in process_collected_binary
    p = subprocess.run(
        ^^^^^^^^^^^^^^^
  File "C:\Users\Dean\source\repos\Synapic.NET\build\_python\win-x64\python\Lib\subprocess.py", line 548, in run
    with Popen(*popenargs, **kwargs) as process:
         ^^^^^^^^^^^^^^^^^^^^^^^^^^^
  File "C:\Users\Dean\source\repos\Synapic.NET\build\_python\win-x64\python\Lib\subprocess.py", line 1026, in __init__
    self._execute_child(args, executable, preexec_fn, close_fds,
  File "C:\Users\Dean\source\repos\Synapic.NET\build\_python\win-x64\python\Lib\subprocess.py", line 1538, in _execute_child
    hp, ht, pid, tid = _winapi.CreateProcess(executable, args,
                       ^^^^^^^^^^^^^^^^^^^^^^^^^^^^^^^^^^^^^^^
FileNotFoundError: [WinError 2] The system cannot find the file specified
145054 INFO: Executing: strip C:\Users\Dean\AppData\Local\pyinstaller\bincache10py31164bit\av\video\stream.pyd
145059 WARNING: Failed to run strip on 'C:\\Users\\Dean\\AppData\\Local\\pyinstaller\\bincache10py31164bit\\av\\video\\stream.pyd'!
Traceback (most recent call last):
  File "C:\Users\Dean\source\repos\Synapic.NET\build\_python\win-x64\python\Lib\site-packages\PyInstaller\building\utils.py", line 250, in process_collected_binary
    p = subprocess.run(
        ^^^^^^^^^^^^^^^
  File "C:\Users\Dean\source\repos\Synapic.NET\build\_python\win-x64\python\Lib\subprocess.py", line 548, in run
    with Popen(*popenargs, **kwargs) as process:
         ^^^^^^^^^^^^^^^^^^^^^^^^^^^
  File "C:\Users\Dean\source\repos\Synapic.NET\build\_python\win-x64\python\Lib\subprocess.py", line 1026, in __init__
    self._execute_child(args, executable, preexec_fn, close_fds,
  File "C:\Users\Dean\source\repos\Synapic.NET\build\_python\win-x64\python\Lib\subprocess.py", line 1538, in _execute_child
    hp, ht, pid, tid = _winapi.CreateProcess(executable, args,
                       ^^^^^^^^^^^^^^^^^^^^^^^^^^^^^^^^^^^^^^^
FileNotFoundError: [WinError 2] The system cannot find the file specified
145082 INFO: Executing: strip C:\Users\Dean\AppData\Local\pyinstaller\bincache10py31164bit\av\video\frame.pyd
145085 WARNING: Failed to run strip on 'C:\\Users\\Dean\\AppData\\Local\\pyinstaller\\bincache10py31164bit\\av\\video\\frame.pyd'!
Traceback (most recent call last):
  File "C:\Users\Dean\source\repos\Synapic.NET\build\_python\win-x64\python\Lib\site-packages\PyInstaller\building\utils.py", line 250, in process_collected_binary
    p = subprocess.run(
        ^^^^^^^^^^^^^^^
  File "C:\Users\Dean\source\repos\Synapic.NET\build\_python\win-x64\python\Lib\subprocess.py", line 548, in run
    with Popen(*popenargs, **kwargs) as process:
         ^^^^^^^^^^^^^^^^^^^^^^^^^^^
  File "C:\Users\Dean\source\repos\Synapic.NET\build\_python\win-x64\python\Lib\subprocess.py", line 1026, in __init__
    self._execute_child(args, executable, preexec_fn, close_fds,
  File "C:\Users\Dean\source\repos\Synapic.NET\build\_python\win-x64\python\Lib\subprocess.py", line 1538, in _execute_child
    hp, ht, pid, tid = _winapi.CreateProcess(executable, args,
                       ^^^^^^^^^^^^^^^^^^^^^^^^^^^^^^^^^^^^^^^
FileNotFoundError: [WinError 2] The system cannot find the file specified
145099 INFO: Executing: strip C:\Users\Dean\AppData\Local\pyinstaller\bincache10py31164bit\av\video\format.pyd
145102 WARNING: Failed to run strip on 'C:\\Users\\Dean\\AppData\\Local\\pyinstaller\\bincache10py31164bit\\av\\video\\format.pyd'!
Traceback (most recent call last):
  File "C:\Users\Dean\source\repos\Synapic.NET\build\_python\win-x64\python\Lib\site-packages\PyInstaller\building\utils.py", line 250, in process_collected_binary
    p = subprocess.run(
        ^^^^^^^^^^^^^^^
  File "C:\Users\Dean\source\repos\Synapic.NET\build\_python\win-x64\python\Lib\subprocess.py", line 548, in run
    with Popen(*popenargs, **kwargs) as process:
         ^^^^^^^^^^^^^^^^^^^^^^^^^^^
  File "C:\Users\Dean\source\repos\Synapic.NET\build\_python\win-x64\python\Lib\subprocess.py", line 1026, in __init__
    self._execute_child(args, executable, preexec_fn, close_fds,
  File "C:\Users\Dean\source\repos\Synapic.NET\build\_python\win-x64\python\Lib\subprocess.py", line 1538, in _execute_child
    hp, ht, pid, tid = _winapi.CreateProcess(executable, args,
                       ^^^^^^^^^^^^^^^^^^^^^^^^^^^^^^^^^^^^^^^
FileNotFoundError: [WinError 2] The system cannot find the file specified
145114 INFO: Executing: strip C:\Users\Dean\AppData\Local\pyinstaller\bincache10py31164bit\av\video\codeccontext.pyd
145116 WARNING: Failed to run strip on 'C:\\Users\\Dean\\AppData\\Local\\pyinstaller\\bincache10py31164bit\\av\\video\\codeccontext.pyd'!
Traceback (most recent call last):
  File "C:\Users\Dean\source\repos\Synapic.NET\build\_python\win-x64\python\Lib\site-packages\PyInstaller\building\utils.py", line 250, in process_collected_binary
    p = subprocess.run(
        ^^^^^^^^^^^^^^^
  File "C:\Users\Dean\source\repos\Synapic.NET\build\_python\win-x64\python\Lib\subprocess.py", line 548, in run
    with Popen(*popenargs, **kwargs) as process:
         ^^^^^^^^^^^^^^^^^^^^^^^^^^^
  File "C:\Users\Dean\source\repos\Synapic.NET\build\_python\win-x64\python\Lib\subprocess.py", line 1026, in __init__
    self._execute_child(args, executable, preexec_fn, close_fds,
  File "C:\Users\Dean\source\repos\Synapic.NET\build\_python\win-x64\python\Lib\subprocess.py", line 1538, in _execute_child
    hp, ht, pid, tid = _winapi.CreateProcess(executable, args,
                       ^^^^^^^^^^^^^^^^^^^^^^^^^^^^^^^^^^^^^^^
FileNotFoundError: [WinError 2] The system cannot find the file specified
145127 INFO: Executing: strip C:\Users\Dean\AppData\Local\pyinstaller\bincache10py31164bit\av\error.pyd
145129 WARNING: Failed to run strip on 'C:\\Users\\Dean\\AppData\\Local\\pyinstaller\\bincache10py31164bit\\av\\error.pyd'!
Traceback (most recent call last):
  File "C:\Users\Dean\source\repos\Synapic.NET\build\_python\win-x64\python\Lib\site-packages\PyInstaller\building\utils.py", line 250, in process_collected_binary
    p = subprocess.run(
        ^^^^^^^^^^^^^^^
  File "C:\Users\Dean\source\repos\Synapic.NET\build\_python\win-x64\python\Lib\subprocess.py", line 548, in run
    with Popen(*popenargs, **kwargs) as process:
         ^^^^^^^^^^^^^^^^^^^^^^^^^^^
  File "C:\Users\Dean\source\repos\Synapic.NET\build\_python\win-x64\python\Lib\subprocess.py", line 1026, in __init__
    self._execute_child(args, executable, preexec_fn, close_fds,
  File "C:\Users\Dean\source\repos\Synapic.NET\build\_python\win-x64\python\Lib\subprocess.py", line 1538, in _execute_child
    hp, ht, pid, tid = _winapi.CreateProcess(executable, args,
                       ^^^^^^^^^^^^^^^^^^^^^^^^^^^^^^^^^^^^^^^
FileNotFoundError: [WinError 2] The system cannot find the file specified
145136 INFO: Executing: strip C:\Users\Dean\AppData\Local\pyinstaller\bincache10py31164bit\av\rational.pyd
145138 WARNING: Failed to run strip on 'C:\\Users\\Dean\\AppData\\Local\\pyinstaller\\bincache10py31164bit\\av\\rational.pyd'!
Traceback (most recent call last):
  File "C:\Users\Dean\source\repos\Synapic.NET\build\_python\win-x64\python\Lib\site-packages\PyInstaller\building\utils.py", line 250, in process_collected_binary
    p = subprocess.run(
        ^^^^^^^^^^^^^^^
  File "C:\Users\Dean\source\repos\Synapic.NET\build\_python\win-x64\python\Lib\subprocess.py", line 548, in run
    with Popen(*popenargs, **kwargs) as process:
         ^^^^^^^^^^^^^^^^^^^^^^^^^^^
  File "C:\Users\Dean\source\repos\Synapic.NET\build\_python\win-x64\python\Lib\subprocess.py", line 1026, in __init__
    self._execute_child(args, executable, preexec_fn, close_fds,
  File "C:\Users\Dean\source\repos\Synapic.NET\build\_python\win-x64\python\Lib\subprocess.py", line 1538, in _execute_child
    hp, ht, pid, tid = _winapi.CreateProcess(executable, args,
                       ^^^^^^^^^^^^^^^^^^^^^^^^^^^^^^^^^^^^^^^
FileNotFoundError: [WinError 2] The system cannot find the file specified
145147 INFO: Executing: strip C:\Users\Dean\AppData\Local\pyinstaller\bincache10py31164bit\av\packet.pyd
145149 WARNING: Failed to run strip on 'C:\\Users\\Dean\\AppData\\Local\\pyinstaller\\bincache10py31164bit\\av\\packet.pyd'!
Traceback (most recent call last):
  File "C:\Users\Dean\source\repos\Synapic.NET\build\_python\win-x64\python\Lib\site-packages\PyInstaller\building\utils.py", line 250, in process_collected_binary
    p = subprocess.run(
        ^^^^^^^^^^^^^^^
  File "C:\Users\Dean\source\repos\Synapic.NET\build\_python\win-x64\python\Lib\subprocess.py", line 548, in run
    with Popen(*popenargs, **kwargs) as process:
         ^^^^^^^^^^^^^^^^^^^^^^^^^^^
  File "C:\Users\Dean\source\repos\Synapic.NET\build\_python\win-x64\python\Lib\subprocess.py", line 1026, in __init__
    self._execute_child(args, executable, preexec_fn, close_fds,
  File "C:\Users\Dean\source\repos\Synapic.NET\build\_python\win-x64\python\Lib\subprocess.py", line 1538, in _execute_child
    hp, ht, pid, tid = _winapi.CreateProcess(executable, args,
                       ^^^^^^^^^^^^^^^^^^^^^^^^^^^^^^^^^^^^^^^
FileNotFoundError: [WinError 2] The system cannot find the file specified
145157 INFO: Executing: strip C:\Users\Dean\AppData\Local\pyinstaller\bincache10py31164bit\av\format.pyd
145158 WARNING: Failed to run strip on 'C:\\Users\\Dean\\AppData\\Local\\pyinstaller\\bincache10py31164bit\\av\\format.pyd'!
Traceback (most recent call last):
  File "C:\Users\Dean\source\repos\Synapic.NET\build\_python\win-x64\python\Lib\site-packages\PyInstaller\building\utils.py", line 250, in process_collected_binary
    p = subprocess.run(
        ^^^^^^^^^^^^^^^
  File "C:\Users\Dean\source\repos\Synapic.NET\build\_python\win-x64\python\Lib\subprocess.py", line 548, in run
    with Popen(*popenargs, **kwargs) as process:
         ^^^^^^^^^^^^^^^^^^^^^^^^^^^
  File "C:\Users\Dean\source\repos\Synapic.NET\build\_python\win-x64\python\Lib\subprocess.py", line 1026, in __init__
    self._execute_child(args, executable, preexec_fn, close_fds,
  File "C:\Users\Dean\source\repos\Synapic.NET\build\_python\win-x64\python\Lib\subprocess.py", line 1538, in _execute_child
    hp, ht, pid, tid = _winapi.CreateProcess(executable, args,
                       ^^^^^^^^^^^^^^^^^^^^^^^^^^^^^^^^^^^^^^^
FileNotFoundError: [WinError 2] The system cannot find the file specified
145171 INFO: Executing: strip C:\Users\Dean\AppData\Local\pyinstaller\bincache10py31164bit\av\device.pyd
145172 WARNING: Failed to run strip on 'C:\\Users\\Dean\\AppData\\Local\\pyinstaller\\bincache10py31164bit\\av\\device.pyd'!
Traceback (most recent call last):
  File "C:\Users\Dean\source\repos\Synapic.NET\build\_python\win-x64\python\Lib\site-packages\PyInstaller\building\utils.py", line 250, in process_collected_binary
    p = subprocess.run(
        ^^^^^^^^^^^^^^^
  File "C:\Users\Dean\source\repos\Synapic.NET\build\_python\win-x64\python\Lib\subprocess.py", line 548, in run
    with Popen(*popenargs, **kwargs) as process:
         ^^^^^^^^^^^^^^^^^^^^^^^^^^^
  File "C:\Users\Dean\source\repos\Synapic.NET\build\_python\win-x64\python\Lib\subprocess.py", line 1026, in __init__
    self._execute_child(args, executable, preexec_fn, close_fds,
  File "C:\Users\Dean\source\repos\Synapic.NET\build\_python\win-x64\python\Lib\subprocess.py", line 1538, in _execute_child
    hp, ht, pid, tid = _winapi.CreateProcess(executable, args,
                       ^^^^^^^^^^^^^^^^^^^^^^^^^^^^^^^^^^^^^^^
FileNotFoundError: [WinError 2] The system cannot find the file specified
145188 INFO: Executing: strip C:\Users\Dean\AppData\Local\pyinstaller\bincache10py31164bit\av\codec\context.pyd
145190 WARNING: Failed to run strip on 'C:\\Users\\Dean\\AppData\\Local\\pyinstaller\\bincache10py31164bit\\av\\codec\\context.pyd'!
Traceback (most recent call last):
  File "C:\Users\Dean\source\repos\Synapic.NET\build\_python\win-x64\python\Lib\site-packages\PyInstaller\building\utils.py", line 250, in process_collected_binary
    p = subprocess.run(
        ^^^^^^^^^^^^^^^
  File "C:\Users\Dean\source\repos\Synapic.NET\build\_python\win-x64\python\Lib\subprocess.py", line 548, in run
    with Popen(*popenargs, **kwargs) as process:
         ^^^^^^^^^^^^^^^^^^^^^^^^^^^
  File "C:\Users\Dean\source\repos\Synapic.NET\build\_python\win-x64\python\Lib\subprocess.py", line 1026, in __init__
    self._execute_child(args, executable, preexec_fn, close_fds,
  File "C:\Users\Dean\source\repos\Synapic.NET\build\_python\win-x64\python\Lib\subprocess.py", line 1538, in _execute_child
    hp, ht, pid, tid = _winapi.CreateProcess(executable, args,
                       ^^^^^^^^^^^^^^^^^^^^^^^^^^^^^^^^^^^^^^^
FileNotFoundError: [WinError 2] The system cannot find the file specified
145204 INFO: Executing: strip C:\Users\Dean\AppData\Local\pyinstaller\bincache10py31164bit\av\codec\codec.pyd
145206 WARNING: Failed to run strip on 'C:\\Users\\Dean\\AppData\\Local\\pyinstaller\\bincache10py31164bit\\av\\codec\\codec.pyd'!
Traceback (most recent call last):
  File "C:\Users\Dean\source\repos\Synapic.NET\build\_python\win-x64\python\Lib\site-packages\PyInstaller\building\utils.py", line 250, in process_collected_binary
    p = subprocess.run(
        ^^^^^^^^^^^^^^^
  File "C:\Users\Dean\source\repos\Synapic.NET\build\_python\win-x64\python\Lib\subprocess.py", line 548, in run
    with Popen(*popenargs, **kwargs) as process:
         ^^^^^^^^^^^^^^^^^^^^^^^^^^^
  File "C:\Users\Dean\source\repos\Synapic.NET\build\_python\win-x64\python\Lib\subprocess.py", line 1026, in __init__
    self._execute_child(args, executable, preexec_fn, close_fds,
  File "C:\Users\Dean\source\repos\Synapic.NET\build\_python\win-x64\python\Lib\subprocess.py", line 1538, in _execute_child
    hp, ht, pid, tid = _winapi.CreateProcess(executable, args,
                       ^^^^^^^^^^^^^^^^^^^^^^^^^^^^^^^^^^^^^^^
FileNotFoundError: [WinError 2] The system cannot find the file specified
145216 INFO: Executing: strip C:\Users\Dean\AppData\Local\pyinstaller\bincache10py31164bit\av\bitstream.pyd
145218 WARNING: Failed to run strip on 'C:\\Users\\Dean\\AppData\\Local\\pyinstaller\\bincache10py31164bit\\av\\bitstream.pyd'!
Traceback (most recent call last):
  File "C:\Users\Dean\source\repos\Synapic.NET\build\_python\win-x64\python\Lib\site-packages\PyInstaller\building\utils.py", line 250, in process_collected_binary
    p = subprocess.run(
        ^^^^^^^^^^^^^^^
  File "C:\Users\Dean\source\repos\Synapic.NET\build\_python\win-x64\python\Lib\subprocess.py", line 548, in run
    with Popen(*popenargs, **kwargs) as process:
         ^^^^^^^^^^^^^^^^^^^^^^^^^^^
  File "C:\Users\Dean\source\repos\Synapic.NET\build\_python\win-x64\python\Lib\subprocess.py", line 1026, in __init__
    self._execute_child(args, executable, preexec_fn, close_fds,
  File "C:\Users\Dean\source\repos\Synapic.NET\build\_python\win-x64\python\Lib\subprocess.py", line 1538, in _execute_child
    hp, ht, pid, tid = _winapi.CreateProcess(executable, args,
                       ^^^^^^^^^^^^^^^^^^^^^^^^^^^^^^^^^^^^^^^
FileNotFoundError: [WinError 2] The system cannot find the file specified
145226 INFO: Executing: strip C:\Users\Dean\AppData\Local\pyinstaller\bincache10py31164bit\av\audio\stream.pyd
145228 WARNING: Failed to run strip on 'C:\\Users\\Dean\\AppData\\Local\\pyinstaller\\bincache10py31164bit\\av\\audio\\stream.pyd'!
Traceback (most recent call last):
  File "C:\Users\Dean\source\repos\Synapic.NET\build\_python\win-x64\python\Lib\site-packages\PyInstaller\building\utils.py", line 250, in process_collected_binary
    p = subprocess.run(
        ^^^^^^^^^^^^^^^
  File "C:\Users\Dean\source\repos\Synapic.NET\build\_python\win-x64\python\Lib\subprocess.py", line 548, in run
    with Popen(*popenargs, **kwargs) as process:
         ^^^^^^^^^^^^^^^^^^^^^^^^^^^
  File "C:\Users\Dean\source\repos\Synapic.NET\build\_python\win-x64\python\Lib\subprocess.py", line 1026, in __init__
    self._execute_child(args, executable, preexec_fn, close_fds,
  File "C:\Users\Dean\source\repos\Synapic.NET\build\_python\win-x64\python\Lib\subprocess.py", line 1538, in _execute_child
    hp, ht, pid, tid = _winapi.CreateProcess(executable, args,
                       ^^^^^^^^^^^^^^^^^^^^^^^^^^^^^^^^^^^^^^^
FileNotFoundError: [WinError 2] The system cannot find the file specified
145378 INFO: Executing: strip C:\Users\Dean\AppData\Local\pyinstaller\bincache10py31164bit\av\audio\resampler.pyd
145407 WARNING: Failed to run strip on 'C:\\Users\\Dean\\AppData\\Local\\pyinstaller\\bincache10py31164bit\\av\\audio\\resampler.pyd'!
Traceback (most recent call last):
  File "C:\Users\Dean\source\repos\Synapic.NET\build\_python\win-x64\python\Lib\site-packages\PyInstaller\building\utils.py", line 250, in process_collected_binary
    p = subprocess.run(
        ^^^^^^^^^^^^^^^
  File "C:\Users\Dean\source\repos\Synapic.NET\build\_python\win-x64\python\Lib\subprocess.py", line 548, in run
    with Popen(*popenargs, **kwargs) as process:
         ^^^^^^^^^^^^^^^^^^^^^^^^^^^
  File "C:\Users\Dean\source\repos\Synapic.NET\build\_python\win-x64\python\Lib\subprocess.py", line 1026, in __init__
    self._execute_child(args, executable, preexec_fn, close_fds,
  File "C:\Users\Dean\source\repos\Synapic.NET\build\_python\win-x64\python\Lib\subprocess.py", line 1538, in _execute_child
    hp, ht, pid, tid = _winapi.CreateProcess(executable, args,
                       ^^^^^^^^^^^^^^^^^^^^^^^^^^^^^^^^^^^^^^^
FileNotFoundError: [WinError 2] The system cannot find the file specified
145436 INFO: Executing: strip C:\Users\Dean\AppData\Local\pyinstaller\bincache10py31164bit\av\audio\layout.pyd
145438 WARNING: Failed to run strip on 'C:\\Users\\Dean\\AppData\\Local\\pyinstaller\\bincache10py31164bit\\av\\audio\\layout.pyd'!
Traceback (most recent call last):
  File "C:\Users\Dean\source\repos\Synapic.NET\build\_python\win-x64\python\Lib\site-packages\PyInstaller\building\utils.py", line 250, in process_collected_binary
    p = subprocess.run(
        ^^^^^^^^^^^^^^^
  File "C:\Users\Dean\source\repos\Synapic.NET\build\_python\win-x64\python\Lib\subprocess.py", line 548, in run
    with Popen(*popenargs, **kwargs) as process:
         ^^^^^^^^^^^^^^^^^^^^^^^^^^^
  File "C:\Users\Dean\source\repos\Synapic.NET\build\_python\win-x64\python\Lib\subprocess.py", line 1026, in __init__
    self._execute_child(args, executable, preexec_fn, close_fds,
  File "C:\Users\Dean\source\repos\Synapic.NET\build\_python\win-x64\python\Lib\subprocess.py", line 1538, in _execute_child
    hp, ht, pid, tid = _winapi.CreateProcess(executable, args,
                       ^^^^^^^^^^^^^^^^^^^^^^^^^^^^^^^^^^^^^^^
FileNotFoundError: [WinError 2] The system cannot find the file specified
145615 INFO: Executing: strip C:\Users\Dean\AppData\Local\pyinstaller\bincache10py31164bit\av\audio\frame.pyd
145669 WARNING: Failed to run strip on 'C:\\Users\\Dean\\AppData\\Local\\pyinstaller\\bincache10py31164bit\\av\\audio\\frame.pyd'!
Traceback (most recent call last):
  File "C:\Users\Dean\source\repos\Synapic.NET\build\_python\win-x64\python\Lib\site-packages\PyInstaller\building\utils.py", line 250, in process_collected_binary
    p = subprocess.run(
        ^^^^^^^^^^^^^^^
  File "C:\Users\Dean\source\repos\Synapic.NET\build\_python\win-x64\python\Lib\subprocess.py", line 548, in run
    with Popen(*popenargs, **kwargs) as process:
         ^^^^^^^^^^^^^^^^^^^^^^^^^^^
  File "C:\Users\Dean\source\repos\Synapic.NET\build\_python\win-x64\python\Lib\subprocess.py", line 1026, in __init__
    self._execute_child(args, executable, preexec_fn, close_fds,
  File "C:\Users\Dean\source\repos\Synapic.NET\build\_python\win-x64\python\Lib\subprocess.py", line 1538, in _execute_child
    hp, ht, pid, tid = _winapi.CreateProcess(executable, args,
                       ^^^^^^^^^^^^^^^^^^^^^^^^^^^^^^^^^^^^^^^
FileNotFoundError: [WinError 2] The system cannot find the file specified
145688 INFO: Executing: strip C:\Users\Dean\AppData\Local\pyinstaller\bincache10py31164bit\av\audio\format.pyd
145690 WARNING: Failed to run strip on 'C:\\Users\\Dean\\AppData\\Local\\pyinstaller\\bincache10py31164bit\\av\\audio\\format.pyd'!
Traceback (most recent call last):
  File "C:\Users\Dean\source\repos\Synapic.NET\build\_python\win-x64\python\Lib\site-packages\PyInstaller\building\utils.py", line 250, in process_collected_binary
    p = subprocess.run(
        ^^^^^^^^^^^^^^^
  File "C:\Users\Dean\source\repos\Synapic.NET\build\_python\win-x64\python\Lib\subprocess.py", line 548, in run
    with Popen(*popenargs, **kwargs) as process:
         ^^^^^^^^^^^^^^^^^^^^^^^^^^^
  File "C:\Users\Dean\source\repos\Synapic.NET\build\_python\win-x64\python\Lib\subprocess.py", line 1026, in __init__
    self._execute_child(args, executable, preexec_fn, close_fds,
  File "C:\Users\Dean\source\repos\Synapic.NET\build\_python\win-x64\python\Lib\subprocess.py", line 1538, in _execute_child
    hp, ht, pid, tid = _winapi.CreateProcess(executable, args,
                       ^^^^^^^^^^^^^^^^^^^^^^^^^^^^^^^^^^^^^^^
FileNotFoundError: [WinError 2] The system cannot find the file specified
145697 INFO: Executing: strip C:\Users\Dean\AppData\Local\pyinstaller\bincache10py31164bit\av\audio\fifo.pyd
145699 WARNING: Failed to run strip on 'C:\\Users\\Dean\\AppData\\Local\\pyinstaller\\bincache10py31164bit\\av\\audio\\fifo.pyd'!
Traceback (most recent call last):
  File "C:\Users\Dean\source\repos\Synapic.NET\build\_python\win-x64\python\Lib\site-packages\PyInstaller\building\utils.py", line 250, in process_collected_binary
    p = subprocess.run(
        ^^^^^^^^^^^^^^^
  File "C:\Users\Dean\source\repos\Synapic.NET\build\_python\win-x64\python\Lib\subprocess.py", line 548, in run
    with Popen(*popenargs, **kwargs) as process:
         ^^^^^^^^^^^^^^^^^^^^^^^^^^^
  File "C:\Users\Dean\source\repos\Synapic.NET\build\_python\win-x64\python\Lib\subprocess.py", line 1026, in __init__
    self._execute_child(args, executable, preexec_fn, close_fds,
  File "C:\Users\Dean\source\repos\Synapic.NET\build\_python\win-x64\python\Lib\subprocess.py", line 1538, in _execute_child
    hp, ht, pid, tid = _winapi.CreateProcess(executable, args,
                       ^^^^^^^^^^^^^^^^^^^^^^^^^^^^^^^^^^^^^^^
FileNotFoundError: [WinError 2] The system cannot find the file specified
145707 INFO: Executing: strip C:\Users\Dean\AppData\Local\pyinstaller\bincache10py31164bit\av\audio\codeccontext.pyd
145708 WARNING: Failed to run strip on 'C:\\Users\\Dean\\AppData\\Local\\pyinstaller\\bincache10py31164bit\\av\\audio\\codeccontext.pyd'!
Traceback (most recent call last):
  File "C:\Users\Dean\source\repos\Synapic.NET\build\_python\win-x64\python\Lib\site-packages\PyInstaller\building\utils.py", line 250, in process_collected_binary
    p = subprocess.run(
        ^^^^^^^^^^^^^^^
  File "C:\Users\Dean\source\repos\Synapic.NET\build\_python\win-x64\python\Lib\subprocess.py", line 548, in run
    with Popen(*popenargs, **kwargs) as process:
         ^^^^^^^^^^^^^^^^^^^^^^^^^^^
  File "C:\Users\Dean\source\repos\Synapic.NET\build\_python\win-x64\python\Lib\subprocess.py", line 1026, in __init__
    self._execute_child(args, executable, preexec_fn, close_fds,
  File "C:\Users\Dean\source\repos\Synapic.NET\build\_python\win-x64\python\Lib\subprocess.py", line 1538, in _execute_child
    hp, ht, pid, tid = _winapi.CreateProcess(executable, args,
                       ^^^^^^^^^^^^^^^^^^^^^^^^^^^^^^^^^^^^^^^
FileNotFoundError: [WinError 2] The system cannot find the file specified
145713 INFO: Executing: strip C:\Users\Dean\AppData\Local\pyinstaller\bincache10py31164bit\av\logging.pyd
145715 WARNING: Failed to run strip on 'C:\\Users\\Dean\\AppData\\Local\\pyinstaller\\bincache10py31164bit\\av\\logging.pyd'!
Traceback (most recent call last):
  File "C:\Users\Dean\source\repos\Synapic.NET\build\_python\win-x64\python\Lib\site-packages\PyInstaller\building\utils.py", line 250, in process_collected_binary
    p = subprocess.run(
        ^^^^^^^^^^^^^^^
  File "C:\Users\Dean\source\repos\Synapic.NET\build\_python\win-x64\python\Lib\subprocess.py", line 548, in run
    with Popen(*popenargs, **kwargs) as process:
         ^^^^^^^^^^^^^^^^^^^^^^^^^^^
  File "C:\Users\Dean\source\repos\Synapic.NET\build\_python\win-x64\python\Lib\subprocess.py", line 1026, in __init__
    self._execute_child(args, executable, preexec_fn, close_fds,
  File "C:\Users\Dean\source\repos\Synapic.NET\build\_python\win-x64\python\Lib\subprocess.py", line 1538, in _execute_child
    hp, ht, pid, tid = _winapi.CreateProcess(executable, args,
                       ^^^^^^^^^^^^^^^^^^^^^^^^^^^^^^^^^^^^^^^
FileNotFoundError: [WinError 2] The system cannot find the file specified
145720 INFO: Executing: strip C:\Users\Dean\AppData\Local\pyinstaller\bincache10py31164bit\av\_core.pyd
145722 WARNING: Failed to run strip on 'C:\\Users\\Dean\\AppData\\Local\\pyinstaller\\bincache10py31164bit\\av\\_core.pyd'!
Traceback (most recent call last):
  File "C:\Users\Dean\source\repos\Synapic.NET\build\_python\win-x64\python\Lib\site-packages\PyInstaller\building\utils.py", line 250, in process_collected_binary
    p = subprocess.run(
        ^^^^^^^^^^^^^^^
  File "C:\Users\Dean\source\repos\Synapic.NET\build\_python\win-x64\python\Lib\subprocess.py", line 548, in run
    with Popen(*popenargs, **kwargs) as process:
         ^^^^^^^^^^^^^^^^^^^^^^^^^^^
  File "C:\Users\Dean\source\repos\Synapic.NET\build\_python\win-x64\python\Lib\subprocess.py", line 1026, in __init__
    self._execute_child(args, executable, preexec_fn, close_fds,
  File "C:\Users\Dean\source\repos\Synapic.NET\build\_python\win-x64\python\Lib\subprocess.py", line 1538, in _execute_child
    hp, ht, pid, tid = _winapi.CreateProcess(executable, args,
                       ^^^^^^^^^^^^^^^^^^^^^^^^^^^^^^^^^^^^^^^
FileNotFoundError: [WinError 2] The system cannot find the file specified
145730 INFO: Executing: strip C:\Users\Dean\AppData\Local\pyinstaller\bincache10py31164bit\torchvision\image.pyd
145731 WARNING: Failed to run strip on 'C:\\Users\\Dean\\AppData\\Local\\pyinstaller\\bincache10py31164bit\\torchvision\\image.pyd'!
Traceback (most recent call last):
  File "C:\Users\Dean\source\repos\Synapic.NET\build\_python\win-x64\python\Lib\site-packages\PyInstaller\building\utils.py", line 250, in process_collected_binary
    p = subprocess.run(
        ^^^^^^^^^^^^^^^
  File "C:\Users\Dean\source\repos\Synapic.NET\build\_python\win-x64\python\Lib\subprocess.py", line 548, in run
    with Popen(*popenargs, **kwargs) as process:
         ^^^^^^^^^^^^^^^^^^^^^^^^^^^
  File "C:\Users\Dean\source\repos\Synapic.NET\build\_python\win-x64\python\Lib\subprocess.py", line 1026, in __init__
    self._execute_child(args, executable, preexec_fn, close_fds,
  File "C:\Users\Dean\source\repos\Synapic.NET\build\_python\win-x64\python\Lib\subprocess.py", line 1538, in _execute_child
    hp, ht, pid, tid = _winapi.CreateProcess(executable, args,
                       ^^^^^^^^^^^^^^^^^^^^^^^^^^^^^^^^^^^^^^^
FileNotFoundError: [WinError 2] The system cannot find the file specified
145737 INFO: Executing: strip C:\Users\Dean\AppData\Local\pyinstaller\bincache10py31164bit\numpy\_core\_multiarray_tests.cp311-win_amd64.pyd
145738 WARNING: Failed to run strip on 'C:\\Users\\Dean\\AppData\\Local\\pyinstaller\\bincache10py31164bit\\numpy\\_core\\_multiarray_tests.cp311-win_amd64.pyd'!
Traceback (most recent call last):
  File "C:\Users\Dean\source\repos\Synapic.NET\build\_python\win-x64\python\Lib\site-packages\PyInstaller\building\utils.py", line 250, in process_collected_binary
    p = subprocess.run(
        ^^^^^^^^^^^^^^^
  File "C:\Users\Dean\source\repos\Synapic.NET\build\_python\win-x64\python\Lib\subprocess.py", line 548, in run
    with Popen(*popenargs, **kwargs) as process:
         ^^^^^^^^^^^^^^^^^^^^^^^^^^^
  File "C:\Users\Dean\source\repos\Synapic.NET\build\_python\win-x64\python\Lib\subprocess.py", line 1026, in __init__
    self._execute_child(args, executable, preexec_fn, close_fds,
  File "C:\Users\Dean\source\repos\Synapic.NET\build\_python\win-x64\python\Lib\subprocess.py", line 1538, in _execute_child
    hp, ht, pid, tid = _winapi.CreateProcess(executable, args,
                       ^^^^^^^^^^^^^^^^^^^^^^^^^^^^^^^^^^^^^^^
FileNotFoundError: [WinError 2] The system cannot find the file specified
145746 INFO: Executing: strip C:\Users\Dean\AppData\Local\pyinstaller\bincache10py31164bit\charset_normalizer\cd.cp311-win_amd64.pyd
145747 WARNING: Failed to run strip on 'C:\\Users\\Dean\\AppData\\Local\\pyinstaller\\bincache10py31164bit\\charset_normalizer\\cd.cp311-win_amd64.pyd'!
Traceback (most recent call last):
  File "C:\Users\Dean\source\repos\Synapic.NET\build\_python\win-x64\python\Lib\site-packages\PyInstaller\building\utils.py", line 250, in process_collected_binary
    p = subprocess.run(
        ^^^^^^^^^^^^^^^
  File "C:\Users\Dean\source\repos\Synapic.NET\build\_python\win-x64\python\Lib\subprocess.py", line 548, in run
    with Popen(*popenargs, **kwargs) as process:
         ^^^^^^^^^^^^^^^^^^^^^^^^^^^
  File "C:\Users\Dean\source\repos\Synapic.NET\build\_python\win-x64\python\Lib\subprocess.py", line 1026, in __init__
    self._execute_child(args, executable, preexec_fn, close_fds,
  File "C:\Users\Dean\source\repos\Synapic.NET\build\_python\win-x64\python\Lib\subprocess.py", line 1538, in _execute_child
    hp, ht, pid, tid = _winapi.CreateProcess(executable, args,
                       ^^^^^^^^^^^^^^^^^^^^^^^^^^^^^^^^^^^^^^^
FileNotFoundError: [WinError 2] The system cannot find the file specified
145756 INFO: Executing: strip C:\Users\Dean\AppData\Local\pyinstaller\bincache10py31164bit\charset_normalizer\md.cp311-win_amd64.pyd
145757 WARNING: Failed to run strip on 'C:\\Users\\Dean\\AppData\\Local\\pyinstaller\\bincache10py31164bit\\charset_normalizer\\md.cp311-win_amd64.pyd'!
Traceback (most recent call last):
  File "C:\Users\Dean\source\repos\Synapic.NET\build\_python\win-x64\python\Lib\site-packages\PyInstaller\building\utils.py", line 250, in process_collected_binary
    p = subprocess.run(
        ^^^^^^^^^^^^^^^
  File "C:\Users\Dean\source\repos\Synapic.NET\build\_python\win-x64\python\Lib\subprocess.py", line 548, in run
    with Popen(*popenargs, **kwargs) as process:
         ^^^^^^^^^^^^^^^^^^^^^^^^^^^
  File "C:\Users\Dean\source\repos\Synapic.NET\build\_python\win-x64\python\Lib\subprocess.py", line 1026, in __init__
    self._execute_child(args, executable, preexec_fn, close_fds,
  File "C:\Users\Dean\source\repos\Synapic.NET\build\_python\win-x64\python\Lib\subprocess.py", line 1538, in _execute_child
    hp, ht, pid, tid = _winapi.CreateProcess(executable, args,
                       ^^^^^^^^^^^^^^^^^^^^^^^^^^^^^^^^^^^^^^^
FileNotFoundError: [WinError 2] The system cannot find the file specified
145766 INFO: Executing: strip C:\Users\Dean\AppData\Local\pyinstaller\bincache10py31164bit\numpy\fft\_pocketfft_umath.cp311-win_amd64.pyd
145767 WARNING: Failed to run strip on 'C:\\Users\\Dean\\AppData\\Local\\pyinstaller\\bincache10py31164bit\\numpy\\fft\\_pocketfft_umath.cp311-win_amd64.pyd'!
Traceback (most recent call last):
  File "C:\Users\Dean\source\repos\Synapic.NET\build\_python\win-x64\python\Lib\site-packages\PyInstaller\building\utils.py", line 250, in process_collected_binary
    p = subprocess.run(
        ^^^^^^^^^^^^^^^
  File "C:\Users\Dean\source\repos\Synapic.NET\build\_python\win-x64\python\Lib\subprocess.py", line 548, in run
    with Popen(*popenargs, **kwargs) as process:
         ^^^^^^^^^^^^^^^^^^^^^^^^^^^
  File "C:\Users\Dean\source\repos\Synapic.NET\build\_python\win-x64\python\Lib\subprocess.py", line 1026, in __init__
    self._execute_child(args, executable, preexec_fn, close_fds,
  File "C:\Users\Dean\source\repos\Synapic.NET\build\_python\win-x64\python\Lib\subprocess.py", line 1538, in _execute_child
    hp, ht, pid, tid = _winapi.CreateProcess(executable, args,
                       ^^^^^^^^^^^^^^^^^^^^^^^^^^^^^^^^^^^^^^^
FileNotFoundError: [WinError 2] The system cannot find the file specified
145778 INFO: Executing: strip C:\Users\Dean\AppData\Local\pyinstaller\bincache10py31164bit\PIL\_webp.cp311-win_amd64.pyd
145780 WARNING: Failed to run strip on 'C:\\Users\\Dean\\AppData\\Local\\pyinstaller\\bincache10py31164bit\\PIL\\_webp.cp311-win_amd64.pyd'!
Traceback (most recent call last):
  File "C:\Users\Dean\source\repos\Synapic.NET\build\_python\win-x64\python\Lib\site-packages\PyInstaller\building\utils.py", line 250, in process_collected_binary
    p = subprocess.run(
        ^^^^^^^^^^^^^^^
  File "C:\Users\Dean\source\repos\Synapic.NET\build\_python\win-x64\python\Lib\subprocess.py", line 548, in run
    with Popen(*popenargs, **kwargs) as process:
         ^^^^^^^^^^^^^^^^^^^^^^^^^^^
  File "C:\Users\Dean\source\repos\Synapic.NET\build\_python\win-x64\python\Lib\subprocess.py", line 1026, in __init__
    self._execute_child(args, executable, preexec_fn, close_fds,
  File "C:\Users\Dean\source\repos\Synapic.NET\build\_python\win-x64\python\Lib\subprocess.py", line 1538, in _execute_child
    hp, ht, pid, tid = _winapi.CreateProcess(executable, args,
                       ^^^^^^^^^^^^^^^^^^^^^^^^^^^^^^^^^^^^^^^
FileNotFoundError: [WinError 2] The system cannot find the file specified
145788 INFO: Executing: strip C:\Users\Dean\AppData\Local\pyinstaller\bincache10py31164bit\PIL\_imagingtk.cp311-win_amd64.pyd
145790 WARNING: Failed to run strip on 'C:\\Users\\Dean\\AppData\\Local\\pyinstaller\\bincache10py31164bit\\PIL\\_imagingtk.cp311-win_amd64.pyd'!
Traceback (most recent call last):
  File "C:\Users\Dean\source\repos\Synapic.NET\build\_python\win-x64\python\Lib\site-packages\PyInstaller\building\utils.py", line 250, in process_collected_binary
    p = subprocess.run(
        ^^^^^^^^^^^^^^^
  File "C:\Users\Dean\source\repos\Synapic.NET\build\_python\win-x64\python\Lib\subprocess.py", line 548, in run
    with Popen(*popenargs, **kwargs) as process:
         ^^^^^^^^^^^^^^^^^^^^^^^^^^^
  File "C:\Users\Dean\source\repos\Synapic.NET\build\_python\win-x64\python\Lib\subprocess.py", line 1026, in __init__
    self._execute_child(args, executable, preexec_fn, close_fds,
  File "C:\Users\Dean\source\repos\Synapic.NET\build\_python\win-x64\python\Lib\subprocess.py", line 1538, in _execute_child
    hp, ht, pid, tid = _winapi.CreateProcess(executable, args,
                       ^^^^^^^^^^^^^^^^^^^^^^^^^^^^^^^^^^^^^^^
FileNotFoundError: [WinError 2] The system cannot find the file specified
145828 INFO: Executing: strip C:\Users\Dean\AppData\Local\pyinstaller\bincache10py31164bit\PIL\_avif.cp311-win_amd64.pyd
145830 WARNING: Failed to run strip on 'C:\\Users\\Dean\\AppData\\Local\\pyinstaller\\bincache10py31164bit\\PIL\\_avif.cp311-win_amd64.pyd'!
Traceback (most recent call last):
  File "C:\Users\Dean\source\repos\Synapic.NET\build\_python\win-x64\python\Lib\site-packages\PyInstaller\building\utils.py", line 250, in process_collected_binary
    p = subprocess.run(
        ^^^^^^^^^^^^^^^
  File "C:\Users\Dean\source\repos\Synapic.NET\build\_python\win-x64\python\Lib\subprocess.py", line 548, in run
    with Popen(*popenargs, **kwargs) as process:
         ^^^^^^^^^^^^^^^^^^^^^^^^^^^
  File "C:\Users\Dean\source\repos\Synapic.NET\build\_python\win-x64\python\Lib\subprocess.py", line 1026, in __init__
    self._execute_child(args, executable, preexec_fn, close_fds,
  File "C:\Users\Dean\source\repos\Synapic.NET\build\_python\win-x64\python\Lib\subprocess.py", line 1538, in _execute_child
    hp, ht, pid, tid = _winapi.CreateProcess(executable, args,
                       ^^^^^^^^^^^^^^^^^^^^^^^^^^^^^^^^^^^^^^^
FileNotFoundError: [WinError 2] The system cannot find the file specified
145839 INFO: Executing: strip C:\Users\Dean\AppData\Local\pyinstaller\bincache10py31164bit\PIL\_imagingcms.cp311-win_amd64.pyd
145841 WARNING: Failed to run strip on 'C:\\Users\\Dean\\AppData\\Local\\pyinstaller\\bincache10py31164bit\\PIL\\_imagingcms.cp311-win_amd64.pyd'!
Traceback (most recent call last):
  File "C:\Users\Dean\source\repos\Synapic.NET\build\_python\win-x64\python\Lib\site-packages\PyInstaller\building\utils.py", line 250, in process_collected_binary
    p = subprocess.run(
        ^^^^^^^^^^^^^^^
  File "C:\Users\Dean\source\repos\Synapic.NET\build\_python\win-x64\python\Lib\subprocess.py", line 548, in run
    with Popen(*popenargs, **kwargs) as process:
         ^^^^^^^^^^^^^^^^^^^^^^^^^^^
  File "C:\Users\Dean\source\repos\Synapic.NET\build\_python\win-x64\python\Lib\subprocess.py", line 1026, in __init__
    self._execute_child(args, executable, preexec_fn, close_fds,
  File "C:\Users\Dean\source\repos\Synapic.NET\build\_python\win-x64\python\Lib\subprocess.py", line 1538, in _execute_child
    hp, ht, pid, tid = _winapi.CreateProcess(executable, args,
                       ^^^^^^^^^^^^^^^^^^^^^^^^^^^^^^^^^^^^^^^
FileNotFoundError: [WinError 2] The system cannot find the file specified
145850 INFO: Executing: strip C:\Users\Dean\AppData\Local\pyinstaller\bincache10py31164bit\PIL\_imagingmath.cp311-win_amd64.pyd
145851 WARNING: Failed to run strip on 'C:\\Users\\Dean\\AppData\\Local\\pyinstaller\\bincache10py31164bit\\PIL\\_imagingmath.cp311-win_amd64.pyd'!
Traceback (most recent call last):
  File "C:\Users\Dean\source\repos\Synapic.NET\build\_python\win-x64\python\Lib\site-packages\PyInstaller\building\utils.py", line 250, in process_collected_binary
    p = subprocess.run(
        ^^^^^^^^^^^^^^^
  File "C:\Users\Dean\source\repos\Synapic.NET\build\_python\win-x64\python\Lib\subprocess.py", line 548, in run
    with Popen(*popenargs, **kwargs) as process:
         ^^^^^^^^^^^^^^^^^^^^^^^^^^^
  File "C:\Users\Dean\source\repos\Synapic.NET\build\_python\win-x64\python\Lib\subprocess.py", line 1026, in __init__
    self._execute_child(args, executable, preexec_fn, close_fds,
  File "C:\Users\Dean\source\repos\Synapic.NET\build\_python\win-x64\python\Lib\subprocess.py", line 1538, in _execute_child
    hp, ht, pid, tid = _winapi.CreateProcess(executable, args,
                       ^^^^^^^^^^^^^^^^^^^^^^^^^^^^^^^^^^^^^^^
FileNotFoundError: [WinError 2] The system cannot find the file specified
145866 INFO: Executing: strip C:\Users\Dean\AppData\Local\pyinstaller\bincache10py31164bit\sentencepiece\_sentencepiece.cp311-win_amd64.pyd
145869 WARNING: Failed to run strip on 'C:\\Users\\Dean\\AppData\\Local\\pyinstaller\\bincache10py31164bit\\sentencepiece\\_sentencepiece.cp311-win_amd64.pyd'!
Traceback (most recent call last):
  File "C:\Users\Dean\source\repos\Synapic.NET\build\_python\win-x64\python\Lib\site-packages\PyInstaller\building\utils.py", line 250, in process_collected_binary
    p = subprocess.run(
        ^^^^^^^^^^^^^^^
  File "C:\Users\Dean\source\repos\Synapic.NET\build\_python\win-x64\python\Lib\subprocess.py", line 548, in run
    with Popen(*popenargs, **kwargs) as process:
         ^^^^^^^^^^^^^^^^^^^^^^^^^^^
  File "C:\Users\Dean\source\repos\Synapic.NET\build\_python\win-x64\python\Lib\subprocess.py", line 1026, in __init__
    self._execute_child(args, executable, preexec_fn, close_fds,
  File "C:\Users\Dean\source\repos\Synapic.NET\build\_python\win-x64\python\Lib\subprocess.py", line 1538, in _execute_child
    hp, ht, pid, tid = _winapi.CreateProcess(executable, args,
                       ^^^^^^^^^^^^^^^^^^^^^^^^^^^^^^^^^^^^^^^
FileNotFoundError: [WinError 2] The system cannot find the file specified
145908 INFO: Executing: strip C:\Users\Dean\AppData\Local\pyinstaller\bincache10py31164bit\tokenizers\tokenizers.pyd
145910 WARNING: Failed to run strip on 'C:\\Users\\Dean\\AppData\\Local\\pyinstaller\\bincache10py31164bit\\tokenizers\\tokenizers.pyd'!
Traceback (most recent call last):
  File "C:\Users\Dean\source\repos\Synapic.NET\build\_python\win-x64\python\Lib\site-packages\PyInstaller\building\utils.py", line 250, in process_collected_binary
    p = subprocess.run(
        ^^^^^^^^^^^^^^^
  File "C:\Users\Dean\source\repos\Synapic.NET\build\_python\win-x64\python\Lib\subprocess.py", line 548, in run
    with Popen(*popenargs, **kwargs) as process:
         ^^^^^^^^^^^^^^^^^^^^^^^^^^^
  File "C:\Users\Dean\source\repos\Synapic.NET\build\_python\win-x64\python\Lib\subprocess.py", line 1026, in __init__
    self._execute_child(args, executable, preexec_fn, close_fds,
  File "C:\Users\Dean\source\repos\Synapic.NET\build\_python\win-x64\python\Lib\subprocess.py", line 1538, in _execute_child
    hp, ht, pid, tid = _winapi.CreateProcess(executable, args,
                       ^^^^^^^^^^^^^^^^^^^^^^^^^^^^^^^^^^^^^^^
FileNotFoundError: [WinError 2] The system cannot find the file specified
145944 INFO: Executing: strip C:\Users\Dean\AppData\Local\pyinstaller\bincache10py31164bit\hf_xet\hf_xet.pyd
145947 WARNING: Failed to run strip on 'C:\\Users\\Dean\\AppData\\Local\\pyinstaller\\bincache10py31164bit\\hf_xet\\hf_xet.pyd'!
Traceback (most recent call last):
  File "C:\Users\Dean\source\repos\Synapic.NET\build\_python\win-x64\python\Lib\site-packages\PyInstaller\building\utils.py", line 250, in process_collected_binary
    p = subprocess.run(
        ^^^^^^^^^^^^^^^
  File "C:\Users\Dean\source\repos\Synapic.NET\build\_python\win-x64\python\Lib\subprocess.py", line 548, in run
    with Popen(*popenargs, **kwargs) as process:
         ^^^^^^^^^^^^^^^^^^^^^^^^^^^
  File "C:\Users\Dean\source\repos\Synapic.NET\build\_python\win-x64\python\Lib\subprocess.py", line 1026, in __init__
    self._execute_child(args, executable, preexec_fn, close_fds,
  File "C:\Users\Dean\source\repos\Synapic.NET\build\_python\win-x64\python\Lib\subprocess.py", line 1538, in _execute_child
    hp, ht, pid, tid = _winapi.CreateProcess(executable, args,
                       ^^^^^^^^^^^^^^^^^^^^^^^^^^^^^^^^^^^^^^^
FileNotFoundError: [WinError 2] The system cannot find the file specified
145961 INFO: Executing: strip C:\Users\Dean\AppData\Local\pyinstaller\bincache10py31164bit\safetensors\_safetensors_rust.pyd
145962 WARNING: Failed to run strip on 'C:\\Users\\Dean\\AppData\\Local\\pyinstaller\\bincache10py31164bit\\safetensors\\_safetensors_rust.pyd'!
Traceback (most recent call last):
  File "C:\Users\Dean\source\repos\Synapic.NET\build\_python\win-x64\python\Lib\site-packages\PyInstaller\building\utils.py", line 250, in process_collected_binary
    p = subprocess.run(
        ^^^^^^^^^^^^^^^
  File "C:\Users\Dean\source\repos\Synapic.NET\build\_python\win-x64\python\Lib\subprocess.py", line 548, in run
    with Popen(*popenargs, **kwargs) as process:
         ^^^^^^^^^^^^^^^^^^^^^^^^^^^
  File "C:\Users\Dean\source\repos\Synapic.NET\build\_python\win-x64\python\Lib\subprocess.py", line 1026, in __init__
    self._execute_child(args, executable, preexec_fn, close_fds,
  File "C:\Users\Dean\source\repos\Synapic.NET\build\_python\win-x64\python\Lib\subprocess.py", line 1538, in _execute_child
    hp, ht, pid, tid = _winapi.CreateProcess(executable, args,
                       ^^^^^^^^^^^^^^^^^^^^^^^^^^^^^^^^^^^^^^^
FileNotFoundError: [WinError 2] The system cannot find the file specified
145972 INFO: Executing: strip C:\Users\Dean\AppData\Local\pyinstaller\bincache10py31164bit\regex\_regex.cp311-win_amd64.pyd
145973 WARNING: Failed to run strip on 'C:\\Users\\Dean\\AppData\\Local\\pyinstaller\\bincache10py31164bit\\regex\\_regex.cp311-win_amd64.pyd'!
Traceback (most recent call last):
  File "C:\Users\Dean\source\repos\Synapic.NET\build\_python\win-x64\python\Lib\site-packages\PyInstaller\building\utils.py", line 250, in process_collected_binary
    p = subprocess.run(
        ^^^^^^^^^^^^^^^
  File "C:\Users\Dean\source\repos\Synapic.NET\build\_python\win-x64\python\Lib\subprocess.py", line 548, in run
    with Popen(*popenargs, **kwargs) as process:
         ^^^^^^^^^^^^^^^^^^^^^^^^^^^
  File "C:\Users\Dean\source\repos\Synapic.NET\build\_python\win-x64\python\Lib\subprocess.py", line 1026, in __init__
    self._execute_child(args, executable, preexec_fn, close_fds,
  File "C:\Users\Dean\source\repos\Synapic.NET\build\_python\win-x64\python\Lib\subprocess.py", line 1538, in _execute_child
    hp, ht, pid, tid = _winapi.CreateProcess(executable, args,
                       ^^^^^^^^^^^^^^^^^^^^^^^^^^^^^^^^^^^^^^^
FileNotFoundError: [WinError 2] The system cannot find the file specified
145987 INFO: Executing: strip C:\Users\Dean\AppData\Local\pyinstaller\bincache10py31164bit\torchvision\_C.pyd
145988 WARNING: Failed to run strip on 'C:\\Users\\Dean\\AppData\\Local\\pyinstaller\\bincache10py31164bit\\torchvision\\_C.pyd'!
Traceback (most recent call last):
  File "C:\Users\Dean\source\repos\Synapic.NET\build\_python\win-x64\python\Lib\site-packages\PyInstaller\building\utils.py", line 250, in process_collected_binary
    p = subprocess.run(
        ^^^^^^^^^^^^^^^
  File "C:\Users\Dean\source\repos\Synapic.NET\build\_python\win-x64\python\Lib\subprocess.py", line 548, in run
    with Popen(*popenargs, **kwargs) as process:
         ^^^^^^^^^^^^^^^^^^^^^^^^^^^
  File "C:\Users\Dean\source\repos\Synapic.NET\build\_python\win-x64\python\Lib\subprocess.py", line 1026, in __init__
    self._execute_child(args, executable, preexec_fn, close_fds,
  File "C:\Users\Dean\source\repos\Synapic.NET\build\_python\win-x64\python\Lib\subprocess.py", line 1538, in _execute_child
    hp, ht, pid, tid = _winapi.CreateProcess(executable, args,
                       ^^^^^^^^^^^^^^^^^^^^^^^^^^^^^^^^^^^^^^^
FileNotFoundError: [WinError 2] The system cannot find the file specified
145998 INFO: Executing: strip C:\Users\Dean\AppData\Local\pyinstaller\bincache10py31164bit\_zoneinfo.pyd
145999 WARNING: Failed to run strip on 'C:\\Users\\Dean\\AppData\\Local\\pyinstaller\\bincache10py31164bit\\_zoneinfo.pyd'!
Traceback (most recent call last):
  File "C:\Users\Dean\source\repos\Synapic.NET\build\_python\win-x64\python\Lib\site-packages\PyInstaller\building\utils.py", line 250, in process_collected_binary
    p = subprocess.run(
        ^^^^^^^^^^^^^^^
  File "C:\Users\Dean\source\repos\Synapic.NET\build\_python\win-x64\python\Lib\subprocess.py", line 548, in run
    with Popen(*popenargs, **kwargs) as process:
         ^^^^^^^^^^^^^^^^^^^^^^^^^^^
  File "C:\Users\Dean\source\repos\Synapic.NET\build\_python\win-x64\python\Lib\subprocess.py", line 1026, in __init__
    self._execute_child(args, executable, preexec_fn, close_fds,
  File "C:\Users\Dean\source\repos\Synapic.NET\build\_python\win-x64\python\Lib\subprocess.py", line 1538, in _execute_child
    hp, ht, pid, tid = _winapi.CreateProcess(executable, args,
                       ^^^^^^^^^^^^^^^^^^^^^^^^^^^^^^^^^^^^^^^
FileNotFoundError: [WinError 2] The system cannot find the file specified
146007 INFO: Executing: strip C:\Users\Dean\AppData\Local\pyinstaller\bincache10py31164bit\api-ms-win-crt-math-l1-1-0.dll
146008 WARNING: Failed to run strip on 'C:\\Users\\Dean\\AppData\\Local\\pyinstaller\\bincache10py31164bit\\api-ms-win-crt-math-l1-1-0.dll'!
Traceback (most recent call last):
  File "C:\Users\Dean\source\repos\Synapic.NET\build\_python\win-x64\python\Lib\site-packages\PyInstaller\building\utils.py", line 250, in process_collected_binary
    p = subprocess.run(
        ^^^^^^^^^^^^^^^
  File "C:\Users\Dean\source\repos\Synapic.NET\build\_python\win-x64\python\Lib\subprocess.py", line 548, in run
    with Popen(*popenargs, **kwargs) as process:
         ^^^^^^^^^^^^^^^^^^^^^^^^^^^
  File "C:\Users\Dean\source\repos\Synapic.NET\build\_python\win-x64\python\Lib\subprocess.py", line 1026, in __init__
    self._execute_child(args, executable, preexec_fn, close_fds,
  File "C:\Users\Dean\source\repos\Synapic.NET\build\_python\win-x64\python\Lib\subprocess.py", line 1538, in _execute_child
    hp, ht, pid, tid = _winapi.CreateProcess(executable, args,
                       ^^^^^^^^^^^^^^^^^^^^^^^^^^^^^^^^^^^^^^^
FileNotFoundError: [WinError 2] The system cannot find the file specified
146013 INFO: Executing: strip C:\Users\Dean\AppData\Local\pyinstaller\bincache10py31164bit\api-ms-win-crt-stdio-l1-1-0.dll
146014 WARNING: Failed to run strip on 'C:\\Users\\Dean\\AppData\\Local\\pyinstaller\\bincache10py31164bit\\api-ms-win-crt-stdio-l1-1-0.dll'!
Traceback (most recent call last):
  File "C:\Users\Dean\source\repos\Synapic.NET\build\_python\win-x64\python\Lib\site-packages\PyInstaller\building\utils.py", line 250, in process_collected_binary
    p = subprocess.run(
        ^^^^^^^^^^^^^^^
  File "C:\Users\Dean\source\repos\Synapic.NET\build\_python\win-x64\python\Lib\subprocess.py", line 548, in run
    with Popen(*popenargs, **kwargs) as process:
         ^^^^^^^^^^^^^^^^^^^^^^^^^^^
  File "C:\Users\Dean\source\repos\Synapic.NET\build\_python\win-x64\python\Lib\subprocess.py", line 1026, in __init__
    self._execute_child(args, executable, preexec_fn, close_fds,
  File "C:\Users\Dean\source\repos\Synapic.NET\build\_python\win-x64\python\Lib\subprocess.py", line 1538, in _execute_child
    hp, ht, pid, tid = _winapi.CreateProcess(executable, args,
                       ^^^^^^^^^^^^^^^^^^^^^^^^^^^^^^^^^^^^^^^
FileNotFoundError: [WinError 2] The system cannot find the file specified
146021 INFO: Executing: strip C:\Users\Dean\AppData\Local\pyinstaller\bincache10py31164bit\api-ms-win-crt-process-l1-1-0.dll
146022 WARNING: Failed to run strip on 'C:\\Users\\Dean\\AppData\\Local\\pyinstaller\\bincache10py31164bit\\api-ms-win-crt-process-l1-1-0.dll'!
Traceback (most recent call last):
  File "C:\Users\Dean\source\repos\Synapic.NET\build\_python\win-x64\python\Lib\site-packages\PyInstaller\building\utils.py", line 250, in process_collected_binary
    p = subprocess.run(
        ^^^^^^^^^^^^^^^
  File "C:\Users\Dean\source\repos\Synapic.NET\build\_python\win-x64\python\Lib\subprocess.py", line 548, in run
    with Popen(*popenargs, **kwargs) as process:
         ^^^^^^^^^^^^^^^^^^^^^^^^^^^
  File "C:\Users\Dean\source\repos\Synapic.NET\build\_python\win-x64\python\Lib\subprocess.py", line 1026, in __init__
    self._execute_child(args, executable, preexec_fn, close_fds,
  File "C:\Users\Dean\source\repos\Synapic.NET\build\_python\win-x64\python\Lib\subprocess.py", line 1538, in _execute_child
    hp, ht, pid, tid = _winapi.CreateProcess(executable, args,
                       ^^^^^^^^^^^^^^^^^^^^^^^^^^^^^^^^^^^^^^^
FileNotFoundError: [WinError 2] The system cannot find the file specified
146027 INFO: Executing: strip C:\Users\Dean\AppData\Local\pyinstaller\bincache10py31164bit\api-ms-win-crt-heap-l1-1-0.dll
146029 WARNING: Failed to run strip on 'C:\\Users\\Dean\\AppData\\Local\\pyinstaller\\bincache10py31164bit\\api-ms-win-crt-heap-l1-1-0.dll'!
Traceback (most recent call last):
  File "C:\Users\Dean\source\repos\Synapic.NET\build\_python\win-x64\python\Lib\site-packages\PyInstaller\building\utils.py", line 250, in process_collected_binary
    p = subprocess.run(
        ^^^^^^^^^^^^^^^
  File "C:\Users\Dean\source\repos\Synapic.NET\build\_python\win-x64\python\Lib\subprocess.py", line 548, in run
    with Popen(*popenargs, **kwargs) as process:
         ^^^^^^^^^^^^^^^^^^^^^^^^^^^
  File "C:\Users\Dean\source\repos\Synapic.NET\build\_python\win-x64\python\Lib\subprocess.py", line 1026, in __init__
    self._execute_child(args, executable, preexec_fn, close_fds,
  File "C:\Users\Dean\source\repos\Synapic.NET\build\_python\win-x64\python\Lib\subprocess.py", line 1538, in _execute_child
    hp, ht, pid, tid = _winapi.CreateProcess(executable, args,
                       ^^^^^^^^^^^^^^^^^^^^^^^^^^^^^^^^^^^^^^^
FileNotFoundError: [WinError 2] The system cannot find the file specified
146034 INFO: Executing: strip C:\Users\Dean\AppData\Local\pyinstaller\bincache10py31164bit\api-ms-win-crt-filesystem-l1-1-0.dll
146036 WARNING: Failed to run strip on 'C:\\Users\\Dean\\AppData\\Local\\pyinstaller\\bincache10py31164bit\\api-ms-win-crt-filesystem-l1-1-0.dll'!
Traceback (most recent call last):
  File "C:\Users\Dean\source\repos\Synapic.NET\build\_python\win-x64\python\Lib\site-packages\PyInstaller\building\utils.py", line 250, in process_collected_binary
    p = subprocess.run(
        ^^^^^^^^^^^^^^^
  File "C:\Users\Dean\source\repos\Synapic.NET\build\_python\win-x64\python\Lib\subprocess.py", line 548, in run
    with Popen(*popenargs, **kwargs) as process:
         ^^^^^^^^^^^^^^^^^^^^^^^^^^^
  File "C:\Users\Dean\source\repos\Synapic.NET\build\_python\win-x64\python\Lib\subprocess.py", line 1026, in __init__
    self._execute_child(args, executable, preexec_fn, close_fds,
  File "C:\Users\Dean\source\repos\Synapic.NET\build\_python\win-x64\python\Lib\subprocess.py", line 1538, in _execute_child
    hp, ht, pid, tid = _winapi.CreateProcess(executable, args,
                       ^^^^^^^^^^^^^^^^^^^^^^^^^^^^^^^^^^^^^^^
FileNotFoundError: [WinError 2] The system cannot find the file specified
146041 INFO: Executing: strip C:\Users\Dean\AppData\Local\pyinstaller\bincache10py31164bit\api-ms-win-crt-string-l1-1-0.dll
146042 WARNING: Failed to run strip on 'C:\\Users\\Dean\\AppData\\Local\\pyinstaller\\bincache10py31164bit\\api-ms-win-crt-string-l1-1-0.dll'!
Traceback (most recent call last):
  File "C:\Users\Dean\source\repos\Synapic.NET\build\_python\win-x64\python\Lib\site-packages\PyInstaller\building\utils.py", line 250, in process_collected_binary
    p = subprocess.run(
        ^^^^^^^^^^^^^^^
  File "C:\Users\Dean\source\repos\Synapic.NET\build\_python\win-x64\python\Lib\subprocess.py", line 548, in run
    with Popen(*popenargs, **kwargs) as process:
         ^^^^^^^^^^^^^^^^^^^^^^^^^^^
  File "C:\Users\Dean\source\repos\Synapic.NET\build\_python\win-x64\python\Lib\subprocess.py", line 1026, in __init__
    self._execute_child(args, executable, preexec_fn, close_fds,
  File "C:\Users\Dean\source\repos\Synapic.NET\build\_python\win-x64\python\Lib\subprocess.py", line 1538, in _execute_child
    hp, ht, pid, tid = _winapi.CreateProcess(executable, args,
                       ^^^^^^^^^^^^^^^^^^^^^^^^^^^^^^^^^^^^^^^
FileNotFoundError: [WinError 2] The system cannot find the file specified
146049 INFO: Executing: strip C:\Users\Dean\AppData\Local\pyinstaller\bincache10py31164bit\api-ms-win-crt-runtime-l1-1-0.dll
146051 WARNING: Failed to run strip on 'C:\\Users\\Dean\\AppData\\Local\\pyinstaller\\bincache10py31164bit\\api-ms-win-crt-runtime-l1-1-0.dll'!
Traceback (most recent call last):
  File "C:\Users\Dean\source\repos\Synapic.NET\build\_python\win-x64\python\Lib\site-packages\PyInstaller\building\utils.py", line 250, in process_collected_binary
    p = subprocess.run(
        ^^^^^^^^^^^^^^^
  File "C:\Users\Dean\source\repos\Synapic.NET\build\_python\win-x64\python\Lib\subprocess.py", line 548, in run
    with Popen(*popenargs, **kwargs) as process:
         ^^^^^^^^^^^^^^^^^^^^^^^^^^^
  File "C:\Users\Dean\source\repos\Synapic.NET\build\_python\win-x64\python\Lib\subprocess.py", line 1026, in __init__
    self._execute_child(args, executable, preexec_fn, close_fds,
  File "C:\Users\Dean\source\repos\Synapic.NET\build\_python\win-x64\python\Lib\subprocess.py", line 1538, in _execute_child
    hp, ht, pid, tid = _winapi.CreateProcess(executable, args,
                       ^^^^^^^^^^^^^^^^^^^^^^^^^^^^^^^^^^^^^^^
FileNotFoundError: [WinError 2] The system cannot find the file specified
146058 INFO: Executing: strip C:\Users\Dean\AppData\Local\pyinstaller\bincache10py31164bit\api-ms-win-crt-utility-l1-1-0.dll
146060 WARNING: Failed to run strip on 'C:\\Users\\Dean\\AppData\\Local\\pyinstaller\\bincache10py31164bit\\api-ms-win-crt-utility-l1-1-0.dll'!
Traceback (most recent call last):
  File "C:\Users\Dean\source\repos\Synapic.NET\build\_python\win-x64\python\Lib\site-packages\PyInstaller\building\utils.py", line 250, in process_collected_binary
    p = subprocess.run(
        ^^^^^^^^^^^^^^^
  File "C:\Users\Dean\source\repos\Synapic.NET\build\_python\win-x64\python\Lib\subprocess.py", line 548, in run
    with Popen(*popenargs, **kwargs) as process:
         ^^^^^^^^^^^^^^^^^^^^^^^^^^^
  File "C:\Users\Dean\source\repos\Synapic.NET\build\_python\win-x64\python\Lib\subprocess.py", line 1026, in __init__
    self._execute_child(args, executable, preexec_fn, close_fds,
  File "C:\Users\Dean\source\repos\Synapic.NET\build\_python\win-x64\python\Lib\subprocess.py", line 1538, in _execute_child
    hp, ht, pid, tid = _winapi.CreateProcess(executable, args,
                       ^^^^^^^^^^^^^^^^^^^^^^^^^^^^^^^^^^^^^^^
FileNotFoundError: [WinError 2] The system cannot find the file specified
146071 INFO: Executing: strip C:\Users\Dean\AppData\Local\pyinstaller\bincache10py31164bit\api-ms-win-crt-locale-l1-1-0.dll
146073 WARNING: Failed to run strip on 'C:\\Users\\Dean\\AppData\\Local\\pyinstaller\\bincache10py31164bit\\api-ms-win-crt-locale-l1-1-0.dll'!
Traceback (most recent call last):
  File "C:\Users\Dean\source\repos\Synapic.NET\build\_python\win-x64\python\Lib\site-packages\PyInstaller\building\utils.py", line 250, in process_collected_binary
    p = subprocess.run(
        ^^^^^^^^^^^^^^^
  File "C:\Users\Dean\source\repos\Synapic.NET\build\_python\win-x64\python\Lib\subprocess.py", line 548, in run
    with Popen(*popenargs, **kwargs) as process:
         ^^^^^^^^^^^^^^^^^^^^^^^^^^^
  File "C:\Users\Dean\source\repos\Synapic.NET\build\_python\win-x64\python\Lib\subprocess.py", line 1026, in __init__
    self._execute_child(args, executable, preexec_fn, close_fds,
  File "C:\Users\Dean\source\repos\Synapic.NET\build\_python\win-x64\python\Lib\subprocess.py", line 1538, in _execute_child
    hp, ht, pid, tid = _winapi.CreateProcess(executable, args,
                       ^^^^^^^^^^^^^^^^^^^^^^^^^^^^^^^^^^^^^^^
FileNotFoundError: [WinError 2] The system cannot find the file specified
146081 INFO: Executing: strip C:\Users\Dean\AppData\Local\pyinstaller\bincache10py31164bit\api-ms-win-crt-environment-l1-1-0.dll
146083 WARNING: Failed to run strip on 'C:\\Users\\Dean\\AppData\\Local\\pyinstaller\\bincache10py31164bit\\api-ms-win-crt-environment-l1-1-0.dll'!
Traceback (most recent call last):
  File "C:\Users\Dean\source\repos\Synapic.NET\build\_python\win-x64\python\Lib\site-packages\PyInstaller\building\utils.py", line 250, in process_collected_binary
    p = subprocess.run(
        ^^^^^^^^^^^^^^^
  File "C:\Users\Dean\source\repos\Synapic.NET\build\_python\win-x64\python\Lib\subprocess.py", line 548, in run
    with Popen(*popenargs, **kwargs) as process:
         ^^^^^^^^^^^^^^^^^^^^^^^^^^^
  File "C:\Users\Dean\source\repos\Synapic.NET\build\_python\win-x64\python\Lib\subprocess.py", line 1026, in __init__
    self._execute_child(args, executable, preexec_fn, close_fds,
  File "C:\Users\Dean\source\repos\Synapic.NET\build\_python\win-x64\python\Lib\subprocess.py", line 1538, in _execute_child
    hp, ht, pid, tid = _winapi.CreateProcess(executable, args,
                       ^^^^^^^^^^^^^^^^^^^^^^^^^^^^^^^^^^^^^^^
FileNotFoundError: [WinError 2] The system cannot find the file specified
146091 INFO: Executing: strip C:\Users\Dean\AppData\Local\pyinstaller\bincache10py31164bit\api-ms-win-crt-time-l1-1-0.dll
146092 WARNING: Failed to run strip on 'C:\\Users\\Dean\\AppData\\Local\\pyinstaller\\bincache10py31164bit\\api-ms-win-crt-time-l1-1-0.dll'!
Traceback (most recent call last):
  File "C:\Users\Dean\source\repos\Synapic.NET\build\_python\win-x64\python\Lib\site-packages\PyInstaller\building\utils.py", line 250, in process_collected_binary
    p = subprocess.run(
        ^^^^^^^^^^^^^^^
  File "C:\Users\Dean\source\repos\Synapic.NET\build\_python\win-x64\python\Lib\subprocess.py", line 548, in run
    with Popen(*popenargs, **kwargs) as process:
         ^^^^^^^^^^^^^^^^^^^^^^^^^^^
  File "C:\Users\Dean\source\repos\Synapic.NET\build\_python\win-x64\python\Lib\subprocess.py", line 1026, in __init__
    self._execute_child(args, executable, preexec_fn, close_fds,
  File "C:\Users\Dean\source\repos\Synapic.NET\build\_python\win-x64\python\Lib\subprocess.py", line 1538, in _execute_child
    hp, ht, pid, tid = _winapi.CreateProcess(executable, args,
                       ^^^^^^^^^^^^^^^^^^^^^^^^^^^^^^^^^^^^^^^
FileNotFoundError: [WinError 2] The system cannot find the file specified
146101 INFO: Executing: strip C:\Users\Dean\AppData\Local\pyinstaller\bincache10py31164bit\api-ms-win-crt-convert-l1-1-0.dll
146103 WARNING: Failed to run strip on 'C:\\Users\\Dean\\AppData\\Local\\pyinstaller\\bincache10py31164bit\\api-ms-win-crt-convert-l1-1-0.dll'!
Traceback (most recent call last):
  File "C:\Users\Dean\source\repos\Synapic.NET\build\_python\win-x64\python\Lib\site-packages\PyInstaller\building\utils.py", line 250, in process_collected_binary
    p = subprocess.run(
        ^^^^^^^^^^^^^^^
  File "C:\Users\Dean\source\repos\Synapic.NET\build\_python\win-x64\python\Lib\subprocess.py", line 548, in run
    with Popen(*popenargs, **kwargs) as process:
         ^^^^^^^^^^^^^^^^^^^^^^^^^^^
  File "C:\Users\Dean\source\repos\Synapic.NET\build\_python\win-x64\python\Lib\subprocess.py", line 1026, in __init__
    self._execute_child(args, executable, preexec_fn, close_fds,
  File "C:\Users\Dean\source\repos\Synapic.NET\build\_python\win-x64\python\Lib\subprocess.py", line 1538, in _execute_child
    hp, ht, pid, tid = _winapi.CreateProcess(executable, args,
                       ^^^^^^^^^^^^^^^^^^^^^^^^^^^^^^^^^^^^^^^
FileNotFoundError: [WinError 2] The system cannot find the file specified
146110 INFO: Executing: strip C:\Users\Dean\AppData\Local\pyinstaller\bincache10py31164bit\api-ms-win-crt-conio-l1-1-0.dll
146112 WARNING: Failed to run strip on 'C:\\Users\\Dean\\AppData\\Local\\pyinstaller\\bincache10py31164bit\\api-ms-win-crt-conio-l1-1-0.dll'!
Traceback (most recent call last):
  File "C:\Users\Dean\source\repos\Synapic.NET\build\_python\win-x64\python\Lib\site-packages\PyInstaller\building\utils.py", line 250, in process_collected_binary
    p = subprocess.run(
        ^^^^^^^^^^^^^^^
  File "C:\Users\Dean\source\repos\Synapic.NET\build\_python\win-x64\python\Lib\subprocess.py", line 548, in run
    with Popen(*popenargs, **kwargs) as process:
         ^^^^^^^^^^^^^^^^^^^^^^^^^^^
  File "C:\Users\Dean\source\repos\Synapic.NET\build\_python\win-x64\python\Lib\subprocess.py", line 1026, in __init__
    self._execute_child(args, executable, preexec_fn, close_fds,
  File "C:\Users\Dean\source\repos\Synapic.NET\build\_python\win-x64\python\Lib\subprocess.py", line 1538, in _execute_child
    hp, ht, pid, tid = _winapi.CreateProcess(executable, args,
                       ^^^^^^^^^^^^^^^^^^^^^^^^^^^^^^^^^^^^^^^
FileNotFoundError: [WinError 2] The system cannot find the file specified
146120 INFO: Executing: strip C:\Users\Dean\AppData\Local\pyinstaller\bincache10py31164bit\api-ms-win-crt-private-l1-1-0.dll
146122 WARNING: Failed to run strip on 'C:\\Users\\Dean\\AppData\\Local\\pyinstaller\\bincache10py31164bit\\api-ms-win-crt-private-l1-1-0.dll'!
Traceback (most recent call last):
  File "C:\Users\Dean\source\repos\Synapic.NET\build\_python\win-x64\python\Lib\site-packages\PyInstaller\building\utils.py", line 250, in process_collected_binary
    p = subprocess.run(
        ^^^^^^^^^^^^^^^
  File "C:\Users\Dean\source\repos\Synapic.NET\build\_python\win-x64\python\Lib\subprocess.py", line 548, in run
    with Popen(*popenargs, **kwargs) as process:
         ^^^^^^^^^^^^^^^^^^^^^^^^^^^
  File "C:\Users\Dean\source\repos\Synapic.NET\build\_python\win-x64\python\Lib\subprocess.py", line 1026, in __init__
    self._execute_child(args, executable, preexec_fn, close_fds,
  File "C:\Users\Dean\source\repos\Synapic.NET\build\_python\win-x64\python\Lib\subprocess.py", line 1538, in _execute_child
    hp, ht, pid, tid = _winapi.CreateProcess(executable, args,
                       ^^^^^^^^^^^^^^^^^^^^^^^^^^^^^^^^^^^^^^^
FileNotFoundError: [WinError 2] The system cannot find the file specified
146199 INFO: Executing: strip C:\Users\Dean\AppData\Local\pyinstaller\bincache10py31164bit\libcrypto-3-x64.dll
146201 WARNING: Failed to run strip on 'C:\\Users\\Dean\\AppData\\Local\\pyinstaller\\bincache10py31164bit\\libcrypto-3-x64.dll'!
Traceback (most recent call last):
  File "C:\Users\Dean\source\repos\Synapic.NET\build\_python\win-x64\python\Lib\site-packages\PyInstaller\building\utils.py", line 250, in process_collected_binary
    p = subprocess.run(
        ^^^^^^^^^^^^^^^
  File "C:\Users\Dean\source\repos\Synapic.NET\build\_python\win-x64\python\Lib\subprocess.py", line 548, in run
    with Popen(*popenargs, **kwargs) as process:
         ^^^^^^^^^^^^^^^^^^^^^^^^^^^
  File "C:\Users\Dean\source\repos\Synapic.NET\build\_python\win-x64\python\Lib\subprocess.py", line 1026, in __init__
    self._execute_child(args, executable, preexec_fn, close_fds,
  File "C:\Users\Dean\source\repos\Synapic.NET\build\_python\win-x64\python\Lib\subprocess.py", line 1538, in _execute_child
    hp, ht, pid, tid = _winapi.CreateProcess(executable, args,
                       ^^^^^^^^^^^^^^^^^^^^^^^^^^^^^^^^^^^^^^^
FileNotFoundError: [WinError 2] The system cannot find the file specified
146211 INFO: Executing: strip C:\Users\Dean\AppData\Local\pyinstaller\bincache10py31164bit\libffi-8.dll
146215 WARNING: Failed to run strip on 'C:\\Users\\Dean\\AppData\\Local\\pyinstaller\\bincache10py31164bit\\libffi-8.dll'!
Traceback (most recent call last):
  File "C:\Users\Dean\source\repos\Synapic.NET\build\_python\win-x64\python\Lib\site-packages\PyInstaller\building\utils.py", line 250, in process_collected_binary
    p = subprocess.run(
        ^^^^^^^^^^^^^^^
  File "C:\Users\Dean\source\repos\Synapic.NET\build\_python\win-x64\python\Lib\subprocess.py", line 548, in run
    with Popen(*popenargs, **kwargs) as process:
         ^^^^^^^^^^^^^^^^^^^^^^^^^^^
  File "C:\Users\Dean\source\repos\Synapic.NET\build\_python\win-x64\python\Lib\subprocess.py", line 1026, in __init__
    self._execute_child(args, executable, preexec_fn, close_fds,
  File "C:\Users\Dean\source\repos\Synapic.NET\build\_python\win-x64\python\Lib\subprocess.py", line 1538, in _execute_child
    hp, ht, pid, tid = _winapi.CreateProcess(executable, args,
                       ^^^^^^^^^^^^^^^^^^^^^^^^^^^^^^^^^^^^^^^
FileNotFoundError: [WinError 2] The system cannot find the file specified
146238 INFO: Executing: strip C:\Users\Dean\AppData\Local\pyinstaller\bincache10py31164bit\libssl-3-x64.dll
146241 WARNING: Failed to run strip on 'C:\\Users\\Dean\\AppData\\Local\\pyinstaller\\bincache10py31164bit\\libssl-3-x64.dll'!
Traceback (most recent call last):
  File "C:\Users\Dean\source\repos\Synapic.NET\build\_python\win-x64\python\Lib\site-packages\PyInstaller\building\utils.py", line 250, in process_collected_binary
    p = subprocess.run(
        ^^^^^^^^^^^^^^^
  File "C:\Users\Dean\source\repos\Synapic.NET\build\_python\win-x64\python\Lib\subprocess.py", line 548, in run
    with Popen(*popenargs, **kwargs) as process:
         ^^^^^^^^^^^^^^^^^^^^^^^^^^^
  File "C:\Users\Dean\source\repos\Synapic.NET\build\_python\win-x64\python\Lib\subprocess.py", line 1026, in __init__
    self._execute_child(args, executable, preexec_fn, close_fds,
  File "C:\Users\Dean\source\repos\Synapic.NET\build\_python\win-x64\python\Lib\subprocess.py", line 1538, in _execute_child
    hp, ht, pid, tid = _winapi.CreateProcess(executable, args,
                       ^^^^^^^^^^^^^^^^^^^^^^^^^^^^^^^^^^^^^^^
FileNotFoundError: [WinError 2] The system cannot find the file specified
146250 INFO: Executing: strip C:\Users\Dean\AppData\Local\pyinstaller\bincache10py31164bit\api-ms-win-core-synch-l1-2-0.dll
146252 WARNING: Failed to run strip on 'C:\\Users\\Dean\\AppData\\Local\\pyinstaller\\bincache10py31164bit\\api-ms-win-core-synch-l1-2-0.dll'!
Traceback (most recent call last):
  File "C:\Users\Dean\source\repos\Synapic.NET\build\_python\win-x64\python\Lib\site-packages\PyInstaller\building\utils.py", line 250, in process_collected_binary
    p = subprocess.run(
        ^^^^^^^^^^^^^^^
  File "C:\Users\Dean\source\repos\Synapic.NET\build\_python\win-x64\python\Lib\subprocess.py", line 548, in run
    with Popen(*popenargs, **kwargs) as process:
         ^^^^^^^^^^^^^^^^^^^^^^^^^^^
  File "C:\Users\Dean\source\repos\Synapic.NET\build\_python\win-x64\python\Lib\subprocess.py", line 1026, in __init__
    self._execute_child(args, executable, preexec_fn, close_fds,
  File "C:\Users\Dean\source\repos\Synapic.NET\build\_python\win-x64\python\Lib\subprocess.py", line 1538, in _execute_child
    hp, ht, pid, tid = _winapi.CreateProcess(executable, args,
                       ^^^^^^^^^^^^^^^^^^^^^^^^^^^^^^^^^^^^^^^
FileNotFoundError: [WinError 2] The system cannot find the file specified
146259 INFO: Executing: strip C:\Users\Dean\AppData\Local\pyinstaller\bincache10py31164bit\python3.dll
146260 WARNING: Failed to run strip on 'C:\\Users\\Dean\\AppData\\Local\\pyinstaller\\bincache10py31164bit\\python3.dll'!
Traceback (most recent call last):
  File "C:\Users\Dean\source\repos\Synapic.NET\build\_python\win-x64\python\Lib\site-packages\PyInstaller\building\utils.py", line 250, in process_collected_binary
    p = subprocess.run(
        ^^^^^^^^^^^^^^^
  File "C:\Users\Dean\source\repos\Synapic.NET\build\_python\win-x64\python\Lib\subprocess.py", line 548, in run
    with Popen(*popenargs, **kwargs) as process:
         ^^^^^^^^^^^^^^^^^^^^^^^^^^^
  File "C:\Users\Dean\source\repos\Synapic.NET\build\_python\win-x64\python\Lib\subprocess.py", line 1026, in __init__
    self._execute_child(args, executable, preexec_fn, close_fds,
  File "C:\Users\Dean\source\repos\Synapic.NET\build\_python\win-x64\python\Lib\subprocess.py", line 1538, in _execute_child
    hp, ht, pid, tid = _winapi.CreateProcess(executable, args,
                       ^^^^^^^^^^^^^^^^^^^^^^^^^^^^^^^^^^^^^^^
FileNotFoundError: [WinError 2] The system cannot find the file specified
146277 INFO: Executing: strip C:\Users\Dean\AppData\Local\pyinstaller\bincache10py31164bit\sqlite3.dll
146279 WARNING: Failed to run strip on 'C:\\Users\\Dean\\AppData\\Local\\pyinstaller\\bincache10py31164bit\\sqlite3.dll'!
Traceback (most recent call last):
  File "C:\Users\Dean\source\repos\Synapic.NET\build\_python\win-x64\python\Lib\site-packages\PyInstaller\building\utils.py", line 250, in process_collected_binary
    p = subprocess.run(
        ^^^^^^^^^^^^^^^
  File "C:\Users\Dean\source\repos\Synapic.NET\build\_python\win-x64\python\Lib\subprocess.py", line 548, in run
    with Popen(*popenargs, **kwargs) as process:
         ^^^^^^^^^^^^^^^^^^^^^^^^^^^
  File "C:\Users\Dean\source\repos\Synapic.NET\build\_python\win-x64\python\Lib\subprocess.py", line 1026, in __init__
    self._execute_child(args, executable, preexec_fn, close_fds,
  File "C:\Users\Dean\source\repos\Synapic.NET\build\_python\win-x64\python\Lib\subprocess.py", line 1538, in _execute_child
    hp, ht, pid, tid = _winapi.CreateProcess(executable, args,
                       ^^^^^^^^^^^^^^^^^^^^^^^^^^^^^^^^^^^^^^^
FileNotFoundError: [WinError 2] The system cannot find the file specified
146291 INFO: Executing: strip C:\Users\Dean\AppData\Local\pyinstaller\bincache10py31164bit\torchvision\libwebp.dll
146293 WARNING: Failed to run strip on 'C:\\Users\\Dean\\AppData\\Local\\pyinstaller\\bincache10py31164bit\\torchvision\\libwebp.dll'!
Traceback (most recent call last):
  File "C:\Users\Dean\source\repos\Synapic.NET\build\_python\win-x64\python\Lib\site-packages\PyInstaller\building\utils.py", line 250, in process_collected_binary
    p = subprocess.run(
        ^^^^^^^^^^^^^^^
  File "C:\Users\Dean\source\repos\Synapic.NET\build\_python\win-x64\python\Lib\subprocess.py", line 548, in run
    with Popen(*popenargs, **kwargs) as process:
         ^^^^^^^^^^^^^^^^^^^^^^^^^^^
  File "C:\Users\Dean\source\repos\Synapic.NET\build\_python\win-x64\python\Lib\subprocess.py", line 1026, in __init__
    self._execute_child(args, executable, preexec_fn, close_fds,
  File "C:\Users\Dean\source\repos\Synapic.NET\build\_python\win-x64\python\Lib\subprocess.py", line 1538, in _execute_child
    hp, ht, pid, tid = _winapi.CreateProcess(executable, args,
                       ^^^^^^^^^^^^^^^^^^^^^^^^^^^^^^^^^^^^^^^
FileNotFoundError: [WinError 2] The system cannot find the file specified
146335 INFO: Executing: strip C:\Users\Dean\AppData\Local\pyinstaller\bincache10py31164bit\torchvision\python311.dll
146336 WARNING: Failed to run strip on 'C:\\Users\\Dean\\AppData\\Local\\pyinstaller\\bincache10py31164bit\\torchvision\\python311.dll'!
Traceback (most recent call last):
  File "C:\Users\Dean\source\repos\Synapic.NET\build\_python\win-x64\python\Lib\site-packages\PyInstaller\building\utils.py", line 250, in process_collected_binary
    p = subprocess.run(
        ^^^^^^^^^^^^^^^
  File "C:\Users\Dean\source\repos\Synapic.NET\build\_python\win-x64\python\Lib\subprocess.py", line 548, in run
    with Popen(*popenargs, **kwargs) as process:
         ^^^^^^^^^^^^^^^^^^^^^^^^^^^
  File "C:\Users\Dean\source\repos\Synapic.NET\build\_python\win-x64\python\Lib\subprocess.py", line 1026, in __init__
    self._execute_child(args, executable, preexec_fn, close_fds,
  File "C:\Users\Dean\source\repos\Synapic.NET\build\_python\win-x64\python\Lib\subprocess.py", line 1538, in _execute_child
    hp, ht, pid, tid = _winapi.CreateProcess(executable, args,
                       ^^^^^^^^^^^^^^^^^^^^^^^^^^^^^^^^^^^^^^^
FileNotFoundError: [WinError 2] The system cannot find the file specified
146349 INFO: Executing: strip C:\Users\Dean\AppData\Local\pyinstaller\bincache10py31164bit\torchvision\jpeg8.dll
146351 WARNING: Failed to run strip on 'C:\\Users\\Dean\\AppData\\Local\\pyinstaller\\bincache10py31164bit\\torchvision\\jpeg8.dll'!
Traceback (most recent call last):
  File "C:\Users\Dean\source\repos\Synapic.NET\build\_python\win-x64\python\Lib\site-packages\PyInstaller\building\utils.py", line 250, in process_collected_binary
    p = subprocess.run(
        ^^^^^^^^^^^^^^^
  File "C:\Users\Dean\source\repos\Synapic.NET\build\_python\win-x64\python\Lib\subprocess.py", line 548, in run
    with Popen(*popenargs, **kwargs) as process:
         ^^^^^^^^^^^^^^^^^^^^^^^^^^^
  File "C:\Users\Dean\source\repos\Synapic.NET\build\_python\win-x64\python\Lib\subprocess.py", line 1026, in __init__
    self._execute_child(args, executable, preexec_fn, close_fds,
  File "C:\Users\Dean\source\repos\Synapic.NET\build\_python\win-x64\python\Lib\subprocess.py", line 1538, in _execute_child
    hp, ht, pid, tid = _winapi.CreateProcess(executable, args,
                       ^^^^^^^^^^^^^^^^^^^^^^^^^^^^^^^^^^^^^^^
FileNotFoundError: [WinError 2] The system cannot find the file specified
146361 INFO: Executing: strip C:\Users\Dean\AppData\Local\pyinstaller\bincache10py31164bit\torchvision\libpng16.dll
146364 WARNING: Failed to run strip on 'C:\\Users\\Dean\\AppData\\Local\\pyinstaller\\bincache10py31164bit\\torchvision\\libpng16.dll'!
Traceback (most recent call last):
  File "C:\Users\Dean\source\repos\Synapic.NET\build\_python\win-x64\python\Lib\site-packages\PyInstaller\building\utils.py", line 250, in process_collected_binary
    p = subprocess.run(
        ^^^^^^^^^^^^^^^
  File "C:\Users\Dean\source\repos\Synapic.NET\build\_python\win-x64\python\Lib\subprocess.py", line 548, in run
    with Popen(*popenargs, **kwargs) as process:
         ^^^^^^^^^^^^^^^^^^^^^^^^^^^
  File "C:\Users\Dean\source\repos\Synapic.NET\build\_python\win-x64\python\Lib\subprocess.py", line 1026, in __init__
    self._execute_child(args, executable, preexec_fn, close_fds,
  File "C:\Users\Dean\source\repos\Synapic.NET\build\_python\win-x64\python\Lib\subprocess.py", line 1538, in _execute_child
    hp, ht, pid, tid = _winapi.CreateProcess(executable, args,
                       ^^^^^^^^^^^^^^^^^^^^^^^^^^^^^^^^^^^^^^^
FileNotFoundError: [WinError 2] The system cannot find the file specified
146379 INFO: Executing: strip C:\Users\Dean\AppData\Local\pyinstaller\bincache10py31164bit\ucrtbase.dll
146381 WARNING: Failed to run strip on 'C:\\Users\\Dean\\AppData\\Local\\pyinstaller\\bincache10py31164bit\\ucrtbase.dll'!
Traceback (most recent call last):
  File "C:\Users\Dean\source\repos\Synapic.NET\build\_python\win-x64\python\Lib\site-packages\PyInstaller\building\utils.py", line 250, in process_collected_binary
    p = subprocess.run(
        ^^^^^^^^^^^^^^^
  File "C:\Users\Dean\source\repos\Synapic.NET\build\_python\win-x64\python\Lib\subprocess.py", line 548, in run
    with Popen(*popenargs, **kwargs) as process:
         ^^^^^^^^^^^^^^^^^^^^^^^^^^^
  File "C:\Users\Dean\source\repos\Synapic.NET\build\_python\win-x64\python\Lib\subprocess.py", line 1026, in __init__
    self._execute_child(args, executable, preexec_fn, close_fds,
  File "C:\Users\Dean\source\repos\Synapic.NET\build\_python\win-x64\python\Lib\subprocess.py", line 1538, in _execute_child
    hp, ht, pid, tid = _winapi.CreateProcess(executable, args,
                       ^^^^^^^^^^^^^^^^^^^^^^^^^^^^^^^^^^^^^^^
FileNotFoundError: [WinError 2] The system cannot find the file specified
146389 INFO: Executing: strip C:\Users\Dean\AppData\Local\pyinstaller\bincache10py31164bit\torchvision\libsharpyuv.dll
146391 WARNING: Failed to run strip on 'C:\\Users\\Dean\\AppData\\Local\\pyinstaller\\bincache10py31164bit\\torchvision\\libsharpyuv.dll'!
Traceback (most recent call last):
  File "C:\Users\Dean\source\repos\Synapic.NET\build\_python\win-x64\python\Lib\site-packages\PyInstaller\building\utils.py", line 250, in process_collected_binary
    p = subprocess.run(
        ^^^^^^^^^^^^^^^
  File "C:\Users\Dean\source\repos\Synapic.NET\build\_python\win-x64\python\Lib\subprocess.py", line 548, in run
    with Popen(*popenargs, **kwargs) as process:
         ^^^^^^^^^^^^^^^^^^^^^^^^^^^
  File "C:\Users\Dean\source\repos\Synapic.NET\build\_python\win-x64\python\Lib\subprocess.py", line 1026, in __init__
    self._execute_child(args, executable, preexec_fn, close_fds,
  File "C:\Users\Dean\source\repos\Synapic.NET\build\_python\win-x64\python\Lib\subprocess.py", line 1538, in _execute_child
    hp, ht, pid, tid = _winapi.CreateProcess(executable, args,
                       ^^^^^^^^^^^^^^^^^^^^^^^^^^^^^^^^^^^^^^^
FileNotFoundError: [WinError 2] The system cannot find the file specified
146400 INFO: Executing: strip C:\Users\Dean\AppData\Local\pyinstaller\bincache10py31164bit\torchvision\zlib.dll
146402 WARNING: Failed to run strip on 'C:\\Users\\Dean\\AppData\\Local\\pyinstaller\\bincache10py31164bit\\torchvision\\zlib.dll'!
Traceback (most recent call last):
  File "C:\Users\Dean\source\repos\Synapic.NET\build\_python\win-x64\python\Lib\site-packages\PyInstaller\building\utils.py", line 250, in process_collected_binary
    p = subprocess.run(
        ^^^^^^^^^^^^^^^
  File "C:\Users\Dean\source\repos\Synapic.NET\build\_python\win-x64\python\Lib\subprocess.py", line 548, in run
    with Popen(*popenargs, **kwargs) as process:
         ^^^^^^^^^^^^^^^^^^^^^^^^^^^
  File "C:\Users\Dean\source\repos\Synapic.NET\build\_python\win-x64\python\Lib\subprocess.py", line 1026, in __init__
    self._execute_child(args, executable, preexec_fn, close_fds,
  File "C:\Users\Dean\source\repos\Synapic.NET\build\_python\win-x64\python\Lib\subprocess.py", line 1538, in _execute_child
    hp, ht, pid, tid = _winapi.CreateProcess(executable, args,
                       ^^^^^^^^^^^^^^^^^^^^^^^^^^^^^^^^^^^^^^^
FileNotFoundError: [WinError 2] The system cannot find the file specified
146409 INFO: Executing: strip C:\Users\Dean\AppData\Local\pyinstaller\bincache10py31164bit\api-ms-win-core-timezone-l1-1-0.dll
146411 WARNING: Failed to run strip on 'C:\\Users\\Dean\\AppData\\Local\\pyinstaller\\bincache10py31164bit\\api-ms-win-core-timezone-l1-1-0.dll'!
Traceback (most recent call last):
  File "C:\Users\Dean\source\repos\Synapic.NET\build\_python\win-x64\python\Lib\site-packages\PyInstaller\building\utils.py", line 250, in process_collected_binary
    p = subprocess.run(
        ^^^^^^^^^^^^^^^
  File "C:\Users\Dean\source\repos\Synapic.NET\build\_python\win-x64\python\Lib\subprocess.py", line 548, in run
    with Popen(*popenargs, **kwargs) as process:
         ^^^^^^^^^^^^^^^^^^^^^^^^^^^
  File "C:\Users\Dean\source\repos\Synapic.NET\build\_python\win-x64\python\Lib\subprocess.py", line 1026, in __init__
    self._execute_child(args, executable, preexec_fn, close_fds,
  File "C:\Users\Dean\source\repos\Synapic.NET\build\_python\win-x64\python\Lib\subprocess.py", line 1538, in _execute_child
    hp, ht, pid, tid = _winapi.CreateProcess(executable, args,
                       ^^^^^^^^^^^^^^^^^^^^^^^^^^^^^^^^^^^^^^^
FileNotFoundError: [WinError 2] The system cannot find the file specified
146419 INFO: Executing: strip C:\Users\Dean\AppData\Local\pyinstaller\bincache10py31164bit\api-ms-win-core-heap-l1-1-0.dll
146420 WARNING: Failed to run strip on 'C:\\Users\\Dean\\AppData\\Local\\pyinstaller\\bincache10py31164bit\\api-ms-win-core-heap-l1-1-0.dll'!
Traceback (most recent call last):
  File "C:\Users\Dean\source\repos\Synapic.NET\build\_python\win-x64\python\Lib\site-packages\PyInstaller\building\utils.py", line 250, in process_collected_binary
    p = subprocess.run(
        ^^^^^^^^^^^^^^^
  File "C:\Users\Dean\source\repos\Synapic.NET\build\_python\win-x64\python\Lib\subprocess.py", line 548, in run
    with Popen(*popenargs, **kwargs) as process:
         ^^^^^^^^^^^^^^^^^^^^^^^^^^^
  File "C:\Users\Dean\source\repos\Synapic.NET\build\_python\win-x64\python\Lib\subprocess.py", line 1026, in __init__
    self._execute_child(args, executable, preexec_fn, close_fds,
  File "C:\Users\Dean\source\repos\Synapic.NET\build\_python\win-x64\python\Lib\subprocess.py", line 1538, in _execute_child
    hp, ht, pid, tid = _winapi.CreateProcess(executable, args,
                       ^^^^^^^^^^^^^^^^^^^^^^^^^^^^^^^^^^^^^^^
FileNotFoundError: [WinError 2] The system cannot find the file specified
146428 INFO: Executing: strip C:\Users\Dean\AppData\Local\pyinstaller\bincache10py31164bit\api-ms-win-core-profile-l1-1-0.dll
146429 WARNING: Failed to run strip on 'C:\\Users\\Dean\\AppData\\Local\\pyinstaller\\bincache10py31164bit\\api-ms-win-core-profile-l1-1-0.dll'!
Traceback (most recent call last):
  File "C:\Users\Dean\source\repos\Synapic.NET\build\_python\win-x64\python\Lib\site-packages\PyInstaller\building\utils.py", line 250, in process_collected_binary
    p = subprocess.run(
        ^^^^^^^^^^^^^^^
  File "C:\Users\Dean\source\repos\Synapic.NET\build\_python\win-x64\python\Lib\subprocess.py", line 548, in run
    with Popen(*popenargs, **kwargs) as process:
         ^^^^^^^^^^^^^^^^^^^^^^^^^^^
  File "C:\Users\Dean\source\repos\Synapic.NET\build\_python\win-x64\python\Lib\subprocess.py", line 1026, in __init__
    self._execute_child(args, executable, preexec_fn, close_fds,
  File "C:\Users\Dean\source\repos\Synapic.NET\build\_python\win-x64\python\Lib\subprocess.py", line 1538, in _execute_child
    hp, ht, pid, tid = _winapi.CreateProcess(executable, args,
                       ^^^^^^^^^^^^^^^^^^^^^^^^^^^^^^^^^^^^^^^
FileNotFoundError: [WinError 2] The system cannot find the file specified
146437 INFO: Executing: strip C:\Users\Dean\AppData\Local\pyinstaller\bincache10py31164bit\api-ms-win-core-processenvironment-l1-1-0.dll
146438 WARNING: Failed to run strip on 'C:\\Users\\Dean\\AppData\\Local\\pyinstaller\\bincache10py31164bit\\api-ms-win-core-processenvironment-l1-1-0.dll'!
Traceback (most recent call last):
  File "C:\Users\Dean\source\repos\Synapic.NET\build\_python\win-x64\python\Lib\site-packages\PyInstaller\building\utils.py", line 250, in process_collected_binary
    p = subprocess.run(
        ^^^^^^^^^^^^^^^
  File "C:\Users\Dean\source\repos\Synapic.NET\build\_python\win-x64\python\Lib\subprocess.py", line 548, in run
    with Popen(*popenargs, **kwargs) as process:
         ^^^^^^^^^^^^^^^^^^^^^^^^^^^
  File "C:\Users\Dean\source\repos\Synapic.NET\build\_python\win-x64\python\Lib\subprocess.py", line 1026, in __init__
    self._execute_child(args, executable, preexec_fn, close_fds,
  File "C:\Users\Dean\source\repos\Synapic.NET\build\_python\win-x64\python\Lib\subprocess.py", line 1538, in _execute_child
    hp, ht, pid, tid = _winapi.CreateProcess(executable, args,
                       ^^^^^^^^^^^^^^^^^^^^^^^^^^^^^^^^^^^^^^^
FileNotFoundError: [WinError 2] The system cannot find the file specified
146445 INFO: Executing: strip C:\Users\Dean\AppData\Local\pyinstaller\bincache10py31164bit\api-ms-win-core-interlocked-l1-1-0.dll
146446 WARNING: Failed to run strip on 'C:\\Users\\Dean\\AppData\\Local\\pyinstaller\\bincache10py31164bit\\api-ms-win-core-interlocked-l1-1-0.dll'!
Traceback (most recent call last):
  File "C:\Users\Dean\source\repos\Synapic.NET\build\_python\win-x64\python\Lib\site-packages\PyInstaller\building\utils.py", line 250, in process_collected_binary
    p = subprocess.run(
        ^^^^^^^^^^^^^^^
  File "C:\Users\Dean\source\repos\Synapic.NET\build\_python\win-x64\python\Lib\subprocess.py", line 548, in run
    with Popen(*popenargs, **kwargs) as process:
         ^^^^^^^^^^^^^^^^^^^^^^^^^^^
  File "C:\Users\Dean\source\repos\Synapic.NET\build\_python\win-x64\python\Lib\subprocess.py", line 1026, in __init__
    self._execute_child(args, executable, preexec_fn, close_fds,
  File "C:\Users\Dean\source\repos\Synapic.NET\build\_python\win-x64\python\Lib\subprocess.py", line 1538, in _execute_child
    hp, ht, pid, tid = _winapi.CreateProcess(executable, args,
                       ^^^^^^^^^^^^^^^^^^^^^^^^^^^^^^^^^^^^^^^
FileNotFoundError: [WinError 2] The system cannot find the file specified
146456 INFO: Executing: strip C:\Users\Dean\AppData\Local\pyinstaller\bincache10py31164bit\api-ms-win-core-sysinfo-l1-1-0.dll
146458 WARNING: Failed to run strip on 'C:\\Users\\Dean\\AppData\\Local\\pyinstaller\\bincache10py31164bit\\api-ms-win-core-sysinfo-l1-1-0.dll'!
Traceback (most recent call last):
  File "C:\Users\Dean\source\repos\Synapic.NET\build\_python\win-x64\python\Lib\site-packages\PyInstaller\building\utils.py", line 250, in process_collected_binary
    p = subprocess.run(
        ^^^^^^^^^^^^^^^
  File "C:\Users\Dean\source\repos\Synapic.NET\build\_python\win-x64\python\Lib\subprocess.py", line 548, in run
    with Popen(*popenargs, **kwargs) as process:
         ^^^^^^^^^^^^^^^^^^^^^^^^^^^
  File "C:\Users\Dean\source\repos\Synapic.NET\build\_python\win-x64\python\Lib\subprocess.py", line 1026, in __init__
    self._execute_child(args, executable, preexec_fn, close_fds,
  File "C:\Users\Dean\source\repos\Synapic.NET\build\_python\win-x64\python\Lib\subprocess.py", line 1538, in _execute_child
    hp, ht, pid, tid = _winapi.CreateProcess(executable, args,
                       ^^^^^^^^^^^^^^^^^^^^^^^^^^^^^^^^^^^^^^^
FileNotFoundError: [WinError 2] The system cannot find the file specified
146469 INFO: Executing: strip C:\Users\Dean\AppData\Local\pyinstaller\bincache10py31164bit\api-ms-win-core-debug-l1-1-0.dll
146471 WARNING: Failed to run strip on 'C:\\Users\\Dean\\AppData\\Local\\pyinstaller\\bincache10py31164bit\\api-ms-win-core-debug-l1-1-0.dll'!
Traceback (most recent call last):
  File "C:\Users\Dean\source\repos\Synapic.NET\build\_python\win-x64\python\Lib\site-packages\PyInstaller\building\utils.py", line 250, in process_collected_binary
    p = subprocess.run(
        ^^^^^^^^^^^^^^^
  File "C:\Users\Dean\source\repos\Synapic.NET\build\_python\win-x64\python\Lib\subprocess.py", line 548, in run
    with Popen(*popenargs, **kwargs) as process:
         ^^^^^^^^^^^^^^^^^^^^^^^^^^^
  File "C:\Users\Dean\source\repos\Synapic.NET\build\_python\win-x64\python\Lib\subprocess.py", line 1026, in __init__
    self._execute_child(args, executable, preexec_fn, close_fds,
  File "C:\Users\Dean\source\repos\Synapic.NET\build\_python\win-x64\python\Lib\subprocess.py", line 1538, in _execute_child
    hp, ht, pid, tid = _winapi.CreateProcess(executable, args,
                       ^^^^^^^^^^^^^^^^^^^^^^^^^^^^^^^^^^^^^^^
FileNotFoundError: [WinError 2] The system cannot find the file specified
146479 INFO: Executing: strip C:\Users\Dean\AppData\Local\pyinstaller\bincache10py31164bit\api-ms-win-core-processthreads-l1-1-1.dll
146481 WARNING: Failed to run strip on 'C:\\Users\\Dean\\AppData\\Local\\pyinstaller\\bincache10py31164bit\\api-ms-win-core-processthreads-l1-1-1.dll'!
Traceback (most recent call last):
  File "C:\Users\Dean\source\repos\Synapic.NET\build\_python\win-x64\python\Lib\site-packages\PyInstaller\building\utils.py", line 250, in process_collected_binary
    p = subprocess.run(
        ^^^^^^^^^^^^^^^
  File "C:\Users\Dean\source\repos\Synapic.NET\build\_python\win-x64\python\Lib\subprocess.py", line 548, in run
    with Popen(*popenargs, **kwargs) as process:
         ^^^^^^^^^^^^^^^^^^^^^^^^^^^
  File "C:\Users\Dean\source\repos\Synapic.NET\build\_python\win-x64\python\Lib\subprocess.py", line 1026, in __init__
    self._execute_child(args, executable, preexec_fn, close_fds,
  File "C:\Users\Dean\source\repos\Synapic.NET\build\_python\win-x64\python\Lib\subprocess.py", line 1538, in _execute_child
    hp, ht, pid, tid = _winapi.CreateProcess(executable, args,
                       ^^^^^^^^^^^^^^^^^^^^^^^^^^^^^^^^^^^^^^^
FileNotFoundError: [WinError 2] The system cannot find the file specified
146489 INFO: Executing: strip C:\Users\Dean\AppData\Local\pyinstaller\bincache10py31164bit\api-ms-win-core-rtlsupport-l1-1-0.dll
146490 WARNING: Failed to run strip on 'C:\\Users\\Dean\\AppData\\Local\\pyinstaller\\bincache10py31164bit\\api-ms-win-core-rtlsupport-l1-1-0.dll'!
Traceback (most recent call last):
  File "C:\Users\Dean\source\repos\Synapic.NET\build\_python\win-x64\python\Lib\site-packages\PyInstaller\building\utils.py", line 250, in process_collected_binary
    p = subprocess.run(
        ^^^^^^^^^^^^^^^
  File "C:\Users\Dean\source\repos\Synapic.NET\build\_python\win-x64\python\Lib\subprocess.py", line 548, in run
    with Popen(*popenargs, **kwargs) as process:
         ^^^^^^^^^^^^^^^^^^^^^^^^^^^
  File "C:\Users\Dean\source\repos\Synapic.NET\build\_python\win-x64\python\Lib\subprocess.py", line 1026, in __init__
    self._execute_child(args, executable, preexec_fn, close_fds,
  File "C:\Users\Dean\source\repos\Synapic.NET\build\_python\win-x64\python\Lib\subprocess.py", line 1538, in _execute_child
    hp, ht, pid, tid = _winapi.CreateProcess(executable, args,
                       ^^^^^^^^^^^^^^^^^^^^^^^^^^^^^^^^^^^^^^^
FileNotFoundError: [WinError 2] The system cannot find the file specified
146496 INFO: Executing: strip C:\Users\Dean\AppData\Local\pyinstaller\bincache10py31164bit\api-ms-win-core-console-l1-1-0.dll
146497 WARNING: Failed to run strip on 'C:\\Users\\Dean\\AppData\\Local\\pyinstaller\\bincache10py31164bit\\api-ms-win-core-console-l1-1-0.dll'!
Traceback (most recent call last):
  File "C:\Users\Dean\source\repos\Synapic.NET\build\_python\win-x64\python\Lib\site-packages\PyInstaller\building\utils.py", line 250, in process_collected_binary
    p = subprocess.run(
        ^^^^^^^^^^^^^^^
  File "C:\Users\Dean\source\repos\Synapic.NET\build\_python\win-x64\python\Lib\subprocess.py", line 548, in run
    with Popen(*popenargs, **kwargs) as process:
         ^^^^^^^^^^^^^^^^^^^^^^^^^^^
  File "C:\Users\Dean\source\repos\Synapic.NET\build\_python\win-x64\python\Lib\subprocess.py", line 1026, in __init__
    self._execute_child(args, executable, preexec_fn, close_fds,
  File "C:\Users\Dean\source\repos\Synapic.NET\build\_python\win-x64\python\Lib\subprocess.py", line 1538, in _execute_child
    hp, ht, pid, tid = _winapi.CreateProcess(executable, args,
                       ^^^^^^^^^^^^^^^^^^^^^^^^^^^^^^^^^^^^^^^
FileNotFoundError: [WinError 2] The system cannot find the file specified
146506 INFO: Executing: strip C:\Users\Dean\AppData\Local\pyinstaller\bincache10py31164bit\api-ms-win-core-fibers-l1-1-1.dll
146508 WARNING: Failed to run strip on 'C:\\Users\\Dean\\AppData\\Local\\pyinstaller\\bincache10py31164bit\\api-ms-win-core-fibers-l1-1-1.dll'!
Traceback (most recent call last):
  File "C:\Users\Dean\source\repos\Synapic.NET\build\_python\win-x64\python\Lib\site-packages\PyInstaller\building\utils.py", line 250, in process_collected_binary
    p = subprocess.run(
        ^^^^^^^^^^^^^^^
  File "C:\Users\Dean\source\repos\Synapic.NET\build\_python\win-x64\python\Lib\subprocess.py", line 548, in run
    with Popen(*popenargs, **kwargs) as process:
         ^^^^^^^^^^^^^^^^^^^^^^^^^^^
  File "C:\Users\Dean\source\repos\Synapic.NET\build\_python\win-x64\python\Lib\subprocess.py", line 1026, in __init__
    self._execute_child(args, executable, preexec_fn, close_fds,
  File "C:\Users\Dean\source\repos\Synapic.NET\build\_python\win-x64\python\Lib\subprocess.py", line 1538, in _execute_child
    hp, ht, pid, tid = _winapi.CreateProcess(executable, args,
                       ^^^^^^^^^^^^^^^^^^^^^^^^^^^^^^^^^^^^^^^
FileNotFoundError: [WinError 2] The system cannot find the file specified
146516 INFO: Executing: strip C:\Users\Dean\AppData\Local\pyinstaller\bincache10py31164bit\api-ms-win-core-processthreads-l1-1-0.dll
146518 WARNING: Failed to run strip on 'C:\\Users\\Dean\\AppData\\Local\\pyinstaller\\bincache10py31164bit\\api-ms-win-core-processthreads-l1-1-0.dll'!
Traceback (most recent call last):
  File "C:\Users\Dean\source\repos\Synapic.NET\build\_python\win-x64\python\Lib\site-packages\PyInstaller\building\utils.py", line 250, in process_collected_binary
    p = subprocess.run(
        ^^^^^^^^^^^^^^^
  File "C:\Users\Dean\source\repos\Synapic.NET\build\_python\win-x64\python\Lib\subprocess.py", line 548, in run
    with Popen(*popenargs, **kwargs) as process:
         ^^^^^^^^^^^^^^^^^^^^^^^^^^^
  File "C:\Users\Dean\source\repos\Synapic.NET\build\_python\win-x64\python\Lib\subprocess.py", line 1026, in __init__
    self._execute_child(args, executable, preexec_fn, close_fds,
  File "C:\Users\Dean\source\repos\Synapic.NET\build\_python\win-x64\python\Lib\subprocess.py", line 1538, in _execute_child
    hp, ht, pid, tid = _winapi.CreateProcess(executable, args,
                       ^^^^^^^^^^^^^^^^^^^^^^^^^^^^^^^^^^^^^^^
FileNotFoundError: [WinError 2] The system cannot find the file specified
146524 INFO: Executing: strip C:\Users\Dean\AppData\Local\pyinstaller\bincache10py31164bit\api-ms-win-core-util-l1-1-0.dll
146525 WARNING: Failed to run strip on 'C:\\Users\\Dean\\AppData\\Local\\pyinstaller\\bincache10py31164bit\\api-ms-win-core-util-l1-1-0.dll'!
Traceback (most recent call last):
  File "C:\Users\Dean\source\repos\Synapic.NET\build\_python\win-x64\python\Lib\site-packages\PyInstaller\building\utils.py", line 250, in process_collected_binary
    p = subprocess.run(
        ^^^^^^^^^^^^^^^
  File "C:\Users\Dean\source\repos\Synapic.NET\build\_python\win-x64\python\Lib\subprocess.py", line 548, in run
    with Popen(*popenargs, **kwargs) as process:
         ^^^^^^^^^^^^^^^^^^^^^^^^^^^
  File "C:\Users\Dean\source\repos\Synapic.NET\build\_python\win-x64\python\Lib\subprocess.py", line 1026, in __init__
    self._execute_child(args, executable, preexec_fn, close_fds,
  File "C:\Users\Dean\source\repos\Synapic.NET\build\_python\win-x64\python\Lib\subprocess.py", line 1538, in _execute_child
    hp, ht, pid, tid = _winapi.CreateProcess(executable, args,
                       ^^^^^^^^^^^^^^^^^^^^^^^^^^^^^^^^^^^^^^^
FileNotFoundError: [WinError 2] The system cannot find the file specified
146535 INFO: Executing: strip C:\Users\Dean\AppData\Local\pyinstaller\bincache10py31164bit\api-ms-win-core-sysinfo-l1-2-0.dll
146536 WARNING: Failed to run strip on 'C:\\Users\\Dean\\AppData\\Local\\pyinstaller\\bincache10py31164bit\\api-ms-win-core-sysinfo-l1-2-0.dll'!
Traceback (most recent call last):
  File "C:\Users\Dean\source\repos\Synapic.NET\build\_python\win-x64\python\Lib\site-packages\PyInstaller\building\utils.py", line 250, in process_collected_binary
    p = subprocess.run(
        ^^^^^^^^^^^^^^^
  File "C:\Users\Dean\source\repos\Synapic.NET\build\_python\win-x64\python\Lib\subprocess.py", line 548, in run
    with Popen(*popenargs, **kwargs) as process:
         ^^^^^^^^^^^^^^^^^^^^^^^^^^^
  File "C:\Users\Dean\source\repos\Synapic.NET\build\_python\win-x64\python\Lib\subprocess.py", line 1026, in __init__
    self._execute_child(args, executable, preexec_fn, close_fds,
  File "C:\Users\Dean\source\repos\Synapic.NET\build\_python\win-x64\python\Lib\subprocess.py", line 1538, in _execute_child
    hp, ht, pid, tid = _winapi.CreateProcess(executable, args,
                       ^^^^^^^^^^^^^^^^^^^^^^^^^^^^^^^^^^^^^^^
FileNotFoundError: [WinError 2] The system cannot find the file specified
146542 INFO: Executing: strip C:\Users\Dean\AppData\Local\pyinstaller\bincache10py31164bit\api-ms-win-core-datetime-l1-1-0.dll
146543 WARNING: Failed to run strip on 'C:\\Users\\Dean\\AppData\\Local\\pyinstaller\\bincache10py31164bit\\api-ms-win-core-datetime-l1-1-0.dll'!
Traceback (most recent call last):
  File "C:\Users\Dean\source\repos\Synapic.NET\build\_python\win-x64\python\Lib\site-packages\PyInstaller\building\utils.py", line 250, in process_collected_binary
    p = subprocess.run(
        ^^^^^^^^^^^^^^^
  File "C:\Users\Dean\source\repos\Synapic.NET\build\_python\win-x64\python\Lib\subprocess.py", line 548, in run
    with Popen(*popenargs, **kwargs) as process:
         ^^^^^^^^^^^^^^^^^^^^^^^^^^^
  File "C:\Users\Dean\source\repos\Synapic.NET\build\_python\win-x64\python\Lib\subprocess.py", line 1026, in __init__
    self._execute_child(args, executable, preexec_fn, close_fds,
  File "C:\Users\Dean\source\repos\Synapic.NET\build\_python\win-x64\python\Lib\subprocess.py", line 1538, in _execute_child
    hp, ht, pid, tid = _winapi.CreateProcess(executable, args,
                       ^^^^^^^^^^^^^^^^^^^^^^^^^^^^^^^^^^^^^^^
FileNotFoundError: [WinError 2] The system cannot find the file specified
146552 INFO: Executing: strip C:\Users\Dean\AppData\Local\pyinstaller\bincache10py31164bit\api-ms-win-core-errorhandling-l1-1-0.dll
146554 WARNING: Failed to run strip on 'C:\\Users\\Dean\\AppData\\Local\\pyinstaller\\bincache10py31164bit\\api-ms-win-core-errorhandling-l1-1-0.dll'!
Traceback (most recent call last):
  File "C:\Users\Dean\source\repos\Synapic.NET\build\_python\win-x64\python\Lib\site-packages\PyInstaller\building\utils.py", line 250, in process_collected_binary
    p = subprocess.run(
        ^^^^^^^^^^^^^^^
  File "C:\Users\Dean\source\repos\Synapic.NET\build\_python\win-x64\python\Lib\subprocess.py", line 548, in run
    with Popen(*popenargs, **kwargs) as process:
         ^^^^^^^^^^^^^^^^^^^^^^^^^^^
  File "C:\Users\Dean\source\repos\Synapic.NET\build\_python\win-x64\python\Lib\subprocess.py", line 1026, in __init__
    self._execute_child(args, executable, preexec_fn, close_fds,
  File "C:\Users\Dean\source\repos\Synapic.NET\build\_python\win-x64\python\Lib\subprocess.py", line 1538, in _execute_child
    hp, ht, pid, tid = _winapi.CreateProcess(executable, args,
                       ^^^^^^^^^^^^^^^^^^^^^^^^^^^^^^^^^^^^^^^
FileNotFoundError: [WinError 2] The system cannot find the file specified
146566 INFO: Executing: strip C:\Users\Dean\AppData\Local\pyinstaller\bincache10py31164bit\api-ms-win-core-file-l1-1-0.dll
146568 WARNING: Failed to run strip on 'C:\\Users\\Dean\\AppData\\Local\\pyinstaller\\bincache10py31164bit\\api-ms-win-core-file-l1-1-0.dll'!
Traceback (most recent call last):
  File "C:\Users\Dean\source\repos\Synapic.NET\build\_python\win-x64\python\Lib\site-packages\PyInstaller\building\utils.py", line 250, in process_collected_binary
    p = subprocess.run(
        ^^^^^^^^^^^^^^^
  File "C:\Users\Dean\source\repos\Synapic.NET\build\_python\win-x64\python\Lib\subprocess.py", line 548, in run
    with Popen(*popenargs, **kwargs) as process:
         ^^^^^^^^^^^^^^^^^^^^^^^^^^^
  File "C:\Users\Dean\source\repos\Synapic.NET\build\_python\win-x64\python\Lib\subprocess.py", line 1026, in __init__
    self._execute_child(args, executable, preexec_fn, close_fds,
  File "C:\Users\Dean\source\repos\Synapic.NET\build\_python\win-x64\python\Lib\subprocess.py", line 1538, in _execute_child
    hp, ht, pid, tid = _winapi.CreateProcess(executable, args,
                       ^^^^^^^^^^^^^^^^^^^^^^^^^^^^^^^^^^^^^^^
FileNotFoundError: [WinError 2] The system cannot find the file specified
146575 INFO: Executing: strip C:\Users\Dean\AppData\Local\pyinstaller\bincache10py31164bit\api-ms-win-core-localization-l1-2-0.dll
146577 WARNING: Failed to run strip on 'C:\\Users\\Dean\\AppData\\Local\\pyinstaller\\bincache10py31164bit\\api-ms-win-core-localization-l1-2-0.dll'!
Traceback (most recent call last):
  File "C:\Users\Dean\source\repos\Synapic.NET\build\_python\win-x64\python\Lib\site-packages\PyInstaller\building\utils.py", line 250, in process_collected_binary
    p = subprocess.run(
        ^^^^^^^^^^^^^^^
  File "C:\Users\Dean\source\repos\Synapic.NET\build\_python\win-x64\python\Lib\subprocess.py", line 548, in run
    with Popen(*popenargs, **kwargs) as process:
         ^^^^^^^^^^^^^^^^^^^^^^^^^^^
  File "C:\Users\Dean\source\repos\Synapic.NET\build\_python\win-x64\python\Lib\subprocess.py", line 1026, in __init__
    self._execute_child(args, executable, preexec_fn, close_fds,
  File "C:\Users\Dean\source\repos\Synapic.NET\build\_python\win-x64\python\Lib\subprocess.py", line 1538, in _execute_child
    hp, ht, pid, tid = _winapi.CreateProcess(executable, args,
                       ^^^^^^^^^^^^^^^^^^^^^^^^^^^^^^^^^^^^^^^
FileNotFoundError: [WinError 2] The system cannot find the file specified
146583 INFO: Executing: strip C:\Users\Dean\AppData\Local\pyinstaller\bincache10py31164bit\api-ms-win-core-string-l1-1-0.dll
146585 WARNING: Failed to run strip on 'C:\\Users\\Dean\\AppData\\Local\\pyinstaller\\bincache10py31164bit\\api-ms-win-core-string-l1-1-0.dll'!
Traceback (most recent call last):
  File "C:\Users\Dean\source\repos\Synapic.NET\build\_python\win-x64\python\Lib\site-packages\PyInstaller\building\utils.py", line 250, in process_collected_binary
    p = subprocess.run(
        ^^^^^^^^^^^^^^^
  File "C:\Users\Dean\source\repos\Synapic.NET\build\_python\win-x64\python\Lib\subprocess.py", line 548, in run
    with Popen(*popenargs, **kwargs) as process:
         ^^^^^^^^^^^^^^^^^^^^^^^^^^^
  File "C:\Users\Dean\source\repos\Synapic.NET\build\_python\win-x64\python\Lib\subprocess.py", line 1026, in __init__
    self._execute_child(args, executable, preexec_fn, close_fds,
  File "C:\Users\Dean\source\repos\Synapic.NET\build\_python\win-x64\python\Lib\subprocess.py", line 1538, in _execute_child
    hp, ht, pid, tid = _winapi.CreateProcess(executable, args,
                       ^^^^^^^^^^^^^^^^^^^^^^^^^^^^^^^^^^^^^^^
FileNotFoundError: [WinError 2] The system cannot find the file specified
146594 INFO: Executing: strip C:\Users\Dean\AppData\Local\pyinstaller\bincache10py31164bit\api-ms-win-core-memory-l1-1-0.dll
146596 WARNING: Failed to run strip on 'C:\\Users\\Dean\\AppData\\Local\\pyinstaller\\bincache10py31164bit\\api-ms-win-core-memory-l1-1-0.dll'!
Traceback (most recent call last):
  File "C:\Users\Dean\source\repos\Synapic.NET\build\_python\win-x64\python\Lib\site-packages\PyInstaller\building\utils.py", line 250, in process_collected_binary
    p = subprocess.run(
        ^^^^^^^^^^^^^^^
  File "C:\Users\Dean\source\repos\Synapic.NET\build\_python\win-x64\python\Lib\subprocess.py", line 548, in run
    with Popen(*popenargs, **kwargs) as process:
         ^^^^^^^^^^^^^^^^^^^^^^^^^^^
  File "C:\Users\Dean\source\repos\Synapic.NET\build\_python\win-x64\python\Lib\subprocess.py", line 1026, in __init__
    self._execute_child(args, executable, preexec_fn, close_fds,
  File "C:\Users\Dean\source\repos\Synapic.NET\build\_python\win-x64\python\Lib\subprocess.py", line 1538, in _execute_child
    hp, ht, pid, tid = _winapi.CreateProcess(executable, args,
                       ^^^^^^^^^^^^^^^^^^^^^^^^^^^^^^^^^^^^^^^
FileNotFoundError: [WinError 2] The system cannot find the file specified
146605 INFO: Executing: strip C:\Users\Dean\AppData\Local\pyinstaller\bincache10py31164bit\api-ms-win-core-namedpipe-l1-1-0.dll
146606 WARNING: Failed to run strip on 'C:\\Users\\Dean\\AppData\\Local\\pyinstaller\\bincache10py31164bit\\api-ms-win-core-namedpipe-l1-1-0.dll'!
Traceback (most recent call last):
  File "C:\Users\Dean\source\repos\Synapic.NET\build\_python\win-x64\python\Lib\site-packages\PyInstaller\building\utils.py", line 250, in process_collected_binary
    p = subprocess.run(
        ^^^^^^^^^^^^^^^
  File "C:\Users\Dean\source\repos\Synapic.NET\build\_python\win-x64\python\Lib\subprocess.py", line 548, in run
    with Popen(*popenargs, **kwargs) as process:
         ^^^^^^^^^^^^^^^^^^^^^^^^^^^
  File "C:\Users\Dean\source\repos\Synapic.NET\build\_python\win-x64\python\Lib\subprocess.py", line 1026, in __init__
    self._execute_child(args, executable, preexec_fn, close_fds,
  File "C:\Users\Dean\source\repos\Synapic.NET\build\_python\win-x64\python\Lib\subprocess.py", line 1538, in _execute_child
    hp, ht, pid, tid = _winapi.CreateProcess(executable, args,
                       ^^^^^^^^^^^^^^^^^^^^^^^^^^^^^^^^^^^^^^^
FileNotFoundError: [WinError 2] The system cannot find the file specified
146614 INFO: Executing: strip C:\Users\Dean\AppData\Local\pyinstaller\bincache10py31164bit\api-ms-win-core-libraryloader-l1-1-0.dll
146617 WARNING: Failed to run strip on 'C:\\Users\\Dean\\AppData\\Local\\pyinstaller\\bincache10py31164bit\\api-ms-win-core-libraryloader-l1-1-0.dll'!
Traceback (most recent call last):
  File "C:\Users\Dean\source\repos\Synapic.NET\build\_python\win-x64\python\Lib\site-packages\PyInstaller\building\utils.py", line 250, in process_collected_binary
    p = subprocess.run(
        ^^^^^^^^^^^^^^^
  File "C:\Users\Dean\source\repos\Synapic.NET\build\_python\win-x64\python\Lib\subprocess.py", line 548, in run
    with Popen(*popenargs, **kwargs) as process:
         ^^^^^^^^^^^^^^^^^^^^^^^^^^^
  File "C:\Users\Dean\source\repos\Synapic.NET\build\_python\win-x64\python\Lib\subprocess.py", line 1026, in __init__
    self._execute_child(args, executable, preexec_fn, close_fds,
  File "C:\Users\Dean\source\repos\Synapic.NET\build\_python\win-x64\python\Lib\subprocess.py", line 1538, in _execute_child
    hp, ht, pid, tid = _winapi.CreateProcess(executable, args,
                       ^^^^^^^^^^^^^^^^^^^^^^^^^^^^^^^^^^^^^^^
FileNotFoundError: [WinError 2] The system cannot find the file specified
146667 INFO: Executing: strip C:\Users\Dean\AppData\Local\pyinstaller\bincache10py31164bit\api-ms-win-core-fibers-l1-1-0.dll
146696 WARNING: Failed to run strip on 'C:\\Users\\Dean\\AppData\\Local\\pyinstaller\\bincache10py31164bit\\api-ms-win-core-fibers-l1-1-0.dll'!
Traceback (most recent call last):
  File "C:\Users\Dean\source\repos\Synapic.NET\build\_python\win-x64\python\Lib\site-packages\PyInstaller\building\utils.py", line 250, in process_collected_binary
    p = subprocess.run(
        ^^^^^^^^^^^^^^^
  File "C:\Users\Dean\source\repos\Synapic.NET\build\_python\win-x64\python\Lib\subprocess.py", line 548, in run
    with Popen(*popenargs, **kwargs) as process:
         ^^^^^^^^^^^^^^^^^^^^^^^^^^^
  File "C:\Users\Dean\source\repos\Synapic.NET\build\_python\win-x64\python\Lib\subprocess.py", line 1026, in __init__
    self._execute_child(args, executable, preexec_fn, close_fds,
  File "C:\Users\Dean\source\repos\Synapic.NET\build\_python\win-x64\python\Lib\subprocess.py", line 1538, in _execute_child
    hp, ht, pid, tid = _winapi.CreateProcess(executable, args,
                       ^^^^^^^^^^^^^^^^^^^^^^^^^^^^^^^^^^^^^^^
FileNotFoundError: [WinError 2] The system cannot find the file specified
146736 INFO: Executing: strip C:\Users\Dean\AppData\Local\pyinstaller\bincache10py31164bit\api-ms-win-core-file-l2-1-0.dll
146741 WARNING: Failed to run strip on 'C:\\Users\\Dean\\AppData\\Local\\pyinstaller\\bincache10py31164bit\\api-ms-win-core-file-l2-1-0.dll'!
Traceback (most recent call last):
  File "C:\Users\Dean\source\repos\Synapic.NET\build\_python\win-x64\python\Lib\site-packages\PyInstaller\building\utils.py", line 250, in process_collected_binary
    p = subprocess.run(
        ^^^^^^^^^^^^^^^
  File "C:\Users\Dean\source\repos\Synapic.NET\build\_python\win-x64\python\Lib\subprocess.py", line 548, in run
    with Popen(*popenargs, **kwargs) as process:
         ^^^^^^^^^^^^^^^^^^^^^^^^^^^
  File "C:\Users\Dean\source\repos\Synapic.NET\build\_python\win-x64\python\Lib\subprocess.py", line 1026, in __init__
    self._execute_child(args, executable, preexec_fn, close_fds,
  File "C:\Users\Dean\source\repos\Synapic.NET\build\_python\win-x64\python\Lib\subprocess.py", line 1538, in _execute_child
    hp, ht, pid, tid = _winapi.CreateProcess(executable, args,
                       ^^^^^^^^^^^^^^^^^^^^^^^^^^^^^^^^^^^^^^^
FileNotFoundError: [WinError 2] The system cannot find the file specified
146832 INFO: Executing: strip C:\Users\Dean\AppData\Local\pyinstaller\bincache10py31164bit\api-ms-win-core-handle-l1-1-0.dll
146867 WARNING: Failed to run strip on 'C:\\Users\\Dean\\AppData\\Local\\pyinstaller\\bincache10py31164bit\\api-ms-win-core-handle-l1-1-0.dll'!
Traceback (most recent call last):
  File "C:\Users\Dean\source\repos\Synapic.NET\build\_python\win-x64\python\Lib\site-packages\PyInstaller\building\utils.py", line 250, in process_collected_binary
    p = subprocess.run(
        ^^^^^^^^^^^^^^^
  File "C:\Users\Dean\source\repos\Synapic.NET\build\_python\win-x64\python\Lib\subprocess.py", line 548, in run
    with Popen(*popenargs, **kwargs) as process:
         ^^^^^^^^^^^^^^^^^^^^^^^^^^^
  File "C:\Users\Dean\source\repos\Synapic.NET\build\_python\win-x64\python\Lib\subprocess.py", line 1026, in __init__
    self._execute_child(args, executable, preexec_fn, close_fds,
  File "C:\Users\Dean\source\repos\Synapic.NET\build\_python\win-x64\python\Lib\subprocess.py", line 1538, in _execute_child
    hp, ht, pid, tid = _winapi.CreateProcess(executable, args,
                       ^^^^^^^^^^^^^^^^^^^^^^^^^^^^^^^^^^^^^^^
FileNotFoundError: [WinError 2] The system cannot find the file specified
146896 INFO: Executing: strip C:\Users\Dean\AppData\Local\pyinstaller\bincache10py31164bit\api-ms-win-core-synch-l1-1-0.dll
146900 WARNING: Failed to run strip on 'C:\\Users\\Dean\\AppData\\Local\\pyinstaller\\bincache10py31164bit\\api-ms-win-core-synch-l1-1-0.dll'!
Traceback (most recent call last):
  File "C:\Users\Dean\source\repos\Synapic.NET\build\_python\win-x64\python\Lib\site-packages\PyInstaller\building\utils.py", line 250, in process_collected_binary
    p = subprocess.run(
        ^^^^^^^^^^^^^^^
  File "C:\Users\Dean\source\repos\Synapic.NET\build\_python\win-x64\python\Lib\subprocess.py", line 548, in run
    with Popen(*popenargs, **kwargs) as process:
         ^^^^^^^^^^^^^^^^^^^^^^^^^^^
  File "C:\Users\Dean\source\repos\Synapic.NET\build\_python\win-x64\python\Lib\subprocess.py", line 1026, in __init__
    self._execute_child(args, executable, preexec_fn, close_fds,
  File "C:\Users\Dean\source\repos\Synapic.NET\build\_python\win-x64\python\Lib\subprocess.py", line 1538, in _execute_child
    hp, ht, pid, tid = _winapi.CreateProcess(executable, args,
                       ^^^^^^^^^^^^^^^^^^^^^^^^^^^^^^^^^^^^^^^
FileNotFoundError: [WinError 2] The system cannot find the file specified
146913 INFO: Executing: strip C:\Users\Dean\AppData\Local\pyinstaller\bincache10py31164bit\api-ms-win-core-kernel32-legacy-l1-1-1.dll
146916 WARNING: Failed to run strip on 'C:\\Users\\Dean\\AppData\\Local\\pyinstaller\\bincache10py31164bit\\api-ms-win-core-kernel32-legacy-l1-1-1.dll'!
Traceback (most recent call last):
  File "C:\Users\Dean\source\repos\Synapic.NET\build\_python\win-x64\python\Lib\site-packages\PyInstaller\building\utils.py", line 250, in process_collected_binary
    p = subprocess.run(
        ^^^^^^^^^^^^^^^
  File "C:\Users\Dean\source\repos\Synapic.NET\build\_python\win-x64\python\Lib\subprocess.py", line 548, in run
    with Popen(*popenargs, **kwargs) as process:
         ^^^^^^^^^^^^^^^^^^^^^^^^^^^
  File "C:\Users\Dean\source\repos\Synapic.NET\build\_python\win-x64\python\Lib\subprocess.py", line 1026, in __init__
    self._execute_child(args, executable, preexec_fn, close_fds,
  File "C:\Users\Dean\source\repos\Synapic.NET\build\_python\win-x64\python\Lib\subprocess.py", line 1538, in _execute_child
    hp, ht, pid, tid = _winapi.CreateProcess(executable, args,
                       ^^^^^^^^^^^^^^^^^^^^^^^^^^^^^^^^^^^^^^^
FileNotFoundError: [WinError 2] The system cannot find the file specified
146929 INFO: Executing: strip C:\Users\Dean\AppData\Local\pyinstaller\bincache10py31164bit\api-ms-win-core-file-l1-2-0.dll
146932 WARNING: Failed to run strip on 'C:\\Users\\Dean\\AppData\\Local\\pyinstaller\\bincache10py31164bit\\api-ms-win-core-file-l1-2-0.dll'!
Traceback (most recent call last):
  File "C:\Users\Dean\source\repos\Synapic.NET\build\_python\win-x64\python\Lib\site-packages\PyInstaller\building\utils.py", line 250, in process_collected_binary
    p = subprocess.run(
        ^^^^^^^^^^^^^^^
  File "C:\Users\Dean\source\repos\Synapic.NET\build\_python\win-x64\python\Lib\subprocess.py", line 548, in run
    with Popen(*popenargs, **kwargs) as process:
         ^^^^^^^^^^^^^^^^^^^^^^^^^^^
  File "C:\Users\Dean\source\repos\Synapic.NET\build\_python\win-x64\python\Lib\subprocess.py", line 1026, in __init__
    self._execute_child(args, executable, preexec_fn, close_fds,
  File "C:\Users\Dean\source\repos\Synapic.NET\build\_python\win-x64\python\Lib\subprocess.py", line 1538, in _execute_child
    hp, ht, pid, tid = _winapi.CreateProcess(executable, args,
                       ^^^^^^^^^^^^^^^^^^^^^^^^^^^^^^^^^^^^^^^
FileNotFoundError: [WinError 2] The system cannot find the file specified
203559 INFO: Building PKG (CArchive) synapic-inference.pkg completed successfully.
203665 INFO: Bootloader C:\Users\Dean\source\repos\Synapic.NET\build\_python\win-x64\python\Lib\site-packages\PyInstaller\bootloader\Windows-64bit-intel\run.exe
203665 INFO: checking EXE
203665 INFO: Building EXE because EXE-00.toc is non existent
203665 INFO: Building EXE from EXE-00.toc
203685 INFO: Copying bootloader EXE to C:\Users\Dean\source\repos\Synapic.NET\artifacts\win-x64\synapic-inference.exe
203744 INFO: Copying icon to EXE
203790 INFO: Copying 0 resources to EXE
203792 INFO: Embedding manifest in EXE
203818 INFO: Appending PKG archive to EXE
204016 INFO: Fixing EXE headers
210423 INFO: Building EXE from EXE-00.toc completed successfully.
210527 INFO: Build complete! The results are available in: C:\Users\Dean\source\repos\Synapic.NET\artifacts\win-x64
