Checking that transformers ties LFM2.5-VL word embeddings...
OK: transformers 5.1.0 ties LFM2.5-VL word embeddings.
Running PyInstaller for win-x64
188 INFO: PyInstaller: 6.18.0, contrib hooks: 2026.7
188 INFO: Python: 3.11.16
208 INFO: Platform: Windows-10-10.0.26200-SP0
208 INFO: Python environment: C:\Users\Dean\source\repos\deanable\synapic.net\build\_python\win-x64\python
211 INFO: Removing temporary files and cleaning cache in C:\Users\Dean\AppData\Local\pyinstaller
1894 INFO: Module search paths (PYTHONPATH):
['C:\\Users\\Dean\\source\\repos\\deanable\\synapic.net',
 'C:\\Users\\Dean\\source\\repos\\deanable\\synapic.net\\build\\_python\\win-x64\\python\\python311.zip',
 'C:\\Users\\Dean\\source\\repos\\deanable\\synapic.net\\build\\_python\\win-x64\\python\\DLLs',
 'C:\\Users\\Dean\\source\\repos\\deanable\\synapic.net\\build\\_python\\win-x64\\python\\Lib',
 'C:\\Users\\Dean\\source\\repos\\deanable\\synapic.net\\build\\_python\\win-x64\\python',
 'C:\\Users\\Dean\\source\\repos\\deanable\\synapic.net\\build\\_python\\win-x64\\python\\Lib\\site-packages',
 'C:\\Users\\Dean\\source\\repos\\deanable\\synapic.net\\src',
 'C:\\Users\\Dean\\source\\repos\\deanable\\synapic.net\\src\\Synapic.Inference']
2159 INFO: Appending 'datas' from .spec
2161 INFO: checking Analysis
2161 INFO: Building Analysis because Analysis-00.toc is non existent
2161 INFO: Looking for Python shared library...
2161 INFO: Using Python shared library: C:\Users\Dean\source\repos\deanable\synapic.net\build\_python\win-x64\python\python311.dll
2161 INFO: Running Analysis Analysis-00.toc
2161 INFO: Target bytecode optimization level: 0
2161 INFO: Initializing module dependency graph...
2162 INFO: Initializing module graph hook caches...
2216 INFO: Analyzing modules for base_library.zip ...
2976 INFO: Processing standard module hook 'hook-heapq.py' from 'C:\\Users\\Dean\\source\\repos\\deanable\\synapic.net\\build\\_python\\win-x64\\python\\Lib\\site-packages\\PyInstaller\\hooks'
3119 INFO: Processing standard module hook 'hook-encodings.py' from 'C:\\Users\\Dean\\source\\repos\\deanable\\synapic.net\\build\\_python\\win-x64\\python\\Lib\\site-packages\\PyInstaller\\hooks'
4611 INFO: Processing standard module hook 'hook-pickle.py' from 'C:\\Users\\Dean\\source\\repos\\deanable\\synapic.net\\build\\_python\\win-x64\\python\\Lib\\site-packages\\PyInstaller\\hooks'
5953 INFO: Caching module dependency graph...
5990 INFO: Analyzing C:\Users\Dean\source\repos\deanable\synapic.net\src\Synapic.Inference\service.py
6003 INFO: Processing standard module hook 'hook-uvicorn.py' from 'C:\\Users\\Dean\\source\\repos\\deanable\\synapic.net\\build\\_python\\win-x64\\python\\Lib\\site-packages\\_pyinstaller_hooks_contrib\\stdhooks'
6399 INFO: Processing standard module hook 'hook-multiprocessing.util.py' from 'C:\\Users\\Dean\\source\\repos\\deanable\\synapic.net\\build\\_python\\win-x64\\python\\Lib\\site-packages\\PyInstaller\\hooks'
6515 INFO: Processing standard module hook 'hook-xml.py' from 'C:\\Users\\Dean\\source\\repos\\deanable\\synapic.net\\build\\_python\\win-x64\\python\\Lib\\site-packages\\PyInstaller\\hooks'
6712 INFO: Processing standard module hook 'hook-_ctypes.py' from 'C:\\Users\\Dean\\source\\repos\\deanable\\synapic.net\\build\\_python\\win-x64\\python\\Lib\\site-packages\\PyInstaller\\hooks'
7474 INFO: Processing standard module hook 'hook-platform.py' from 'C:\\Users\\Dean\\source\\repos\\deanable\\synapic.net\\build\\_python\\win-x64\\python\\Lib\\site-packages\\PyInstaller\\hooks'
7524 INFO: Processing pre-safe-import-module hook 'hook-typing_extensions.py' from 'C:\\Users\\Dean\\source\\repos\\deanable\\synapic.net\\build\\_python\\win-x64\\python\\Lib\\site-packages\\PyInstaller\\hooks\\pre_safe_import_module'
7528 INFO: SetuptoolsInfo: initializing cached setuptools info...
8170 INFO: Processing standard module hook 'hook-difflib.py' from 'C:\\Users\\Dean\\source\\repos\\deanable\\synapic.net\\build\\_python\\win-x64\\python\\Lib\\site-packages\\PyInstaller\\hooks'
8866 INFO: Processing standard module hook 'hook-pydantic.py' from 'C:\\Users\\Dean\\source\\repos\\deanable\\synapic.net\\build\\_python\\win-x64\\python\\Lib\\site-packages\\_pyinstaller_hooks_contrib\\stdhooks'
9524 INFO: Processing standard module hook 'hook-rich.py' from 'C:\\Users\\Dean\\source\\repos\\deanable\\synapic.net\\build\\_python\\win-x64\\python\\Lib\\site-packages\\_pyinstaller_hooks_contrib\\stdhooks'
10091 INFO: Processing standard module hook 'hook-pygments.py' from 'C:\\Users\\Dean\\source\\repos\\deanable\\synapic.net\\build\\_python\\win-x64\\python\\Lib\\site-packages\\PyInstaller\\hooks'
11715 INFO: Processing standard module hook 'hook-sysconfig.py' from 'C:\\Users\\Dean\\source\\repos\\deanable\\synapic.net\\build\\_python\\win-x64\\python\\Lib\\site-packages\\PyInstaller\\hooks'
12083 INFO: Processing standard module hook 'hook-zoneinfo.py' from 'C:\\Users\\Dean\\source\\repos\\deanable\\synapic.net\\build\\_python\\win-x64\\python\\Lib\\site-packages\\_pyinstaller_hooks_contrib\\stdhooks'
13085 INFO: Processing standard module hook 'hook-anyio.py' from 'C:\\Users\\Dean\\source\\repos\\deanable\\synapic.net\\build\\_python\\win-x64\\python\\Lib\\site-packages\\_pyinstaller_hooks_contrib\\stdhooks'
14199 INFO: Processing standard module hook 'hook-certifi.py' from 'C:\\Users\\Dean\\source\\repos\\deanable\\synapic.net\\build\\_python\\win-x64\\python\\Lib\\site-packages\\_pyinstaller_hooks_contrib\\stdhooks'
15041 INFO: Processing pre-safe-import-module hook 'hook-importlib_resources.py' from 'C:\\Users\\Dean\\source\\repos\\deanable\\synapic.net\\build\\_python\\win-x64\\python\\Lib\\site-packages\\PyInstaller\\hooks\\pre_safe_import_module'
15087 INFO: Processing standard module hook 'hook-numpy.py' from 'C:\\Users\\Dean\\source\\repos\\deanable\\synapic.net\\build\\_python\\win-x64\\python\\Lib\\site-packages\\PyInstaller\\hooks'
16255 INFO: Processing standard module hook 'hook-psutil.py' from 'C:\\Users\\Dean\\source\\repos\\deanable\\synapic.net\\build\\_python\\win-x64\\python\\Lib\\site-packages\\_pyinstaller_hooks_contrib\\stdhooks'
17168 INFO: Processing standard module hook 'hook-charset_normalizer.py' from 'C:\\Users\\Dean\\source\\repos\\deanable\\synapic.net\\build\\_python\\win-x64\\python\\Lib\\site-packages\\_pyinstaller_hooks_contrib\\stdhooks'
17778 INFO: Processing standard module hook 'hook-sqlite3.py' from 'C:\\Users\\Dean\\source\\repos\\deanable\\synapic.net\\build\\_python\\win-x64\\python\\Lib\\site-packages\\PyInstaller\\hooks'
18463 INFO: Processing standard module hook 'hook-PIL.py' from 'C:\\Users\\Dean\\source\\repos\\deanable\\synapic.net\\build\\_python\\win-x64\\python\\Lib\\site-packages\\PyInstaller\\hooks'
18817 INFO: Processing standard module hook 'hook-PIL.Image.py' from 'C:\\Users\\Dean\\source\\repos\\deanable\\synapic.net\\build\\_python\\win-x64\\python\\Lib\\site-packages\\PyInstaller\\hooks'
19232 INFO: Processing standard module hook 'hook-xml.etree.cElementTree.py' from 'C:\\Users\\Dean\\source\\repos\\deanable\\synapic.net\\build\\_python\\win-x64\\python\\Lib\\site-packages\\PyInstaller\\hooks'
19398 INFO: Processing standard module hook 'hook-PIL.ImageFilter.py' from 'C:\\Users\\Dean\\source\\repos\\deanable\\synapic.net\\build\\_python\\win-x64\\python\\Lib\\site-packages\\PyInstaller\\hooks'
20421 INFO: Processing standard module hook 'hook-jinja2.py' from 'C:\\Users\\Dean\\source\\repos\\deanable\\synapic.net\\build\\_python\\win-x64\\python\\Lib\\site-packages\\_pyinstaller_hooks_contrib\\stdhooks'
20948 INFO: Processing standard module hook 'hook-torch.py' from 'C:\\Users\\Dean\\source\\repos\\deanable\\synapic.net\\build\\_python\\win-x64\\python\\Lib\\site-packages\\_pyinstaller_hooks_contrib\\stdhooks'
1252 WARNING: Failed to collect submodules for 'torch.utils.tensorboard' because importing 'torch.utils.tensorboard' raised: ModuleNotFoundError: No module named 'tensorboard'
W0920 23:31:08.158000 15476 build\_python\win-x64\python\Lib\site-packages\torch\distributed\elastic\multiprocessing\redirects.py:29] NOTE: Redirects are currently not supported in Windows or MacOs.
C:\Users\Dean\source\repos\deanable\synapic.net\build\_python\win-x64\python\Lib\site-packages\PyInstaller\utils\hooks\__init__.py:665: DeprecationWarning: `torch.distributed._sharding_spec` will be deprecated, use `torch.distributed._shard.sharding_spec` instead
  __import__(name)
C:\Users\Dean\source\repos\deanable\synapic.net\build\_python\win-x64\python\Lib\site-packages\PyInstaller\utils\hooks\__init__.py:665: DeprecationWarning: `torch.distributed._sharded_tensor` will be deprecated, use `torch.distributed._shard.sharded_tensor` instead
  __import__(name)
C:\Users\Dean\source\repos\deanable\synapic.net\build\_python\win-x64\python\Lib\site-packages\PyInstaller\utils\hooks\__init__.py:665: DeprecationWarning: `torch.distributed._shard.checkpoint` will be deprecated, use `torch.distributed.checkpoint` instead
  __import__(name)
41294 INFO: hook-torch: this torch build does not depend on MKL...
42990 INFO: Processing standard module hook 'hook-py.py' from 'C:\\Users\\Dean\\source\\repos\\deanable\\synapic.net\\build\\_python\\win-x64\\python\\Lib\\site-packages\\_pyinstaller_hooks_contrib\\stdhooks'
43338 INFO: Processing pre-safe-import-module hook 'hook-packaging.py' from 'C:\\Users\\Dean\\source\\repos\\deanable\\synapic.net\\build\\_python\\win-x64\\python\\Lib\\site-packages\\PyInstaller\\hooks\\pre_safe_import_module'
43597 INFO: Processing pre-safe-import-module hook 'hook-tomli.py' from 'C:\\Users\\Dean\\source\\repos\\deanable\\synapic.net\\build\\_python\\win-x64\\python\\Lib\\site-packages\\PyInstaller\\hooks\\pre_safe_import_module'
43599 INFO: Setuptools: 'tomli' appears to be a setuptools-vendored copy - creating alias to 'setuptools._vendor.tomli'!
43606 INFO: Processing standard module hook 'hook-setuptools.py' from 'C:\\Users\\Dean\\source\\repos\\deanable\\synapic.net\\build\\_python\\win-x64\\python\\Lib\\site-packages\\PyInstaller\\hooks'
43623 INFO: Processing pre-safe-import-module hook 'hook-distutils.py' from 'C:\\Users\\Dean\\source\\repos\\deanable\\synapic.net\\build\\_python\\win-x64\\python\\Lib\\site-packages\\PyInstaller\\hooks\\pre_safe_import_module'
43625 INFO: Processing pre-find-module-path hook 'hook-distutils.py' from 'C:\\Users\\Dean\\source\\repos\\deanable\\synapic.net\\build\\_python\\win-x64\\python\\Lib\\site-packages\\PyInstaller\\hooks\\pre_find_module_path'
43855 INFO: Processing standard module hook 'hook-distutils.py' from 'C:\\Users\\Dean\\source\\repos\\deanable\\synapic.net\\build\\_python\\win-x64\\python\\Lib\\site-packages\\PyInstaller\\hooks'
43871 INFO: Processing standard module hook 'hook-distutils.util.py' from 'C:\\Users\\Dean\\source\\repos\\deanable\\synapic.net\\build\\_python\\win-x64\\python\\Lib\\site-packages\\PyInstaller\\hooks'
43899 INFO: Processing standard module hook 'hook-_osx_support.py' from 'C:\\Users\\Dean\\source\\repos\\deanable\\synapic.net\\build\\_python\\win-x64\\python\\Lib\\site-packages\\PyInstaller\\hooks'
44306 INFO: Processing pre-safe-import-module hook 'hook-jaraco.py' from 'C:\\Users\\Dean\\source\\repos\\deanable\\synapic.net\\build\\_python\\win-x64\\python\\Lib\\site-packages\\PyInstaller\\hooks\\pre_safe_import_module'
44308 INFO: Setuptools: 'jaraco' appears to be a full setuptools-vendored copy - creating alias to 'setuptools._vendor.jaraco'!
44315 INFO: Processing standard module hook 'hook-setuptools._vendor.jaraco.text.py' from 'C:\\Users\\Dean\\source\\repos\\deanable\\synapic.net\\build\\_python\\win-x64\\python\\Lib\\site-packages\\PyInstaller\\hooks'
44324 INFO: Processing pre-safe-import-module hook 'hook-backports.py' from 'C:\\Users\\Dean\\source\\repos\\deanable\\synapic.net\\build\\_python\\win-x64\\python\\Lib\\site-packages\\PyInstaller\\hooks\\pre_safe_import_module'
44326 INFO: Setuptools: 'backports' appears to be a full setuptools-vendored copy - creating alias to 'setuptools._vendor.backports'!
44427 INFO: Processing pre-safe-import-module hook 'hook-more_itertools.py' from 'C:\\Users\\Dean\\source\\repos\\deanable\\synapic.net\\build\\_python\\win-x64\\python\\Lib\\site-packages\\PyInstaller\\hooks\\pre_safe_import_module'
44428 INFO: Setuptools: 'more_itertools' appears to be a setuptools-vendored copy - creating alias to 'setuptools._vendor.more_itertools'!
45627 INFO: Processing pre-safe-import-module hook 'hook-wheel.py' from 'C:\\Users\\Dean\\source\\repos\\deanable\\synapic.net\\build\\_python\\win-x64\\python\\Lib\\site-packages\\PyInstaller\\hooks\\pre_safe_import_module'
58248 INFO: Processing standard module hook 'hook-xml.dom.domreg.py' from 'C:\\Users\\Dean\\source\\repos\\deanable\\synapic.net\\build\\_python\\win-x64\\python\\Lib\\site-packages\\PyInstaller\\hooks'
64228 INFO: Processing pre-safe-import-module hook 'hook-win32com.py' from 'C:\\Users\\Dean\\source\\repos\\deanable\\synapic.net\\build\\_python\\win-x64\\python\\Lib\\site-packages\\_pyinstaller_hooks_contrib\\pre_safe_import_module'
75278 INFO: Processing standard module hook 'hook-fsspec.py' from 'C:\\Users\\Dean\\source\\repos\\deanable\\synapic.net\\build\\_python\\win-x64\\python\\Lib\\site-packages\\_pyinstaller_hooks_contrib\\stdhooks'
75750 INFO: Processing pre-safe-import-module hook 'hook-importlib_metadata.py' from 'C:\\Users\\Dean\\source\\repos\\deanable\\synapic.net\\build\\_python\\win-x64\\python\\Lib\\site-packages\\PyInstaller\\hooks\\pre_safe_import_module'
75751 INFO: Setuptools: 'importlib_metadata' appears to be a setuptools-vendored copy - creating alias to 'setuptools._vendor.importlib_metadata'!
75766 INFO: Processing standard module hook 'hook-setuptools._vendor.importlib_metadata.py' from 'C:\\Users\\Dean\\source\\repos\\deanable\\synapic.net\\build\\_python\\win-x64\\python\\Lib\\site-packages\\PyInstaller\\hooks'
75789 INFO: Processing pre-safe-import-module hook 'hook-zipp.py' from 'C:\\Users\\Dean\\source\\repos\\deanable\\synapic.net\\build\\_python\\win-x64\\python\\Lib\\site-packages\\PyInstaller\\hooks\\pre_safe_import_module'
75789 INFO: Setuptools: 'zipp' appears to be a setuptools-vendored copy - creating alias to 'setuptools._vendor.zipp'!
75831 INFO: Processing standard module hook 'hook-urllib3.py' from 'C:\\Users\\Dean\\source\\repos\\deanable\\synapic.net\\build\\_python\\win-x64\\python\\Lib\\site-packages\\_pyinstaller_hooks_contrib\\stdhooks'
76869 INFO: Processing standard module hook 'hook-torchvision.py' from 'C:\\Users\\Dean\\source\\repos\\deanable\\synapic.net\\build\\_python\\win-x64\\python\\Lib\\site-packages\\_pyinstaller_hooks_contrib\\stdhooks'
76923 INFO: Processing standard module hook 'hook-torchvision.io.image.py' from 'C:\\Users\\Dean\\source\\repos\\deanable\\synapic.net\\build\\_python\\win-x64\\python\\Lib\\site-packages\\_pyinstaller_hooks_contrib\\stdhooks'
78047 INFO: Processing standard module hook 'hook-av.py' from 'C:\\Users\\Dean\\source\\repos\\deanable\\synapic.net\\build\\_python\\win-x64\\python\\Lib\\site-packages\\_pyinstaller_hooks_contrib\\stdhooks'
81530 INFO: Processing standard module hook 'hook-transformers.py' from 'C:\\Users\\Dean\\source\\repos\\deanable\\synapic.net\\build\\_python\\win-x64\\python\\Lib\\site-packages\\_pyinstaller_hooks_contrib\\stdhooks'
83943 INFO: Processing standard module hook 'hook-regex.py' from 'C:\\Users\\Dean\\source\\repos\\deanable\\synapic.net\\build\\_python\\win-x64\\python\\Lib\\site-packages\\_pyinstaller_hooks_contrib\\stdhooks'
85207 INFO: Processing standard module hook 'hook-timm.py' from 'C:\\Users\\Dean\\source\\repos\\deanable\\synapic.net\\build\\_python\\win-x64\\python\\Lib\\site-packages\\_pyinstaller_hooks_contrib\\stdhooks'
85989 INFO: Processing pre-safe-import-module hook 'hook-tensorflow.py' from 'C:\\Users\\Dean\\source\\repos\\deanable\\synapic.net\\build\\_python\\win-x64\\python\\Lib\\site-packages\\_pyinstaller_hooks_contrib\\pre_safe_import_module'
116032 INFO: Analyzing hidden import 'qwen_vl_utils'
116344 INFO: Processing module hooks (post-graph stage)...
125519 WARNING: Hidden import "tzdata" not found!
125823 INFO: Processing standard module hook 'hook-PIL.SpiderImagePlugin.py' from 'C:\\Users\\Dean\\source\\repos\\deanable\\synapic.net\\build\\_python\\win-x64\\python\\Lib\\site-packages\\PyInstaller\\hooks'
128990 INFO: Performing binary vs. data reclassification (256 entries)
129293 INFO: Looking for ctypes DLLs
129622 WARNING: Ignoring /usr/lib64/libgomp.so.1 imported from C:\Users\Dean\source\repos\deanable\synapic.net\build\_python\win-x64\python\Lib\site-packages\torch\_inductor\codecache.py - only basenames are supported with ctypes imports!
130080 INFO: Analyzing run-time hooks ...
130112 INFO: Including run-time hook 'pyi_rth_inspect.py' from 'C:\\Users\\Dean\\source\\repos\\deanable\\synapic.net\\build\\_python\\win-x64\\python\\Lib\\site-packages\\PyInstaller\\hooks\\rthooks'
130118 INFO: Including run-time hook 'pyi_rth_pkgutil.py' from 'C:\\Users\\Dean\\source\\repos\\deanable\\synapic.net\\build\\_python\\win-x64\\python\\Lib\\site-packages\\PyInstaller\\hooks\\rthooks'
130121 INFO: Including run-time hook 'pyi_rth_multiprocessing.py' from 'C:\\Users\\Dean\\source\\repos\\deanable\\synapic.net\\build\\_python\\win-x64\\python\\Lib\\site-packages\\PyInstaller\\hooks\\rthooks'
130124 INFO: Including run-time hook 'pyi_rth_setuptools.py' from 'C:\\Users\\Dean\\source\\repos\\deanable\\synapic.net\\build\\_python\\win-x64\\python\\Lib\\site-packages\\PyInstaller\\hooks\\rthooks'
130248 INFO: Creating base_library.zip...
130275 INFO: Looking for dynamic libraries
W0920 23:32:46.033000 37656 build\_python\win-x64\python\Lib\site-packages\torch\distributed\elastic\multiprocessing\redirects.py:29] NOTE: Redirects are currently not supported in Windows or MacOs.
C:\Users\Dean\source\repos\deanable\synapic.net\build\_python\win-x64\python\Lib\site-packages\PyInstaller\building\build_main.py:227: DeprecationWarning: `torch.distributed._sharding_spec` will be deprecated, use `torch.distributed._shard.sharding_spec` instead
  __import__(package)
C:\Users\Dean\source\repos\deanable\synapic.net\build\_python\win-x64\python\Lib\site-packages\PyInstaller\building\build_main.py:227: DeprecationWarning: `torch.distributed._sharded_tensor` will be deprecated, use `torch.distributed._shard.sharded_tensor` instead
  __import__(package)
C:\Users\Dean\source\repos\deanable\synapic.net\build\_python\win-x64\python\Lib\site-packages\PyInstaller\building\build_main.py:227: DeprecationWarning: `torch.distributed._shard.checkpoint` will be deprecated, use `torch.distributed.checkpoint` instead
  __import__(package)
sys:1: DeprecationWarning: builtin type swigvarlink has no __module__ attribute
145853 INFO: Extra DLL search directories (AddDllDirectory): ['C:\\Users\\Dean\\source\\repos\\deanable\\synapic.net\\build\\_python\\win-x64\\python\\Lib\\site-packages\\numpy.libs', 'C:\\Users\\Dean\\source\\repos\\deanable\\synapic.net\\build\\_python\\win-x64\\python\\Lib\\site-packages\\torch\\lib', 'C:\\Users\\Dean\\source\\repos\\deanable\\synapic.net\\build\\_python\\win-x64\\python\\Lib\\site-packages\\torchvision', 'C:\\Users\\Dean\\source\\repos\\deanable\\synapic.net\\build\\_python\\win-x64\\python\\Lib\\site-packages\\torchvision', 'C:\\Users\\Dean\\source\\repos\\deanable\\synapic.net\\build\\_python\\win-x64\\python\\Lib\\site-packages\\torchvision', 'C:\\Users\\Dean\\source\\repos\\deanable\\synapic.net\\build\\_python\\win-x64\\python\\Lib\\site-packages\\torchvision', 'C:\\Users\\Dean\\source\\repos\\deanable\\synapic.net\\build\\_python\\win-x64\\python\\Lib\\site-packages\\av.libs']
145853 INFO: Extra DLL search directories (PATH): []
148358 INFO: Warnings written to C:\Users\Dean\source\repos\deanable\synapic.net\build\_work\win-x64\synapic-inference\warn-synapic-inference.txt
149192 INFO: Graph cross-reference written to C:\Users\Dean\source\repos\deanable\synapic.net\build\_work\win-x64\synapic-inference\xref-synapic-inference.html
149676 INFO: checking PYZ
149676 INFO: Building PYZ because PYZ-00.toc is non existent
149677 INFO: Building PYZ (ZlibArchive) C:\Users\Dean\source\repos\deanable\synapic.net\build\_work\win-x64\synapic-inference\PYZ-00.pyz
155552 INFO: Building PYZ (ZlibArchive) C:\Users\Dean\source\repos\deanable\synapic.net\build\_work\win-x64\synapic-inference\PYZ-00.pyz completed successfully.
155934 INFO: checking PKG
155934 INFO: Building PKG because PKG-00.toc is non existent
155934 INFO: Building PKG (CArchive) synapic-inference.pkg
155960 INFO: Executing: strip C:\Users\Dean\AppData\Local\pyinstaller\bincache10py31164bit\av.libs\avformat-62-b6d6bb16ff0b7753371e2d0b285c9dc0.dll
155962 WARNING: Failed to run strip on 'C:\\Users\\Dean\\AppData\\Local\\pyinstaller\\bincache10py31164bit\\av.libs\\avformat-62-b6d6bb16ff0b7753371e2d0b285c9dc0.dll'!
Traceback (most recent call last):
  File "C:\Users\Dean\source\repos\deanable\synapic.net\build\_python\win-x64\python\Lib\site-packages\PyInstaller\building\utils.py", line 250, in process_collected_binary
    p = subprocess.run(
        ^^^^^^^^^^^^^^^
  File "C:\Users\Dean\source\repos\deanable\synapic.net\build\_python\win-x64\python\Lib\subprocess.py", line 548, in run
    with Popen(*popenargs, **kwargs) as process:
         ^^^^^^^^^^^^^^^^^^^^^^^^^^^
  File "C:\Users\Dean\source\repos\deanable\synapic.net\build\_python\win-x64\python\Lib\subprocess.py", line 1026, in __init__
    self._execute_child(args, executable, preexec_fn, close_fds,
  File "C:\Users\Dean\source\repos\deanable\synapic.net\build\_python\win-x64\python\Lib\subprocess.py", line 1538, in _execute_child
    hp, ht, pid, tid = _winapi.CreateProcess(executable, args,
                       ^^^^^^^^^^^^^^^^^^^^^^^^^^^^^^^^^^^^^^^
FileNotFoundError: [WinError 2] The system cannot find the file specified
155968 INFO: Executing: strip C:\Users\Dean\AppData\Local\pyinstaller\bincache10py31164bit\av.libs\avdevice-62-bf7a3ffbb6a4b577f24a39ea98a958d5.dll
155969 WARNING: Failed to run strip on 'C:\\Users\\Dean\\AppData\\Local\\pyinstaller\\bincache10py31164bit\\av.libs\\avdevice-62-bf7a3ffbb6a4b577f24a39ea98a958d5.dll'!
Traceback (most recent call last):
  File "C:\Users\Dean\source\repos\deanable\synapic.net\build\_python\win-x64\python\Lib\site-packages\PyInstaller\building\utils.py", line 250, in process_collected_binary
    p = subprocess.run(
        ^^^^^^^^^^^^^^^
  File "C:\Users\Dean\source\repos\deanable\synapic.net\build\_python\win-x64\python\Lib\subprocess.py", line 548, in run
    with Popen(*popenargs, **kwargs) as process:
         ^^^^^^^^^^^^^^^^^^^^^^^^^^^
  File "C:\Users\Dean\source\repos\deanable\synapic.net\build\_python\win-x64\python\Lib\subprocess.py", line 1026, in __init__
    self._execute_child(args, executable, preexec_fn, close_fds,
  File "C:\Users\Dean\source\repos\deanable\synapic.net\build\_python\win-x64\python\Lib\subprocess.py", line 1538, in _execute_child
    hp, ht, pid, tid = _winapi.CreateProcess(executable, args,
                       ^^^^^^^^^^^^^^^^^^^^^^^^^^^^^^^^^^^^^^^
FileNotFoundError: [WinError 2] The system cannot find the file specified
155977 INFO: Executing: strip C:\Users\Dean\AppData\Local\pyinstaller\bincache10py31164bit\av.libs\avutil-60-cc1777f859dcfd98b8019bdf459e774e.dll
155978 WARNING: Failed to run strip on 'C:\\Users\\Dean\\AppData\\Local\\pyinstaller\\bincache10py31164bit\\av.libs\\avutil-60-cc1777f859dcfd98b8019bdf459e774e.dll'!
Traceback (most recent call last):
  File "C:\Users\Dean\source\repos\deanable\synapic.net\build\_python\win-x64\python\Lib\site-packages\PyInstaller\building\utils.py", line 250, in process_collected_binary
    p = subprocess.run(
        ^^^^^^^^^^^^^^^
  File "C:\Users\Dean\source\repos\deanable\synapic.net\build\_python\win-x64\python\Lib\subprocess.py", line 548, in run
    with Popen(*popenargs, **kwargs) as process:
         ^^^^^^^^^^^^^^^^^^^^^^^^^^^
  File "C:\Users\Dean\source\repos\deanable\synapic.net\build\_python\win-x64\python\Lib\subprocess.py", line 1026, in __init__
    self._execute_child(args, executable, preexec_fn, close_fds,
  File "C:\Users\Dean\source\repos\deanable\synapic.net\build\_python\win-x64\python\Lib\subprocess.py", line 1538, in _execute_child
    hp, ht, pid, tid = _winapi.CreateProcess(executable, args,
                       ^^^^^^^^^^^^^^^^^^^^^^^^^^^^^^^^^^^^^^^
FileNotFoundError: [WinError 2] The system cannot find the file specified
155981 INFO: Executing: strip C:\Users\Dean\AppData\Local\pyinstaller\bincache10py31164bit\av.libs\libgcc_s_seh-1-4c0a762e4178b574f72d1ef1f8bb5fc9.dll
155982 WARNING: Failed to run strip on 'C:\\Users\\Dean\\AppData\\Local\\pyinstaller\\bincache10py31164bit\\av.libs\\libgcc_s_seh-1-4c0a762e4178b574f72d1ef1f8bb5fc9.dll'!
Traceback (most recent call last):
  File "C:\Users\Dean\source\repos\deanable\synapic.net\build\_python\win-x64\python\Lib\site-packages\PyInstaller\building\utils.py", line 250, in process_collected_binary
    p = subprocess.run(
        ^^^^^^^^^^^^^^^
  File "C:\Users\Dean\source\repos\deanable\synapic.net\build\_python\win-x64\python\Lib\subprocess.py", line 548, in run
    with Popen(*popenargs, **kwargs) as process:
         ^^^^^^^^^^^^^^^^^^^^^^^^^^^
  File "C:\Users\Dean\source\repos\deanable\synapic.net\build\_python\win-x64\python\Lib\subprocess.py", line 1026, in __init__
    self._execute_child(args, executable, preexec_fn, close_fds,
  File "C:\Users\Dean\source\repos\deanable\synapic.net\build\_python\win-x64\python\Lib\subprocess.py", line 1538, in _execute_child
    hp, ht, pid, tid = _winapi.CreateProcess(executable, args,
                       ^^^^^^^^^^^^^^^^^^^^^^^^^^^^^^^^^^^^^^^
FileNotFoundError: [WinError 2] The system cannot find the file specified
155985 INFO: Executing: strip C:\Users\Dean\AppData\Local\pyinstaller\bincache10py31164bit\av.libs\libopencore-amrwb-0-49da3acfc50704f92538d74aca03c3b8.dll
155986 WARNING: Failed to run strip on 'C:\\Users\\Dean\\AppData\\Local\\pyinstaller\\bincache10py31164bit\\av.libs\\libopencore-amrwb-0-49da3acfc50704f92538d74aca03c3b8.dll'!
Traceback (most recent call last):
  File "C:\Users\Dean\source\repos\deanable\synapic.net\build\_python\win-x64\python\Lib\site-packages\PyInstaller\building\utils.py", line 250, in process_collected_binary
    p = subprocess.run(
        ^^^^^^^^^^^^^^^
  File "C:\Users\Dean\source\repos\deanable\synapic.net\build\_python\win-x64\python\Lib\subprocess.py", line 548, in run
    with Popen(*popenargs, **kwargs) as process:
         ^^^^^^^^^^^^^^^^^^^^^^^^^^^
  File "C:\Users\Dean\source\repos\deanable\synapic.net\build\_python\win-x64\python\Lib\subprocess.py", line 1026, in __init__
    self._execute_child(args, executable, preexec_fn, close_fds,
  File "C:\Users\Dean\source\repos\deanable\synapic.net\build\_python\win-x64\python\Lib\subprocess.py", line 1538, in _execute_child
    hp, ht, pid, tid = _winapi.CreateProcess(executable, args,
                       ^^^^^^^^^^^^^^^^^^^^^^^^^^^^^^^^^^^^^^^
FileNotFoundError: [WinError 2] The system cannot find the file specified
155989 INFO: Executing: strip C:\Users\Dean\AppData\Local\pyinstaller\bincache10py31164bit\av.libs\libwebpmux-9cf6581f8709616d9591befbb1a2264b.dll
155990 WARNING: Failed to run strip on 'C:\\Users\\Dean\\AppData\\Local\\pyinstaller\\bincache10py31164bit\\av.libs\\libwebpmux-9cf6581f8709616d9591befbb1a2264b.dll'!
Traceback (most recent call last):
  File "C:\Users\Dean\source\repos\deanable\synapic.net\build\_python\win-x64\python\Lib\site-packages\PyInstaller\building\utils.py", line 250, in process_collected_binary
    p = subprocess.run(
        ^^^^^^^^^^^^^^^
  File "C:\Users\Dean\source\repos\deanable\synapic.net\build\_python\win-x64\python\Lib\subprocess.py", line 548, in run
    with Popen(*popenargs, **kwargs) as process:
         ^^^^^^^^^^^^^^^^^^^^^^^^^^^
  File "C:\Users\Dean\source\repos\deanable\synapic.net\build\_python\win-x64\python\Lib\subprocess.py", line 1026, in __init__
    self._execute_child(args, executable, preexec_fn, close_fds,
  File "C:\Users\Dean\source\repos\deanable\synapic.net\build\_python\win-x64\python\Lib\subprocess.py", line 1538, in _execute_child
    hp, ht, pid, tid = _winapi.CreateProcess(executable, args,
                       ^^^^^^^^^^^^^^^^^^^^^^^^^^^^^^^^^^^^^^^
FileNotFoundError: [WinError 2] The system cannot find the file specified
156006 INFO: Executing: strip C:\Users\Dean\AppData\Local\pyinstaller\bincache10py31164bit\av.libs\libx264-165-f3a909470ddc2d85ed21eda3d0fb7954.dll
156007 WARNING: Failed to run strip on 'C:\\Users\\Dean\\AppData\\Local\\pyinstaller\\bincache10py31164bit\\av.libs\\libx264-165-f3a909470ddc2d85ed21eda3d0fb7954.dll'!
Traceback (most recent call last):
  File "C:\Users\Dean\source\repos\deanable\synapic.net\build\_python\win-x64\python\Lib\site-packages\PyInstaller\building\utils.py", line 250, in process_collected_binary
    p = subprocess.run(
        ^^^^^^^^^^^^^^^
  File "C:\Users\Dean\source\repos\deanable\synapic.net\build\_python\win-x64\python\Lib\subprocess.py", line 548, in run
    with Popen(*popenargs, **kwargs) as process:
         ^^^^^^^^^^^^^^^^^^^^^^^^^^^
  File "C:\Users\Dean\source\repos\deanable\synapic.net\build\_python\win-x64\python\Lib\subprocess.py", line 1026, in __init__
    self._execute_child(args, executable, preexec_fn, close_fds,
  File "C:\Users\Dean\source\repos\deanable\synapic.net\build\_python\win-x64\python\Lib\subprocess.py", line 1538, in _execute_child
    hp, ht, pid, tid = _winapi.CreateProcess(executable, args,
                       ^^^^^^^^^^^^^^^^^^^^^^^^^^^^^^^^^^^^^^^
FileNotFoundError: [WinError 2] The system cannot find the file specified
156095 INFO: Executing: strip C:\Users\Dean\AppData\Local\pyinstaller\bincache10py31164bit\av.libs\avcodec-62-984de33114b7fa384296817dec999c9d.dll
156096 WARNING: Failed to run strip on 'C:\\Users\\Dean\\AppData\\Local\\pyinstaller\\bincache10py31164bit\\av.libs\\avcodec-62-984de33114b7fa384296817dec999c9d.dll'!
Traceback (most recent call last):
  File "C:\Users\Dean\source\repos\deanable\synapic.net\build\_python\win-x64\python\Lib\site-packages\PyInstaller\building\utils.py", line 250, in process_collected_binary
    p = subprocess.run(
        ^^^^^^^^^^^^^^^
  File "C:\Users\Dean\source\repos\deanable\synapic.net\build\_python\win-x64\python\Lib\subprocess.py", line 548, in run
    with Popen(*popenargs, **kwargs) as process:
         ^^^^^^^^^^^^^^^^^^^^^^^^^^^
  File "C:\Users\Dean\source\repos\deanable\synapic.net\build\_python\win-x64\python\Lib\subprocess.py", line 1026, in __init__
    self._execute_child(args, executable, preexec_fn, close_fds,
  File "C:\Users\Dean\source\repos\deanable\synapic.net\build\_python\win-x64\python\Lib\subprocess.py", line 1538, in _execute_child
    hp, ht, pid, tid = _winapi.CreateProcess(executable, args,
                       ^^^^^^^^^^^^^^^^^^^^^^^^^^^^^^^^^^^^^^^
FileNotFoundError: [WinError 2] The system cannot find the file specified
156106 INFO: Executing: strip C:\Users\Dean\AppData\Local\pyinstaller\bincache10py31164bit\av.libs\libvpl-969a52d626b0390fc34f6a4fb0b08d7e.dll
156108 WARNING: Failed to run strip on 'C:\\Users\\Dean\\AppData\\Local\\pyinstaller\\bincache10py31164bit\\av.libs\\libvpl-969a52d626b0390fc34f6a4fb0b08d7e.dll'!
Traceback (most recent call last):
  File "C:\Users\Dean\source\repos\deanable\synapic.net\build\_python\win-x64\python\Lib\site-packages\PyInstaller\building\utils.py", line 250, in process_collected_binary
    p = subprocess.run(
        ^^^^^^^^^^^^^^^
  File "C:\Users\Dean\source\repos\deanable\synapic.net\build\_python\win-x64\python\Lib\subprocess.py", line 548, in run
    with Popen(*popenargs, **kwargs) as process:
         ^^^^^^^^^^^^^^^^^^^^^^^^^^^
  File "C:\Users\Dean\source\repos\deanable\synapic.net\build\_python\win-x64\python\Lib\subprocess.py", line 1026, in __init__
    self._execute_child(args, executable, preexec_fn, close_fds,
  File "C:\Users\Dean\source\repos\deanable\synapic.net\build\_python\win-x64\python\Lib\subprocess.py", line 1538, in _execute_child
    hp, ht, pid, tid = _winapi.CreateProcess(executable, args,
                       ^^^^^^^^^^^^^^^^^^^^^^^^^^^^^^^^^^^^^^^
FileNotFoundError: [WinError 2] The system cannot find the file specified
156114 INFO: Executing: strip C:\Users\Dean\AppData\Local\pyinstaller\bincache10py31164bit\av.libs\zlib1-79e0c4f9db71cb511398c504b832d395.dll
156116 WARNING: Failed to run strip on 'C:\\Users\\Dean\\AppData\\Local\\pyinstaller\\bincache10py31164bit\\av.libs\\zlib1-79e0c4f9db71cb511398c504b832d395.dll'!
Traceback (most recent call last):
  File "C:\Users\Dean\source\repos\deanable\synapic.net\build\_python\win-x64\python\Lib\site-packages\PyInstaller\building\utils.py", line 250, in process_collected_binary
    p = subprocess.run(
        ^^^^^^^^^^^^^^^
  File "C:\Users\Dean\source\repos\deanable\synapic.net\build\_python\win-x64\python\Lib\subprocess.py", line 548, in run
    with Popen(*popenargs, **kwargs) as process:
         ^^^^^^^^^^^^^^^^^^^^^^^^^^^
  File "C:\Users\Dean\source\repos\deanable\synapic.net\build\_python\win-x64\python\Lib\subprocess.py", line 1026, in __init__
    self._execute_child(args, executable, preexec_fn, close_fds,
  File "C:\Users\Dean\source\repos\deanable\synapic.net\build\_python\win-x64\python\Lib\subprocess.py", line 1538, in _execute_child
    hp, ht, pid, tid = _winapi.CreateProcess(executable, args,
                       ^^^^^^^^^^^^^^^^^^^^^^^^^^^^^^^^^^^^^^^
FileNotFoundError: [WinError 2] The system cannot find the file specified
156121 INFO: Executing: strip C:\Users\Dean\AppData\Local\pyinstaller\bincache10py31164bit\av.libs\libopencore-amrnb-0-b8933128305cd084d40426d0d2c0d9ef.dll
156122 WARNING: Failed to run strip on 'C:\\Users\\Dean\\AppData\\Local\\pyinstaller\\bincache10py31164bit\\av.libs\\libopencore-amrnb-0-b8933128305cd084d40426d0d2c0d9ef.dll'!
Traceback (most recent call last):
  File "C:\Users\Dean\source\repos\deanable\synapic.net\build\_python\win-x64\python\Lib\site-packages\PyInstaller\building\utils.py", line 250, in process_collected_binary
    p = subprocess.run(
        ^^^^^^^^^^^^^^^
  File "C:\Users\Dean\source\repos\deanable\synapic.net\build\_python\win-x64\python\Lib\subprocess.py", line 548, in run
    with Popen(*popenargs, **kwargs) as process:
         ^^^^^^^^^^^^^^^^^^^^^^^^^^^
  File "C:\Users\Dean\source\repos\deanable\synapic.net\build\_python\win-x64\python\Lib\subprocess.py", line 1026, in __init__
    self._execute_child(args, executable, preexec_fn, close_fds,
  File "C:\Users\Dean\source\repos\deanable\synapic.net\build\_python\win-x64\python\Lib\subprocess.py", line 1538, in _execute_child
    hp, ht, pid, tid = _winapi.CreateProcess(executable, args,
                       ^^^^^^^^^^^^^^^^^^^^^^^^^^^^^^^^^^^^^^^
FileNotFoundError: [WinError 2] The system cannot find the file specified
156187 INFO: Executing: strip C:\Users\Dean\AppData\Local\pyinstaller\bincache10py31164bit\av.libs\libx265-efe48a158520a59ef99c0a0b3eb835ae.dll
156189 WARNING: Failed to run strip on 'C:\\Users\\Dean\\AppData\\Local\\pyinstaller\\bincache10py31164bit\\av.libs\\libx265-efe48a158520a59ef99c0a0b3eb835ae.dll'!
Traceback (most recent call last):
  File "C:\Users\Dean\source\repos\deanable\synapic.net\build\_python\win-x64\python\Lib\site-packages\PyInstaller\building\utils.py", line 250, in process_collected_binary
    p = subprocess.run(
        ^^^^^^^^^^^^^^^
  File "C:\Users\Dean\source\repos\deanable\synapic.net\build\_python\win-x64\python\Lib\subprocess.py", line 548, in run
    with Popen(*popenargs, **kwargs) as process:
         ^^^^^^^^^^^^^^^^^^^^^^^^^^^
  File "C:\Users\Dean\source\repos\deanable\synapic.net\build\_python\win-x64\python\Lib\subprocess.py", line 1026, in __init__
    self._execute_child(args, executable, preexec_fn, close_fds,
  File "C:\Users\Dean\source\repos\deanable\synapic.net\build\_python\win-x64\python\Lib\subprocess.py", line 1538, in _execute_child
    hp, ht, pid, tid = _winapi.CreateProcess(executable, args,
                       ^^^^^^^^^^^^^^^^^^^^^^^^^^^^^^^^^^^^^^^
FileNotFoundError: [WinError 2] The system cannot find the file specified
156194 INFO: Executing: strip C:\Users\Dean\AppData\Local\pyinstaller\bincache10py31164bit\av.libs\libsharpyuv-8b869e30854bf3db317a2a93d0782c3d.dll
156196 WARNING: Failed to run strip on 'C:\\Users\\Dean\\AppData\\Local\\pyinstaller\\bincache10py31164bit\\av.libs\\libsharpyuv-8b869e30854bf3db317a2a93d0782c3d.dll'!
Traceback (most recent call last):
  File "C:\Users\Dean\source\repos\deanable\synapic.net\build\_python\win-x64\python\Lib\site-packages\PyInstaller\building\utils.py", line 250, in process_collected_binary
    p = subprocess.run(
        ^^^^^^^^^^^^^^^
  File "C:\Users\Dean\source\repos\deanable\synapic.net\build\_python\win-x64\python\Lib\subprocess.py", line 548, in run
    with Popen(*popenargs, **kwargs) as process:
         ^^^^^^^^^^^^^^^^^^^^^^^^^^^
  File "C:\Users\Dean\source\repos\deanable\synapic.net\build\_python\win-x64\python\Lib\subprocess.py", line 1026, in __init__
    self._execute_child(args, executable, preexec_fn, close_fds,
  File "C:\Users\Dean\source\repos\deanable\synapic.net\build\_python\win-x64\python\Lib\subprocess.py", line 1538, in _execute_child
    hp, ht, pid, tid = _winapi.CreateProcess(executable, args,
                       ^^^^^^^^^^^^^^^^^^^^^^^^^^^^^^^^^^^^^^^
FileNotFoundError: [WinError 2] The system cannot find the file specified
156212 INFO: Executing: strip C:\Users\Dean\AppData\Local\pyinstaller\bincache10py31164bit\av.libs\libopus-0-4369edc456631a3cc933d7918747e5d2.dll
156216 WARNING: Failed to run strip on 'C:\\Users\\Dean\\AppData\\Local\\pyinstaller\\bincache10py31164bit\\av.libs\\libopus-0-4369edc456631a3cc933d7918747e5d2.dll'!
Traceback (most recent call last):
  File "C:\Users\Dean\source\repos\deanable\synapic.net\build\_python\win-x64\python\Lib\site-packages\PyInstaller\building\utils.py", line 250, in process_collected_binary
    p = subprocess.run(
        ^^^^^^^^^^^^^^^
  File "C:\Users\Dean\source\repos\deanable\synapic.net\build\_python\win-x64\python\Lib\subprocess.py", line 548, in run
    with Popen(*popenargs, **kwargs) as process:
         ^^^^^^^^^^^^^^^^^^^^^^^^^^^
  File "C:\Users\Dean\source\repos\deanable\synapic.net\build\_python\win-x64\python\Lib\subprocess.py", line 1026, in __init__
    self._execute_child(args, executable, preexec_fn, close_fds,
  File "C:\Users\Dean\source\repos\deanable\synapic.net\build\_python\win-x64\python\Lib\subprocess.py", line 1538, in _execute_child
    hp, ht, pid, tid = _winapi.CreateProcess(executable, args,
                       ^^^^^^^^^^^^^^^^^^^^^^^^^^^^^^^^^^^^^^^
FileNotFoundError: [WinError 2] The system cannot find the file specified
156246 INFO: Executing: strip C:\Users\Dean\AppData\Local\pyinstaller\bincache10py31164bit\av.libs\libvpx-1-d869f8b2cb42d58b35545ffbfb0f7509.dll
156248 WARNING: Failed to run strip on 'C:\\Users\\Dean\\AppData\\Local\\pyinstaller\\bincache10py31164bit\\av.libs\\libvpx-1-d869f8b2cb42d58b35545ffbfb0f7509.dll'!
Traceback (most recent call last):
  File "C:\Users\Dean\source\repos\deanable\synapic.net\build\_python\win-x64\python\Lib\site-packages\PyInstaller\building\utils.py", line 250, in process_collected_binary
    p = subprocess.run(
        ^^^^^^^^^^^^^^^
  File "C:\Users\Dean\source\repos\deanable\synapic.net\build\_python\win-x64\python\Lib\subprocess.py", line 548, in run
    with Popen(*popenargs, **kwargs) as process:
         ^^^^^^^^^^^^^^^^^^^^^^^^^^^
  File "C:\Users\Dean\source\repos\deanable\synapic.net\build\_python\win-x64\python\Lib\subprocess.py", line 1026, in __init__
    self._execute_child(args, executable, preexec_fn, close_fds,
  File "C:\Users\Dean\source\repos\deanable\synapic.net\build\_python\win-x64\python\Lib\subprocess.py", line 1538, in _execute_child
    hp, ht, pid, tid = _winapi.CreateProcess(executable, args,
                       ^^^^^^^^^^^^^^^^^^^^^^^^^^^^^^^^^^^^^^^
FileNotFoundError: [WinError 2] The system cannot find the file specified
156253 INFO: Executing: strip C:\Users\Dean\AppData\Local\pyinstaller\bincache10py31164bit\av.libs\swresample-6-0158536d5c4197d7d623445553ce9472.dll
156255 WARNING: Failed to run strip on 'C:\\Users\\Dean\\AppData\\Local\\pyinstaller\\bincache10py31164bit\\av.libs\\swresample-6-0158536d5c4197d7d623445553ce9472.dll'!
Traceback (most recent call last):
  File "C:\Users\Dean\source\repos\deanable\synapic.net\build\_python\win-x64\python\Lib\site-packages\PyInstaller\building\utils.py", line 250, in process_collected_binary
    p = subprocess.run(
        ^^^^^^^^^^^^^^^
  File "C:\Users\Dean\source\repos\deanable\synapic.net\build\_python\win-x64\python\Lib\subprocess.py", line 548, in run
    with Popen(*popenargs, **kwargs) as process:
         ^^^^^^^^^^^^^^^^^^^^^^^^^^^
  File "C:\Users\Dean\source\repos\deanable\synapic.net\build\_python\win-x64\python\Lib\subprocess.py", line 1026, in __init__
    self._execute_child(args, executable, preexec_fn, close_fds,
  File "C:\Users\Dean\source\repos\deanable\synapic.net\build\_python\win-x64\python\Lib\subprocess.py", line 1538, in _execute_child
    hp, ht, pid, tid = _winapi.CreateProcess(executable, args,
                       ^^^^^^^^^^^^^^^^^^^^^^^^^^^^^^^^^^^^^^^
FileNotFoundError: [WinError 2] The system cannot find the file specified
156264 INFO: Executing: strip C:\Users\Dean\AppData\Local\pyinstaller\bincache10py31164bit\av.libs\libwebp-4bf4e57964c7a01c09ce39470d6b67ca.dll
156265 WARNING: Failed to run strip on 'C:\\Users\\Dean\\AppData\\Local\\pyinstaller\\bincache10py31164bit\\av.libs\\libwebp-4bf4e57964c7a01c09ce39470d6b67ca.dll'!
Traceback (most recent call last):
  File "C:\Users\Dean\source\repos\deanable\synapic.net\build\_python\win-x64\python\Lib\site-packages\PyInstaller\building\utils.py", line 250, in process_collected_binary
    p = subprocess.run(
        ^^^^^^^^^^^^^^^
  File "C:\Users\Dean\source\repos\deanable\synapic.net\build\_python\win-x64\python\Lib\subprocess.py", line 548, in run
    with Popen(*popenargs, **kwargs) as process:
         ^^^^^^^^^^^^^^^^^^^^^^^^^^^
  File "C:\Users\Dean\source\repos\deanable\synapic.net\build\_python\win-x64\python\Lib\subprocess.py", line 1026, in __init__
    self._execute_child(args, executable, preexec_fn, close_fds,
  File "C:\Users\Dean\source\repos\deanable\synapic.net\build\_python\win-x64\python\Lib\subprocess.py", line 1538, in _execute_child
    hp, ht, pid, tid = _winapi.CreateProcess(executable, args,
                       ^^^^^^^^^^^^^^^^^^^^^^^^^^^^^^^^^^^^^^^
FileNotFoundError: [WinError 2] The system cannot find the file specified
156307 INFO: Executing: strip C:\Users\Dean\AppData\Local\pyinstaller\bincache10py31164bit\av.libs\avfilter-11-aef80fc767dc77e0319469b5bdcdf998.dll
156309 WARNING: Failed to run strip on 'C:\\Users\\Dean\\AppData\\Local\\pyinstaller\\bincache10py31164bit\\av.libs\\avfilter-11-aef80fc767dc77e0319469b5bdcdf998.dll'!
Traceback (most recent call last):
  File "C:\Users\Dean\source\repos\deanable\synapic.net\build\_python\win-x64\python\Lib\site-packages\PyInstaller\building\utils.py", line 250, in process_collected_binary
    p = subprocess.run(
        ^^^^^^^^^^^^^^^
  File "C:\Users\Dean\source\repos\deanable\synapic.net\build\_python\win-x64\python\Lib\subprocess.py", line 548, in run
    with Popen(*popenargs, **kwargs) as process:
         ^^^^^^^^^^^^^^^^^^^^^^^^^^^
  File "C:\Users\Dean\source\repos\deanable\synapic.net\build\_python\win-x64\python\Lib\subprocess.py", line 1026, in __init__
    self._execute_child(args, executable, preexec_fn, close_fds,
  File "C:\Users\Dean\source\repos\deanable\synapic.net\build\_python\win-x64\python\Lib\subprocess.py", line 1538, in _execute_child
    hp, ht, pid, tid = _winapi.CreateProcess(executable, args,
                       ^^^^^^^^^^^^^^^^^^^^^^^^^^^^^^^^^^^^^^^
FileNotFoundError: [WinError 2] The system cannot find the file specified
156318 INFO: Executing: strip C:\Users\Dean\AppData\Local\pyinstaller\bincache10py31164bit\av.libs\libiconv-2-6ce5f4ff92ada49d6f23a8e413455502.dll
156318 WARNING: Failed to run strip on 'C:\\Users\\Dean\\AppData\\Local\\pyinstaller\\bincache10py31164bit\\av.libs\\libiconv-2-6ce5f4ff92ada49d6f23a8e413455502.dll'!
Traceback (most recent call last):
  File "C:\Users\Dean\source\repos\deanable\synapic.net\build\_python\win-x64\python\Lib\site-packages\PyInstaller\building\utils.py", line 250, in process_collected_binary
    p = subprocess.run(
        ^^^^^^^^^^^^^^^
  File "C:\Users\Dean\source\repos\deanable\synapic.net\build\_python\win-x64\python\Lib\subprocess.py", line 548, in run
    with Popen(*popenargs, **kwargs) as process:
         ^^^^^^^^^^^^^^^^^^^^^^^^^^^
  File "C:\Users\Dean\source\repos\deanable\synapic.net\build\_python\win-x64\python\Lib\subprocess.py", line 1026, in __init__
    self._execute_child(args, executable, preexec_fn, close_fds,
  File "C:\Users\Dean\source\repos\deanable\synapic.net\build\_python\win-x64\python\Lib\subprocess.py", line 1538, in _execute_child
    hp, ht, pid, tid = _winapi.CreateProcess(executable, args,
                       ^^^^^^^^^^^^^^^^^^^^^^^^^^^^^^^^^^^^^^^
FileNotFoundError: [WinError 2] The system cannot find the file specified
156333 INFO: Executing: strip C:\Users\Dean\AppData\Local\pyinstaller\bincache10py31164bit\av.libs\swscale-9-0c9886c118598c54e159ef2267ff99f3.dll
156334 WARNING: Failed to run strip on 'C:\\Users\\Dean\\AppData\\Local\\pyinstaller\\bincache10py31164bit\\av.libs\\swscale-9-0c9886c118598c54e159ef2267ff99f3.dll'!
Traceback (most recent call last):
  File "C:\Users\Dean\source\repos\deanable\synapic.net\build\_python\win-x64\python\Lib\site-packages\PyInstaller\building\utils.py", line 250, in process_collected_binary
    p = subprocess.run(
        ^^^^^^^^^^^^^^^
  File "C:\Users\Dean\source\repos\deanable\synapic.net\build\_python\win-x64\python\Lib\subprocess.py", line 548, in run
    with Popen(*popenargs, **kwargs) as process:
         ^^^^^^^^^^^^^^^^^^^^^^^^^^^
  File "C:\Users\Dean\source\repos\deanable\synapic.net\build\_python\win-x64\python\Lib\subprocess.py", line 1026, in __init__
    self._execute_child(args, executable, preexec_fn, close_fds,
  File "C:\Users\Dean\source\repos\deanable\synapic.net\build\_python\win-x64\python\Lib\subprocess.py", line 1538, in _execute_child
    hp, ht, pid, tid = _winapi.CreateProcess(executable, args,
                       ^^^^^^^^^^^^^^^^^^^^^^^^^^^^^^^^^^^^^^^
FileNotFoundError: [WinError 2] The system cannot find the file specified
156337 INFO: Executing: strip C:\Users\Dean\AppData\Local\pyinstaller\bincache10py31164bit\av.libs\libwinpthread-1-02332fab016bf884a2a7a7b2ece22ffe.dll
156338 WARNING: Failed to run strip on 'C:\\Users\\Dean\\AppData\\Local\\pyinstaller\\bincache10py31164bit\\av.libs\\libwinpthread-1-02332fab016bf884a2a7a7b2ece22ffe.dll'!
Traceback (most recent call last):
  File "C:\Users\Dean\source\repos\deanable\synapic.net\build\_python\win-x64\python\Lib\site-packages\PyInstaller\building\utils.py", line 250, in process_collected_binary
    p = subprocess.run(
        ^^^^^^^^^^^^^^^
  File "C:\Users\Dean\source\repos\deanable\synapic.net\build\_python\win-x64\python\Lib\subprocess.py", line 548, in run
    with Popen(*popenargs, **kwargs) as process:
         ^^^^^^^^^^^^^^^^^^^^^^^^^^^
  File "C:\Users\Dean\source\repos\deanable\synapic.net\build\_python\win-x64\python\Lib\subprocess.py", line 1026, in __init__
    self._execute_child(args, executable, preexec_fn, close_fds,
  File "C:\Users\Dean\source\repos\deanable\synapic.net\build\_python\win-x64\python\Lib\subprocess.py", line 1538, in _execute_child
    hp, ht, pid, tid = _winapi.CreateProcess(executable, args,
                       ^^^^^^^^^^^^^^^^^^^^^^^^^^^^^^^^^^^^^^^
FileNotFoundError: [WinError 2] The system cannot find the file specified
156358 INFO: Executing: strip C:\Users\Dean\AppData\Local\pyinstaller\bincache10py31164bit\av.libs\libdav1d-959ebc1340f7dfcbcf8e299a26281738.dll
156360 WARNING: Failed to run strip on 'C:\\Users\\Dean\\AppData\\Local\\pyinstaller\\bincache10py31164bit\\av.libs\\libdav1d-959ebc1340f7dfcbcf8e299a26281738.dll'!
Traceback (most recent call last):
  File "C:\Users\Dean\source\repos\deanable\synapic.net\build\_python\win-x64\python\Lib\site-packages\PyInstaller\building\utils.py", line 250, in process_collected_binary
    p = subprocess.run(
        ^^^^^^^^^^^^^^^
  File "C:\Users\Dean\source\repos\deanable\synapic.net\build\_python\win-x64\python\Lib\subprocess.py", line 548, in run
    with Popen(*popenargs, **kwargs) as process:
         ^^^^^^^^^^^^^^^^^^^^^^^^^^^
  File "C:\Users\Dean\source\repos\deanable\synapic.net\build\_python\win-x64\python\Lib\subprocess.py", line 1026, in __init__
    self._execute_child(args, executable, preexec_fn, close_fds,
  File "C:\Users\Dean\source\repos\deanable\synapic.net\build\_python\win-x64\python\Lib\subprocess.py", line 1538, in _execute_child
    hp, ht, pid, tid = _winapi.CreateProcess(executable, args,
                       ^^^^^^^^^^^^^^^^^^^^^^^^^^^^^^^^^^^^^^^
FileNotFoundError: [WinError 2] The system cannot find the file specified
156395 INFO: Executing: strip C:\Users\Dean\AppData\Local\pyinstaller\bincache10py31164bit\av.libs\libstdc++-6-2d5c346d47ad531ef9f5185db0e8cef3.dll
156396 WARNING: Failed to run strip on 'C:\\Users\\Dean\\AppData\\Local\\pyinstaller\\bincache10py31164bit\\av.libs\\libstdc++-6-2d5c346d47ad531ef9f5185db0e8cef3.dll'!
Traceback (most recent call last):
  File "C:\Users\Dean\source\repos\deanable\synapic.net\build\_python\win-x64\python\Lib\site-packages\PyInstaller\building\utils.py", line 250, in process_collected_binary
    p = subprocess.run(
        ^^^^^^^^^^^^^^^
  File "C:\Users\Dean\source\repos\deanable\synapic.net\build\_python\win-x64\python\Lib\subprocess.py", line 548, in run
    with Popen(*popenargs, **kwargs) as process:
         ^^^^^^^^^^^^^^^^^^^^^^^^^^^
  File "C:\Users\Dean\source\repos\deanable\synapic.net\build\_python\win-x64\python\Lib\subprocess.py", line 1026, in __init__
    self._execute_child(args, executable, preexec_fn, close_fds,
  File "C:\Users\Dean\source\repos\deanable\synapic.net\build\_python\win-x64\python\Lib\subprocess.py", line 1538, in _execute_child
    hp, ht, pid, tid = _winapi.CreateProcess(executable, args,
                       ^^^^^^^^^^^^^^^^^^^^^^^^^^^^^^^^^^^^^^^
FileNotFoundError: [WinError 2] The system cannot find the file specified
156447 INFO: Executing: strip C:\Users\Dean\AppData\Local\pyinstaller\bincache10py31164bit\av.libs\libSvtAv1Enc-c4dd99c98ddcdb013e820dbd68a30e26.dll
156448 WARNING: Failed to run strip on 'C:\\Users\\Dean\\AppData\\Local\\pyinstaller\\bincache10py31164bit\\av.libs\\libSvtAv1Enc-c4dd99c98ddcdb013e820dbd68a30e26.dll'!
Traceback (most recent call last):
  File "C:\Users\Dean\source\repos\deanable\synapic.net\build\_python\win-x64\python\Lib\site-packages\PyInstaller\building\utils.py", line 250, in process_collected_binary
    p = subprocess.run(
        ^^^^^^^^^^^^^^^
  File "C:\Users\Dean\source\repos\deanable\synapic.net\build\_python\win-x64\python\Lib\subprocess.py", line 548, in run
    with Popen(*popenargs, **kwargs) as process:
         ^^^^^^^^^^^^^^^^^^^^^^^^^^^
  File "C:\Users\Dean\source\repos\deanable\synapic.net\build\_python\win-x64\python\Lib\subprocess.py", line 1026, in __init__
    self._execute_child(args, executable, preexec_fn, close_fds,
  File "C:\Users\Dean\source\repos\deanable\synapic.net\build\_python\win-x64\python\Lib\subprocess.py", line 1538, in _execute_child
    hp, ht, pid, tid = _winapi.CreateProcess(executable, args,
                       ^^^^^^^^^^^^^^^^^^^^^^^^^^^^^^^^^^^^^^^
FileNotFoundError: [WinError 2] The system cannot find the file specified
156457 INFO: Executing: strip C:\Users\Dean\AppData\Local\pyinstaller\bincache10py31164bit\av.libs\libmp3lame-0-da02696cc34a9bbc1d1d4f67a85cfbef.dll
156457 WARNING: Failed to run strip on 'C:\\Users\\Dean\\AppData\\Local\\pyinstaller\\bincache10py31164bit\\av.libs\\libmp3lame-0-da02696cc34a9bbc1d1d4f67a85cfbef.dll'!
Traceback (most recent call last):
  File "C:\Users\Dean\source\repos\deanable\synapic.net\build\_python\win-x64\python\Lib\site-packages\PyInstaller\building\utils.py", line 250, in process_collected_binary
    p = subprocess.run(
        ^^^^^^^^^^^^^^^
  File "C:\Users\Dean\source\repos\deanable\synapic.net\build\_python\win-x64\python\Lib\subprocess.py", line 548, in run
    with Popen(*popenargs, **kwargs) as process:
         ^^^^^^^^^^^^^^^^^^^^^^^^^^^
  File "C:\Users\Dean\source\repos\deanable\synapic.net\build\_python\win-x64\python\Lib\subprocess.py", line 1026, in __init__
    self._execute_child(args, executable, preexec_fn, close_fds,
  File "C:\Users\Dean\source\repos\deanable\synapic.net\build\_python\win-x64\python\Lib\subprocess.py", line 1538, in _execute_child
    hp, ht, pid, tid = _winapi.CreateProcess(executable, args,
                       ^^^^^^^^^^^^^^^^^^^^^^^^^^^^^^^^^^^^^^^
FileNotFoundError: [WinError 2] The system cannot find the file specified
156467 INFO: Executing: strip C:\Users\Dean\AppData\Local\pyinstaller\bincache10py31164bit\torch\lib\c10.dll
156468 WARNING: Failed to run strip on 'C:\\Users\\Dean\\AppData\\Local\\pyinstaller\\bincache10py31164bit\\torch\\lib\\c10.dll'!
Traceback (most recent call last):
  File "C:\Users\Dean\source\repos\deanable\synapic.net\build\_python\win-x64\python\Lib\site-packages\PyInstaller\building\utils.py", line 250, in process_collected_binary
    p = subprocess.run(
        ^^^^^^^^^^^^^^^
  File "C:\Users\Dean\source\repos\deanable\synapic.net\build\_python\win-x64\python\Lib\subprocess.py", line 548, in run
    with Popen(*popenargs, **kwargs) as process:
         ^^^^^^^^^^^^^^^^^^^^^^^^^^^
  File "C:\Users\Dean\source\repos\deanable\synapic.net\build\_python\win-x64\python\Lib\subprocess.py", line 1026, in __init__
    self._execute_child(args, executable, preexec_fn, close_fds,
  File "C:\Users\Dean\source\repos\deanable\synapic.net\build\_python\win-x64\python\Lib\subprocess.py", line 1538, in _execute_child
    hp, ht, pid, tid = _winapi.CreateProcess(executable, args,
                       ^^^^^^^^^^^^^^^^^^^^^^^^^^^^^^^^^^^^^^^
FileNotFoundError: [WinError 2] The system cannot find the file specified
156472 INFO: Executing: strip C:\Users\Dean\AppData\Local\pyinstaller\bincache10py31164bit\torch\lib\torch_global_deps.dll
156473 WARNING: Failed to run strip on 'C:\\Users\\Dean\\AppData\\Local\\pyinstaller\\bincache10py31164bit\\torch\\lib\\torch_global_deps.dll'!
Traceback (most recent call last):
  File "C:\Users\Dean\source\repos\deanable\synapic.net\build\_python\win-x64\python\Lib\site-packages\PyInstaller\building\utils.py", line 250, in process_collected_binary
    p = subprocess.run(
        ^^^^^^^^^^^^^^^
  File "C:\Users\Dean\source\repos\deanable\synapic.net\build\_python\win-x64\python\Lib\subprocess.py", line 548, in run
    with Popen(*popenargs, **kwargs) as process:
         ^^^^^^^^^^^^^^^^^^^^^^^^^^^
  File "C:\Users\Dean\source\repos\deanable\synapic.net\build\_python\win-x64\python\Lib\subprocess.py", line 1026, in __init__
    self._execute_child(args, executable, preexec_fn, close_fds,
  File "C:\Users\Dean\source\repos\deanable\synapic.net\build\_python\win-x64\python\Lib\subprocess.py", line 1538, in _execute_child
    hp, ht, pid, tid = _winapi.CreateProcess(executable, args,
                       ^^^^^^^^^^^^^^^^^^^^^^^^^^^^^^^^^^^^^^^
FileNotFoundError: [WinError 2] The system cannot find the file specified
156479 INFO: Executing: strip C:\Users\Dean\AppData\Local\pyinstaller\bincache10py31164bit\torch\lib\uv.dll
156480 WARNING: Failed to run strip on 'C:\\Users\\Dean\\AppData\\Local\\pyinstaller\\bincache10py31164bit\\torch\\lib\\uv.dll'!
Traceback (most recent call last):
  File "C:\Users\Dean\source\repos\deanable\synapic.net\build\_python\win-x64\python\Lib\site-packages\PyInstaller\building\utils.py", line 250, in process_collected_binary
    p = subprocess.run(
        ^^^^^^^^^^^^^^^
  File "C:\Users\Dean\source\repos\deanable\synapic.net\build\_python\win-x64\python\Lib\subprocess.py", line 548, in run
    with Popen(*popenargs, **kwargs) as process:
         ^^^^^^^^^^^^^^^^^^^^^^^^^^^
  File "C:\Users\Dean\source\repos\deanable\synapic.net\build\_python\win-x64\python\Lib\subprocess.py", line 1026, in __init__
    self._execute_child(args, executable, preexec_fn, close_fds,
  File "C:\Users\Dean\source\repos\deanable\synapic.net\build\_python\win-x64\python\Lib\subprocess.py", line 1538, in _execute_child
    hp, ht, pid, tid = _winapi.CreateProcess(executable, args,
                       ^^^^^^^^^^^^^^^^^^^^^^^^^^^^^^^^^^^^^^^
FileNotFoundError: [WinError 2] The system cannot find the file specified
157491 INFO: Executing: strip C:\Users\Dean\AppData\Local\pyinstaller\bincache10py31164bit\torch\lib\torch_cpu.dll
157493 WARNING: Failed to run strip on 'C:\\Users\\Dean\\AppData\\Local\\pyinstaller\\bincache10py31164bit\\torch\\lib\\torch_cpu.dll'!
Traceback (most recent call last):
  File "C:\Users\Dean\source\repos\deanable\synapic.net\build\_python\win-x64\python\Lib\site-packages\PyInstaller\building\utils.py", line 250, in process_collected_binary
    p = subprocess.run(
        ^^^^^^^^^^^^^^^
  File "C:\Users\Dean\source\repos\deanable\synapic.net\build\_python\win-x64\python\Lib\subprocess.py", line 548, in run
    with Popen(*popenargs, **kwargs) as process:
         ^^^^^^^^^^^^^^^^^^^^^^^^^^^
  File "C:\Users\Dean\source\repos\deanable\synapic.net\build\_python\win-x64\python\Lib\subprocess.py", line 1026, in __init__
    self._execute_child(args, executable, preexec_fn, close_fds,
  File "C:\Users\Dean\source\repos\deanable\synapic.net\build\_python\win-x64\python\Lib\subprocess.py", line 1538, in _execute_child
    hp, ht, pid, tid = _winapi.CreateProcess(executable, args,
                       ^^^^^^^^^^^^^^^^^^^^^^^^^^^^^^^^^^^^^^^
FileNotFoundError: [WinError 2] The system cannot find the file specified
157498 INFO: Executing: strip C:\Users\Dean\AppData\Local\pyinstaller\bincache10py31164bit\torch\lib\libiompstubs5md.dll
157499 WARNING: Failed to run strip on 'C:\\Users\\Dean\\AppData\\Local\\pyinstaller\\bincache10py31164bit\\torch\\lib\\libiompstubs5md.dll'!
Traceback (most recent call last):
  File "C:\Users\Dean\source\repos\deanable\synapic.net\build\_python\win-x64\python\Lib\site-packages\PyInstaller\building\utils.py", line 250, in process_collected_binary
    p = subprocess.run(
        ^^^^^^^^^^^^^^^
  File "C:\Users\Dean\source\repos\deanable\synapic.net\build\_python\win-x64\python\Lib\subprocess.py", line 548, in run
    with Popen(*popenargs, **kwargs) as process:
         ^^^^^^^^^^^^^^^^^^^^^^^^^^^
  File "C:\Users\Dean\source\repos\deanable\synapic.net\build\_python\win-x64\python\Lib\subprocess.py", line 1026, in __init__
    self._execute_child(args, executable, preexec_fn, close_fds,
  File "C:\Users\Dean\source\repos\deanable\synapic.net\build\_python\win-x64\python\Lib\subprocess.py", line 1538, in _execute_child
    hp, ht, pid, tid = _winapi.CreateProcess(executable, args,
                       ^^^^^^^^^^^^^^^^^^^^^^^^^^^^^^^^^^^^^^^
FileNotFoundError: [WinError 2] The system cannot find the file specified
157502 INFO: Executing: strip C:\Users\Dean\AppData\Local\pyinstaller\bincache10py31164bit\torch\lib\torch.dll
157502 WARNING: Failed to run strip on 'C:\\Users\\Dean\\AppData\\Local\\pyinstaller\\bincache10py31164bit\\torch\\lib\\torch.dll'!
Traceback (most recent call last):
  File "C:\Users\Dean\source\repos\deanable\synapic.net\build\_python\win-x64\python\Lib\site-packages\PyInstaller\building\utils.py", line 250, in process_collected_binary
    p = subprocess.run(
        ^^^^^^^^^^^^^^^
  File "C:\Users\Dean\source\repos\deanable\synapic.net\build\_python\win-x64\python\Lib\subprocess.py", line 548, in run
    with Popen(*popenargs, **kwargs) as process:
         ^^^^^^^^^^^^^^^^^^^^^^^^^^^
  File "C:\Users\Dean\source\repos\deanable\synapic.net\build\_python\win-x64\python\Lib\subprocess.py", line 1026, in __init__
    self._execute_child(args, executable, preexec_fn, close_fds,
  File "C:\Users\Dean\source\repos\deanable\synapic.net\build\_python\win-x64\python\Lib\subprocess.py", line 1538, in _execute_child
    hp, ht, pid, tid = _winapi.CreateProcess(executable, args,
                       ^^^^^^^^^^^^^^^^^^^^^^^^^^^^^^^^^^^^^^^
FileNotFoundError: [WinError 2] The system cannot find the file specified
157520 INFO: Executing: strip C:\Users\Dean\AppData\Local\pyinstaller\bincache10py31164bit\torch\lib\libiomp5md.dll
157521 WARNING: Failed to run strip on 'C:\\Users\\Dean\\AppData\\Local\\pyinstaller\\bincache10py31164bit\\torch\\lib\\libiomp5md.dll'!
Traceback (most recent call last):
  File "C:\Users\Dean\source\repos\deanable\synapic.net\build\_python\win-x64\python\Lib\site-packages\PyInstaller\building\utils.py", line 250, in process_collected_binary
    p = subprocess.run(
        ^^^^^^^^^^^^^^^
  File "C:\Users\Dean\source\repos\deanable\synapic.net\build\_python\win-x64\python\Lib\subprocess.py", line 548, in run
    with Popen(*popenargs, **kwargs) as process:
         ^^^^^^^^^^^^^^^^^^^^^^^^^^^
  File "C:\Users\Dean\source\repos\deanable\synapic.net\build\_python\win-x64\python\Lib\subprocess.py", line 1026, in __init__
    self._execute_child(args, executable, preexec_fn, close_fds,
  File "C:\Users\Dean\source\repos\deanable\synapic.net\build\_python\win-x64\python\Lib\subprocess.py", line 1538, in _execute_child
    hp, ht, pid, tid = _winapi.CreateProcess(executable, args,
                       ^^^^^^^^^^^^^^^^^^^^^^^^^^^^^^^^^^^^^^^
FileNotFoundError: [WinError 2] The system cannot find the file specified
157536 INFO: Executing: strip C:\Users\Dean\AppData\Local\pyinstaller\bincache10py31164bit\torch\bin\protoc.exe
157537 WARNING: Failed to run strip on 'C:\\Users\\Dean\\AppData\\Local\\pyinstaller\\bincache10py31164bit\\torch\\bin\\protoc.exe'!
Traceback (most recent call last):
  File "C:\Users\Dean\source\repos\deanable\synapic.net\build\_python\win-x64\python\Lib\site-packages\PyInstaller\building\utils.py", line 250, in process_collected_binary
    p = subprocess.run(
        ^^^^^^^^^^^^^^^
  File "C:\Users\Dean\source\repos\deanable\synapic.net\build\_python\win-x64\python\Lib\subprocess.py", line 548, in run
    with Popen(*popenargs, **kwargs) as process:
         ^^^^^^^^^^^^^^^^^^^^^^^^^^^
  File "C:\Users\Dean\source\repos\deanable\synapic.net\build\_python\win-x64\python\Lib\subprocess.py", line 1026, in __init__
    self._execute_child(args, executable, preexec_fn, close_fds,
  File "C:\Users\Dean\source\repos\deanable\synapic.net\build\_python\win-x64\python\Lib\subprocess.py", line 1538, in _execute_child
    hp, ht, pid, tid = _winapi.CreateProcess(executable, args,
                       ^^^^^^^^^^^^^^^^^^^^^^^^^^^^^^^^^^^^^^^
FileNotFoundError: [WinError 2] The system cannot find the file specified
157821 INFO: Executing: strip C:\Users\Dean\AppData\Local\pyinstaller\bincache10py31164bit\torch\lib\torch_python.dll
157824 WARNING: Failed to run strip on 'C:\\Users\\Dean\\AppData\\Local\\pyinstaller\\bincache10py31164bit\\torch\\lib\\torch_python.dll'!
Traceback (most recent call last):
  File "C:\Users\Dean\source\repos\deanable\synapic.net\build\_python\win-x64\python\Lib\site-packages\PyInstaller\building\utils.py", line 250, in process_collected_binary
    p = subprocess.run(
        ^^^^^^^^^^^^^^^
  File "C:\Users\Dean\source\repos\deanable\synapic.net\build\_python\win-x64\python\Lib\subprocess.py", line 548, in run
    with Popen(*popenargs, **kwargs) as process:
         ^^^^^^^^^^^^^^^^^^^^^^^^^^^
  File "C:\Users\Dean\source\repos\deanable\synapic.net\build\_python\win-x64\python\Lib\subprocess.py", line 1026, in __init__
    self._execute_child(args, executable, preexec_fn, close_fds,
  File "C:\Users\Dean\source\repos\deanable\synapic.net\build\_python\win-x64\python\Lib\subprocess.py", line 1538, in _execute_child
    hp, ht, pid, tid = _winapi.CreateProcess(executable, args,
                       ^^^^^^^^^^^^^^^^^^^^^^^^^^^^^^^^^^^^^^^
FileNotFoundError: [WinError 2] The system cannot find the file specified
157836 INFO: Executing: strip C:\Users\Dean\AppData\Local\pyinstaller\bincache10py31164bit\torch\lib\shm.dll
157839 WARNING: Failed to run strip on 'C:\\Users\\Dean\\AppData\\Local\\pyinstaller\\bincache10py31164bit\\torch\\lib\\shm.dll'!
Traceback (most recent call last):
  File "C:\Users\Dean\source\repos\deanable\synapic.net\build\_python\win-x64\python\Lib\site-packages\PyInstaller\building\utils.py", line 250, in process_collected_binary
    p = subprocess.run(
        ^^^^^^^^^^^^^^^
  File "C:\Users\Dean\source\repos\deanable\synapic.net\build\_python\win-x64\python\Lib\subprocess.py", line 548, in run
    with Popen(*popenargs, **kwargs) as process:
         ^^^^^^^^^^^^^^^^^^^^^^^^^^^
  File "C:\Users\Dean\source\repos\deanable\synapic.net\build\_python\win-x64\python\Lib\subprocess.py", line 1026, in __init__
    self._execute_child(args, executable, preexec_fn, close_fds,
  File "C:\Users\Dean\source\repos\deanable\synapic.net\build\_python\win-x64\python\Lib\subprocess.py", line 1538, in _execute_child
    hp, ht, pid, tid = _winapi.CreateProcess(executable, args,
                       ^^^^^^^^^^^^^^^^^^^^^^^^^^^^^^^^^^^^^^^
FileNotFoundError: [WinError 2] The system cannot find the file specified
157886 INFO: Executing: strip C:\Users\Dean\AppData\Local\pyinstaller\bincache10py31164bit\python311.dll
157887 WARNING: Failed to run strip on 'C:\\Users\\Dean\\AppData\\Local\\pyinstaller\\bincache10py31164bit\\python311.dll'!
Traceback (most recent call last):
  File "C:\Users\Dean\source\repos\deanable\synapic.net\build\_python\win-x64\python\Lib\site-packages\PyInstaller\building\utils.py", line 250, in process_collected_binary
    p = subprocess.run(
        ^^^^^^^^^^^^^^^
  File "C:\Users\Dean\source\repos\deanable\synapic.net\build\_python\win-x64\python\Lib\subprocess.py", line 548, in run
    with Popen(*popenargs, **kwargs) as process:
         ^^^^^^^^^^^^^^^^^^^^^^^^^^^
  File "C:\Users\Dean\source\repos\deanable\synapic.net\build\_python\win-x64\python\Lib\subprocess.py", line 1026, in __init__
    self._execute_child(args, executable, preexec_fn, close_fds,
  File "C:\Users\Dean\source\repos\deanable\synapic.net\build\_python\win-x64\python\Lib\subprocess.py", line 1538, in _execute_child
    hp, ht, pid, tid = _winapi.CreateProcess(executable, args,
                       ^^^^^^^^^^^^^^^^^^^^^^^^^^^^^^^^^^^^^^^
FileNotFoundError: [WinError 2] The system cannot find the file specified
157896 INFO: Executing: strip C:\Users\Dean\AppData\Local\pyinstaller\bincache10py31164bit\numpy.libs\msvcp140-a4c2229bdc2a2a630acdc095b4d86008.dll
157898 WARNING: Failed to run strip on 'C:\\Users\\Dean\\AppData\\Local\\pyinstaller\\bincache10py31164bit\\numpy.libs\\msvcp140-a4c2229bdc2a2a630acdc095b4d86008.dll'!
Traceback (most recent call last):
  File "C:\Users\Dean\source\repos\deanable\synapic.net\build\_python\win-x64\python\Lib\site-packages\PyInstaller\building\utils.py", line 250, in process_collected_binary
    p = subprocess.run(
        ^^^^^^^^^^^^^^^
  File "C:\Users\Dean\source\repos\deanable\synapic.net\build\_python\win-x64\python\Lib\subprocess.py", line 548, in run
    with Popen(*popenargs, **kwargs) as process:
         ^^^^^^^^^^^^^^^^^^^^^^^^^^^
  File "C:\Users\Dean\source\repos\deanable\synapic.net\build\_python\win-x64\python\Lib\subprocess.py", line 1026, in __init__
    self._execute_child(args, executable, preexec_fn, close_fds,
  File "C:\Users\Dean\source\repos\deanable\synapic.net\build\_python\win-x64\python\Lib\subprocess.py", line 1538, in _execute_child
    hp, ht, pid, tid = _winapi.CreateProcess(executable, args,
                       ^^^^^^^^^^^^^^^^^^^^^^^^^^^^^^^^^^^^^^^
FileNotFoundError: [WinError 2] The system cannot find the file specified
157987 INFO: Executing: strip C:\Users\Dean\AppData\Local\pyinstaller\bincache10py31164bit\numpy.libs\libscipy_openblas64_-63c857e738469261263c764a36be9436.dll
157989 WARNING: Failed to run strip on 'C:\\Users\\Dean\\AppData\\Local\\pyinstaller\\bincache10py31164bit\\numpy.libs\\libscipy_openblas64_-63c857e738469261263c764a36be9436.dll'!
Traceback (most recent call last):
  File "C:\Users\Dean\source\repos\deanable\synapic.net\build\_python\win-x64\python\Lib\site-packages\PyInstaller\building\utils.py", line 250, in process_collected_binary
    p = subprocess.run(
        ^^^^^^^^^^^^^^^
  File "C:\Users\Dean\source\repos\deanable\synapic.net\build\_python\win-x64\python\Lib\subprocess.py", line 548, in run
    with Popen(*popenargs, **kwargs) as process:
         ^^^^^^^^^^^^^^^^^^^^^^^^^^^
  File "C:\Users\Dean\source\repos\deanable\synapic.net\build\_python\win-x64\python\Lib\subprocess.py", line 1026, in __init__
    self._execute_child(args, executable, preexec_fn, close_fds,
  File "C:\Users\Dean\source\repos\deanable\synapic.net\build\_python\win-x64\python\Lib\subprocess.py", line 1538, in _execute_child
    hp, ht, pid, tid = _winapi.CreateProcess(executable, args,
                       ^^^^^^^^^^^^^^^^^^^^^^^^^^^^^^^^^^^^^^^
FileNotFoundError: [WinError 2] The system cannot find the file specified
157998 INFO: Executing: strip C:\Users\Dean\AppData\Local\pyinstaller\bincache10py31164bit\msvcp140.dll
158000 WARNING: Failed to run strip on 'C:\\Users\\Dean\\AppData\\Local\\pyinstaller\\bincache10py31164bit\\msvcp140.dll'!
Traceback (most recent call last):
  File "C:\Users\Dean\source\repos\deanable\synapic.net\build\_python\win-x64\python\Lib\site-packages\PyInstaller\building\utils.py", line 250, in process_collected_binary
    p = subprocess.run(
        ^^^^^^^^^^^^^^^
  File "C:\Users\Dean\source\repos\deanable\synapic.net\build\_python\win-x64\python\Lib\subprocess.py", line 548, in run
    with Popen(*popenargs, **kwargs) as process:
         ^^^^^^^^^^^^^^^^^^^^^^^^^^^
  File "C:\Users\Dean\source\repos\deanable\synapic.net\build\_python\win-x64\python\Lib\subprocess.py", line 1026, in __init__
    self._execute_child(args, executable, preexec_fn, close_fds,
  File "C:\Users\Dean\source\repos\deanable\synapic.net\build\_python\win-x64\python\Lib\subprocess.py", line 1538, in _execute_child
    hp, ht, pid, tid = _winapi.CreateProcess(executable, args,
                       ^^^^^^^^^^^^^^^^^^^^^^^^^^^^^^^^^^^^^^^
FileNotFoundError: [WinError 2] The system cannot find the file specified
158005 INFO: Executing: strip C:\Users\Dean\AppData\Local\pyinstaller\bincache10py31164bit\vcruntime140_1.dll
158006 WARNING: Failed to run strip on 'C:\\Users\\Dean\\AppData\\Local\\pyinstaller\\bincache10py31164bit\\vcruntime140_1.dll'!
Traceback (most recent call last):
  File "C:\Users\Dean\source\repos\deanable\synapic.net\build\_python\win-x64\python\Lib\site-packages\PyInstaller\building\utils.py", line 250, in process_collected_binary
    p = subprocess.run(
        ^^^^^^^^^^^^^^^
  File "C:\Users\Dean\source\repos\deanable\synapic.net\build\_python\win-x64\python\Lib\subprocess.py", line 548, in run
    with Popen(*popenargs, **kwargs) as process:
         ^^^^^^^^^^^^^^^^^^^^^^^^^^^
  File "C:\Users\Dean\source\repos\deanable\synapic.net\build\_python\win-x64\python\Lib\subprocess.py", line 1026, in __init__
    self._execute_child(args, executable, preexec_fn, close_fds,
  File "C:\Users\Dean\source\repos\deanable\synapic.net\build\_python\win-x64\python\Lib\subprocess.py", line 1538, in _execute_child
    hp, ht, pid, tid = _winapi.CreateProcess(executable, args,
                       ^^^^^^^^^^^^^^^^^^^^^^^^^^^^^^^^^^^^^^^
FileNotFoundError: [WinError 2] The system cannot find the file specified
158011 INFO: Executing: strip C:\Users\Dean\AppData\Local\pyinstaller\bincache10py31164bit\vcruntime140.dll
158013 WARNING: Failed to run strip on 'C:\\Users\\Dean\\AppData\\Local\\pyinstaller\\bincache10py31164bit\\vcruntime140.dll'!
Traceback (most recent call last):
  File "C:\Users\Dean\source\repos\deanable\synapic.net\build\_python\win-x64\python\Lib\site-packages\PyInstaller\building\utils.py", line 250, in process_collected_binary
    p = subprocess.run(
        ^^^^^^^^^^^^^^^
  File "C:\Users\Dean\source\repos\deanable\synapic.net\build\_python\win-x64\python\Lib\subprocess.py", line 548, in run
    with Popen(*popenargs, **kwargs) as process:
         ^^^^^^^^^^^^^^^^^^^^^^^^^^^
  File "C:\Users\Dean\source\repos\deanable\synapic.net\build\_python\win-x64\python\Lib\subprocess.py", line 1026, in __init__
    self._execute_child(args, executable, preexec_fn, close_fds,
  File "C:\Users\Dean\source\repos\deanable\synapic.net\build\_python\win-x64\python\Lib\subprocess.py", line 1538, in _execute_child
    hp, ht, pid, tid = _winapi.CreateProcess(executable, args,
                       ^^^^^^^^^^^^^^^^^^^^^^^^^^^^^^^^^^^^^^^
FileNotFoundError: [WinError 2] The system cannot find the file specified
158019 INFO: Executing: strip C:\Users\Dean\AppData\Local\pyinstaller\bincache10py31164bit\_decimal.pyd
158020 WARNING: Failed to run strip on 'C:\\Users\\Dean\\AppData\\Local\\pyinstaller\\bincache10py31164bit\\_decimal.pyd'!
Traceback (most recent call last):
  File "C:\Users\Dean\source\repos\deanable\synapic.net\build\_python\win-x64\python\Lib\site-packages\PyInstaller\building\utils.py", line 250, in process_collected_binary
    p = subprocess.run(
        ^^^^^^^^^^^^^^^
  File "C:\Users\Dean\source\repos\deanable\synapic.net\build\_python\win-x64\python\Lib\subprocess.py", line 548, in run
    with Popen(*popenargs, **kwargs) as process:
         ^^^^^^^^^^^^^^^^^^^^^^^^^^^
  File "C:\Users\Dean\source\repos\deanable\synapic.net\build\_python\win-x64\python\Lib\subprocess.py", line 1026, in __init__
    self._execute_child(args, executable, preexec_fn, close_fds,
  File "C:\Users\Dean\source\repos\deanable\synapic.net\build\_python\win-x64\python\Lib\subprocess.py", line 1538, in _execute_child
    hp, ht, pid, tid = _winapi.CreateProcess(executable, args,
                       ^^^^^^^^^^^^^^^^^^^^^^^^^^^^^^^^^^^^^^^
FileNotFoundError: [WinError 2] The system cannot find the file specified
158024 INFO: Executing: strip C:\Users\Dean\AppData\Local\pyinstaller\bincache10py31164bit\_hashlib.pyd
158026 WARNING: Failed to run strip on 'C:\\Users\\Dean\\AppData\\Local\\pyinstaller\\bincache10py31164bit\\_hashlib.pyd'!
Traceback (most recent call last):
  File "C:\Users\Dean\source\repos\deanable\synapic.net\build\_python\win-x64\python\Lib\site-packages\PyInstaller\building\utils.py", line 250, in process_collected_binary
    p = subprocess.run(
        ^^^^^^^^^^^^^^^
  File "C:\Users\Dean\source\repos\deanable\synapic.net\build\_python\win-x64\python\Lib\subprocess.py", line 548, in run
    with Popen(*popenargs, **kwargs) as process:
         ^^^^^^^^^^^^^^^^^^^^^^^^^^^
  File "C:\Users\Dean\source\repos\deanable\synapic.net\build\_python\win-x64\python\Lib\subprocess.py", line 1026, in __init__
    self._execute_child(args, executable, preexec_fn, close_fds,
  File "C:\Users\Dean\source\repos\deanable\synapic.net\build\_python\win-x64\python\Lib\subprocess.py", line 1538, in _execute_child
    hp, ht, pid, tid = _winapi.CreateProcess(executable, args,
                       ^^^^^^^^^^^^^^^^^^^^^^^^^^^^^^^^^^^^^^^
FileNotFoundError: [WinError 2] The system cannot find the file specified
158034 INFO: Executing: strip C:\Users\Dean\AppData\Local\pyinstaller\bincache10py31164bit\unicodedata.pyd
158034 WARNING: Failed to run strip on 'C:\\Users\\Dean\\AppData\\Local\\pyinstaller\\bincache10py31164bit\\unicodedata.pyd'!
Traceback (most recent call last):
  File "C:\Users\Dean\source\repos\deanable\synapic.net\build\_python\win-x64\python\Lib\site-packages\PyInstaller\building\utils.py", line 250, in process_collected_binary
    p = subprocess.run(
        ^^^^^^^^^^^^^^^
  File "C:\Users\Dean\source\repos\deanable\synapic.net\build\_python\win-x64\python\Lib\subprocess.py", line 548, in run
    with Popen(*popenargs, **kwargs) as process:
         ^^^^^^^^^^^^^^^^^^^^^^^^^^^
  File "C:\Users\Dean\source\repos\deanable\synapic.net\build\_python\win-x64\python\Lib\subprocess.py", line 1026, in __init__
    self._execute_child(args, executable, preexec_fn, close_fds,
  File "C:\Users\Dean\source\repos\deanable\synapic.net\build\_python\win-x64\python\Lib\subprocess.py", line 1538, in _execute_child
    hp, ht, pid, tid = _winapi.CreateProcess(executable, args,
                       ^^^^^^^^^^^^^^^^^^^^^^^^^^^^^^^^^^^^^^^
FileNotFoundError: [WinError 2] The system cannot find the file specified
158040 INFO: Executing: strip C:\Users\Dean\AppData\Local\pyinstaller\bincache10py31164bit\_lzma.pyd
158041 WARNING: Failed to run strip on 'C:\\Users\\Dean\\AppData\\Local\\pyinstaller\\bincache10py31164bit\\_lzma.pyd'!
Traceback (most recent call last):
  File "C:\Users\Dean\source\repos\deanable\synapic.net\build\_python\win-x64\python\Lib\site-packages\PyInstaller\building\utils.py", line 250, in process_collected_binary
    p = subprocess.run(
        ^^^^^^^^^^^^^^^
  File "C:\Users\Dean\source\repos\deanable\synapic.net\build\_python\win-x64\python\Lib\subprocess.py", line 548, in run
    with Popen(*popenargs, **kwargs) as process:
         ^^^^^^^^^^^^^^^^^^^^^^^^^^^
  File "C:\Users\Dean\source\repos\deanable\synapic.net\build\_python\win-x64\python\Lib\subprocess.py", line 1026, in __init__
    self._execute_child(args, executable, preexec_fn, close_fds,
  File "C:\Users\Dean\source\repos\deanable\synapic.net\build\_python\win-x64\python\Lib\subprocess.py", line 1538, in _execute_child
    hp, ht, pid, tid = _winapi.CreateProcess(executable, args,
                       ^^^^^^^^^^^^^^^^^^^^^^^^^^^^^^^^^^^^^^^
FileNotFoundError: [WinError 2] The system cannot find the file specified
158044 INFO: Executing: strip C:\Users\Dean\AppData\Local\pyinstaller\bincache10py31164bit\_bz2.pyd
158045 WARNING: Failed to run strip on 'C:\\Users\\Dean\\AppData\\Local\\pyinstaller\\bincache10py31164bit\\_bz2.pyd'!
Traceback (most recent call last):
  File "C:\Users\Dean\source\repos\deanable\synapic.net\build\_python\win-x64\python\Lib\site-packages\PyInstaller\building\utils.py", line 250, in process_collected_binary
    p = subprocess.run(
        ^^^^^^^^^^^^^^^
  File "C:\Users\Dean\source\repos\deanable\synapic.net\build\_python\win-x64\python\Lib\subprocess.py", line 548, in run
    with Popen(*popenargs, **kwargs) as process:
         ^^^^^^^^^^^^^^^^^^^^^^^^^^^
  File "C:\Users\Dean\source\repos\deanable\synapic.net\build\_python\win-x64\python\Lib\subprocess.py", line 1026, in __init__
    self._execute_child(args, executable, preexec_fn, close_fds,
  File "C:\Users\Dean\source\repos\deanable\synapic.net\build\_python\win-x64\python\Lib\subprocess.py", line 1538, in _execute_child
    hp, ht, pid, tid = _winapi.CreateProcess(executable, args,
                       ^^^^^^^^^^^^^^^^^^^^^^^^^^^^^^^^^^^^^^^
FileNotFoundError: [WinError 2] The system cannot find the file specified
158049 INFO: Executing: strip C:\Users\Dean\AppData\Local\pyinstaller\bincache10py31164bit\_ctypes.pyd
158050 WARNING: Failed to run strip on 'C:\\Users\\Dean\\AppData\\Local\\pyinstaller\\bincache10py31164bit\\_ctypes.pyd'!
Traceback (most recent call last):
  File "C:\Users\Dean\source\repos\deanable\synapic.net\build\_python\win-x64\python\Lib\site-packages\PyInstaller\building\utils.py", line 250, in process_collected_binary
    p = subprocess.run(
        ^^^^^^^^^^^^^^^
  File "C:\Users\Dean\source\repos\deanable\synapic.net\build\_python\win-x64\python\Lib\subprocess.py", line 548, in run
    with Popen(*popenargs, **kwargs) as process:
         ^^^^^^^^^^^^^^^^^^^^^^^^^^^
  File "C:\Users\Dean\source\repos\deanable\synapic.net\build\_python\win-x64\python\Lib\subprocess.py", line 1026, in __init__
    self._execute_child(args, executable, preexec_fn, close_fds,
  File "C:\Users\Dean\source\repos\deanable\synapic.net\build\_python\win-x64\python\Lib\subprocess.py", line 1538, in _execute_child
    hp, ht, pid, tid = _winapi.CreateProcess(executable, args,
                       ^^^^^^^^^^^^^^^^^^^^^^^^^^^^^^^^^^^^^^^
FileNotFoundError: [WinError 2] The system cannot find the file specified
158054 INFO: Executing: strip C:\Users\Dean\AppData\Local\pyinstaller\bincache10py31164bit\_socket.pyd
158055 WARNING: Failed to run strip on 'C:\\Users\\Dean\\AppData\\Local\\pyinstaller\\bincache10py31164bit\\_socket.pyd'!
Traceback (most recent call last):
  File "C:\Users\Dean\source\repos\deanable\synapic.net\build\_python\win-x64\python\Lib\site-packages\PyInstaller\building\utils.py", line 250, in process_collected_binary
    p = subprocess.run(
        ^^^^^^^^^^^^^^^
  File "C:\Users\Dean\source\repos\deanable\synapic.net\build\_python\win-x64\python\Lib\subprocess.py", line 548, in run
    with Popen(*popenargs, **kwargs) as process:
         ^^^^^^^^^^^^^^^^^^^^^^^^^^^
  File "C:\Users\Dean\source\repos\deanable\synapic.net\build\_python\win-x64\python\Lib\subprocess.py", line 1026, in __init__
    self._execute_child(args, executable, preexec_fn, close_fds,
  File "C:\Users\Dean\source\repos\deanable\synapic.net\build\_python\win-x64\python\Lib\subprocess.py", line 1538, in _execute_child
    hp, ht, pid, tid = _winapi.CreateProcess(executable, args,
                       ^^^^^^^^^^^^^^^^^^^^^^^^^^^^^^^^^^^^^^^
FileNotFoundError: [WinError 2] The system cannot find the file specified
158059 INFO: Executing: strip C:\Users\Dean\AppData\Local\pyinstaller\bincache10py31164bit\select.pyd
158060 WARNING: Failed to run strip on 'C:\\Users\\Dean\\AppData\\Local\\pyinstaller\\bincache10py31164bit\\select.pyd'!
Traceback (most recent call last):
  File "C:\Users\Dean\source\repos\deanable\synapic.net\build\_python\win-x64\python\Lib\site-packages\PyInstaller\building\utils.py", line 250, in process_collected_binary
    p = subprocess.run(
        ^^^^^^^^^^^^^^^
  File "C:\Users\Dean\source\repos\deanable\synapic.net\build\_python\win-x64\python\Lib\subprocess.py", line 548, in run
    with Popen(*popenargs, **kwargs) as process:
         ^^^^^^^^^^^^^^^^^^^^^^^^^^^
  File "C:\Users\Dean\source\repos\deanable\synapic.net\build\_python\win-x64\python\Lib\subprocess.py", line 1026, in __init__
    self._execute_child(args, executable, preexec_fn, close_fds,
  File "C:\Users\Dean\source\repos\deanable\synapic.net\build\_python\win-x64\python\Lib\subprocess.py", line 1538, in _execute_child
    hp, ht, pid, tid = _winapi.CreateProcess(executable, args,
                       ^^^^^^^^^^^^^^^^^^^^^^^^^^^^^^^^^^^^^^^
FileNotFoundError: [WinError 2] The system cannot find the file specified
158065 INFO: Executing: strip C:\Users\Dean\AppData\Local\pyinstaller\bincache10py31164bit\_overlapped.pyd
158066 WARNING: Failed to run strip on 'C:\\Users\\Dean\\AppData\\Local\\pyinstaller\\bincache10py31164bit\\_overlapped.pyd'!
Traceback (most recent call last):
  File "C:\Users\Dean\source\repos\deanable\synapic.net\build\_python\win-x64\python\Lib\site-packages\PyInstaller\building\utils.py", line 250, in process_collected_binary
    p = subprocess.run(
        ^^^^^^^^^^^^^^^
  File "C:\Users\Dean\source\repos\deanable\synapic.net\build\_python\win-x64\python\Lib\subprocess.py", line 548, in run
    with Popen(*popenargs, **kwargs) as process:
         ^^^^^^^^^^^^^^^^^^^^^^^^^^^
  File "C:\Users\Dean\source\repos\deanable\synapic.net\build\_python\win-x64\python\Lib\subprocess.py", line 1026, in __init__
    self._execute_child(args, executable, preexec_fn, close_fds,
  File "C:\Users\Dean\source\repos\deanable\synapic.net\build\_python\win-x64\python\Lib\subprocess.py", line 1538, in _execute_child
    hp, ht, pid, tid = _winapi.CreateProcess(executable, args,
                       ^^^^^^^^^^^^^^^^^^^^^^^^^^^^^^^^^^^^^^^
FileNotFoundError: [WinError 2] The system cannot find the file specified
158073 INFO: Executing: strip C:\Users\Dean\AppData\Local\pyinstaller\bincache10py31164bit\_ssl.pyd
158075 WARNING: Failed to run strip on 'C:\\Users\\Dean\\AppData\\Local\\pyinstaller\\bincache10py31164bit\\_ssl.pyd'!
Traceback (most recent call last):
  File "C:\Users\Dean\source\repos\deanable\synapic.net\build\_python\win-x64\python\Lib\site-packages\PyInstaller\building\utils.py", line 250, in process_collected_binary
    p = subprocess.run(
        ^^^^^^^^^^^^^^^
  File "C:\Users\Dean\source\repos\deanable\synapic.net\build\_python\win-x64\python\Lib\subprocess.py", line 548, in run
    with Popen(*popenargs, **kwargs) as process:
         ^^^^^^^^^^^^^^^^^^^^^^^^^^^
  File "C:\Users\Dean\source\repos\deanable\synapic.net\build\_python\win-x64\python\Lib\subprocess.py", line 1026, in __init__
    self._execute_child(args, executable, preexec_fn, close_fds,
  File "C:\Users\Dean\source\repos\deanable\synapic.net\build\_python\win-x64\python\Lib\subprocess.py", line 1538, in _execute_child
    hp, ht, pid, tid = _winapi.CreateProcess(executable, args,
                       ^^^^^^^^^^^^^^^^^^^^^^^^^^^^^^^^^^^^^^^
FileNotFoundError: [WinError 2] The system cannot find the file specified
158082 INFO: Executing: strip C:\Users\Dean\AppData\Local\pyinstaller\bincache10py31164bit\_queue.pyd
158084 WARNING: Failed to run strip on 'C:\\Users\\Dean\\AppData\\Local\\pyinstaller\\bincache10py31164bit\\_queue.pyd'!
Traceback (most recent call last):
  File "C:\Users\Dean\source\repos\deanable\synapic.net\build\_python\win-x64\python\Lib\site-packages\PyInstaller\building\utils.py", line 250, in process_collected_binary
    p = subprocess.run(
        ^^^^^^^^^^^^^^^
  File "C:\Users\Dean\source\repos\deanable\synapic.net\build\_python\win-x64\python\Lib\subprocess.py", line 548, in run
    with Popen(*popenargs, **kwargs) as process:
         ^^^^^^^^^^^^^^^^^^^^^^^^^^^
  File "C:\Users\Dean\source\repos\deanable\synapic.net\build\_python\win-x64\python\Lib\subprocess.py", line 1026, in __init__
    self._execute_child(args, executable, preexec_fn, close_fds,
  File "C:\Users\Dean\source\repos\deanable\synapic.net\build\_python\win-x64\python\Lib\subprocess.py", line 1538, in _execute_child
    hp, ht, pid, tid = _winapi.CreateProcess(executable, args,
                       ^^^^^^^^^^^^^^^^^^^^^^^^^^^^^^^^^^^^^^^
FileNotFoundError: [WinError 2] The system cannot find the file specified
158093 INFO: Executing: strip C:\Users\Dean\AppData\Local\pyinstaller\bincache10py31164bit\_multiprocessing.pyd
158095 WARNING: Failed to run strip on 'C:\\Users\\Dean\\AppData\\Local\\pyinstaller\\bincache10py31164bit\\_multiprocessing.pyd'!
Traceback (most recent call last):
  File "C:\Users\Dean\source\repos\deanable\synapic.net\build\_python\win-x64\python\Lib\site-packages\PyInstaller\building\utils.py", line 250, in process_collected_binary
    p = subprocess.run(
        ^^^^^^^^^^^^^^^
  File "C:\Users\Dean\source\repos\deanable\synapic.net\build\_python\win-x64\python\Lib\subprocess.py", line 548, in run
    with Popen(*popenargs, **kwargs) as process:
         ^^^^^^^^^^^^^^^^^^^^^^^^^^^
  File "C:\Users\Dean\source\repos\deanable\synapic.net\build\_python\win-x64\python\Lib\subprocess.py", line 1026, in __init__
    self._execute_child(args, executable, preexec_fn, close_fds,
  File "C:\Users\Dean\source\repos\deanable\synapic.net\build\_python\win-x64\python\Lib\subprocess.py", line 1538, in _execute_child
    hp, ht, pid, tid = _winapi.CreateProcess(executable, args,
                       ^^^^^^^^^^^^^^^^^^^^^^^^^^^^^^^^^^^^^^^
FileNotFoundError: [WinError 2] The system cannot find the file specified
158103 INFO: Executing: strip C:\Users\Dean\AppData\Local\pyinstaller\bincache10py31164bit\pyexpat.pyd
158105 WARNING: Failed to run strip on 'C:\\Users\\Dean\\AppData\\Local\\pyinstaller\\bincache10py31164bit\\pyexpat.pyd'!
Traceback (most recent call last):
  File "C:\Users\Dean\source\repos\deanable\synapic.net\build\_python\win-x64\python\Lib\site-packages\PyInstaller\building\utils.py", line 250, in process_collected_binary
    p = subprocess.run(
        ^^^^^^^^^^^^^^^
  File "C:\Users\Dean\source\repos\deanable\synapic.net\build\_python\win-x64\python\Lib\subprocess.py", line 548, in run
    with Popen(*popenargs, **kwargs) as process:
         ^^^^^^^^^^^^^^^^^^^^^^^^^^^
  File "C:\Users\Dean\source\repos\deanable\synapic.net\build\_python\win-x64\python\Lib\subprocess.py", line 1026, in __init__
    self._execute_child(args, executable, preexec_fn, close_fds,
  File "C:\Users\Dean\source\repos\deanable\synapic.net\build\_python\win-x64\python\Lib\subprocess.py", line 1538, in _execute_child
    hp, ht, pid, tid = _winapi.CreateProcess(executable, args,
                       ^^^^^^^^^^^^^^^^^^^^^^^^^^^^^^^^^^^^^^^
FileNotFoundError: [WinError 2] The system cannot find the file specified
158111 INFO: Executing: strip C:\Users\Dean\AppData\Local\pyinstaller\bincache10py31164bit\_asyncio.pyd
158113 WARNING: Failed to run strip on 'C:\\Users\\Dean\\AppData\\Local\\pyinstaller\\bincache10py31164bit\\_asyncio.pyd'!
Traceback (most recent call last):
  File "C:\Users\Dean\source\repos\deanable\synapic.net\build\_python\win-x64\python\Lib\site-packages\PyInstaller\building\utils.py", line 250, in process_collected_binary
    p = subprocess.run(
        ^^^^^^^^^^^^^^^
  File "C:\Users\Dean\source\repos\deanable\synapic.net\build\_python\win-x64\python\Lib\subprocess.py", line 548, in run
    with Popen(*popenargs, **kwargs) as process:
         ^^^^^^^^^^^^^^^^^^^^^^^^^^^
  File "C:\Users\Dean\source\repos\deanable\synapic.net\build\_python\win-x64\python\Lib\subprocess.py", line 1026, in __init__
    self._execute_child(args, executable, preexec_fn, close_fds,
  File "C:\Users\Dean\source\repos\deanable\synapic.net\build\_python\win-x64\python\Lib\subprocess.py", line 1538, in _execute_child
    hp, ht, pid, tid = _winapi.CreateProcess(executable, args,
                       ^^^^^^^^^^^^^^^^^^^^^^^^^^^^^^^^^^^^^^^
FileNotFoundError: [WinError 2] The system cannot find the file specified
158117 INFO: Executing: strip C:\Users\Dean\AppData\Local\pyinstaller\bincache10py31164bit\_uuid.pyd
158117 WARNING: Failed to run strip on 'C:\\Users\\Dean\\AppData\\Local\\pyinstaller\\bincache10py31164bit\\_uuid.pyd'!
Traceback (most recent call last):
  File "C:\Users\Dean\source\repos\deanable\synapic.net\build\_python\win-x64\python\Lib\site-packages\PyInstaller\building\utils.py", line 250, in process_collected_binary
    p = subprocess.run(
        ^^^^^^^^^^^^^^^
  File "C:\Users\Dean\source\repos\deanable\synapic.net\build\_python\win-x64\python\Lib\subprocess.py", line 548, in run
    with Popen(*popenargs, **kwargs) as process:
         ^^^^^^^^^^^^^^^^^^^^^^^^^^^
  File "C:\Users\Dean\source\repos\deanable\synapic.net\build\_python\win-x64\python\Lib\subprocess.py", line 1026, in __init__
    self._execute_child(args, executable, preexec_fn, close_fds,
  File "C:\Users\Dean\source\repos\deanable\synapic.net\build\_python\win-x64\python\Lib\subprocess.py", line 1538, in _execute_child
    hp, ht, pid, tid = _winapi.CreateProcess(executable, args,
                       ^^^^^^^^^^^^^^^^^^^^^^^^^^^^^^^^^^^^^^^
FileNotFoundError: [WinError 2] The system cannot find the file specified
158130 INFO: Executing: strip C:\Users\Dean\AppData\Local\pyinstaller\bincache10py31164bit\PIL\_imagingft.cp311-win_amd64.pyd
158131 WARNING: Failed to run strip on 'C:\\Users\\Dean\\AppData\\Local\\pyinstaller\\bincache10py31164bit\\PIL\\_imagingft.cp311-win_amd64.pyd'!
Traceback (most recent call last):
  File "C:\Users\Dean\source\repos\deanable\synapic.net\build\_python\win-x64\python\Lib\site-packages\PyInstaller\building\utils.py", line 250, in process_collected_binary
    p = subprocess.run(
        ^^^^^^^^^^^^^^^
  File "C:\Users\Dean\source\repos\deanable\synapic.net\build\_python\win-x64\python\Lib\subprocess.py", line 548, in run
    with Popen(*popenargs, **kwargs) as process:
         ^^^^^^^^^^^^^^^^^^^^^^^^^^^
  File "C:\Users\Dean\source\repos\deanable\synapic.net\build\_python\win-x64\python\Lib\subprocess.py", line 1026, in __init__
    self._execute_child(args, executable, preexec_fn, close_fds,
  File "C:\Users\Dean\source\repos\deanable\synapic.net\build\_python\win-x64\python\Lib\subprocess.py", line 1538, in _execute_child
    hp, ht, pid, tid = _winapi.CreateProcess(executable, args,
                       ^^^^^^^^^^^^^^^^^^^^^^^^^^^^^^^^^^^^^^^
FileNotFoundError: [WinError 2] The system cannot find the file specified
158146 INFO: Executing: strip C:\Users\Dean\AppData\Local\pyinstaller\bincache10py31164bit\PIL\_imaging.cp311-win_amd64.pyd
158148 WARNING: Failed to run strip on 'C:\\Users\\Dean\\AppData\\Local\\pyinstaller\\bincache10py31164bit\\PIL\\_imaging.cp311-win_amd64.pyd'!
Traceback (most recent call last):
  File "C:\Users\Dean\source\repos\deanable\synapic.net\build\_python\win-x64\python\Lib\site-packages\PyInstaller\building\utils.py", line 250, in process_collected_binary
    p = subprocess.run(
        ^^^^^^^^^^^^^^^
  File "C:\Users\Dean\source\repos\deanable\synapic.net\build\_python\win-x64\python\Lib\subprocess.py", line 548, in run
    with Popen(*popenargs, **kwargs) as process:
         ^^^^^^^^^^^^^^^^^^^^^^^^^^^
  File "C:\Users\Dean\source\repos\deanable\synapic.net\build\_python\win-x64\python\Lib\subprocess.py", line 1026, in __init__
    self._execute_child(args, executable, preexec_fn, close_fds,
  File "C:\Users\Dean\source\repos\deanable\synapic.net\build\_python\win-x64\python\Lib\subprocess.py", line 1538, in _execute_child
    hp, ht, pid, tid = _winapi.CreateProcess(executable, args,
                       ^^^^^^^^^^^^^^^^^^^^^^^^^^^^^^^^^^^^^^^
FileNotFoundError: [WinError 2] The system cannot find the file specified
158154 INFO: Executing: strip C:\Users\Dean\AppData\Local\pyinstaller\bincache10py31164bit\numpy\_core\_multiarray_tests.cp311-win_amd64.pyd
158155 WARNING: Failed to run strip on 'C:\\Users\\Dean\\AppData\\Local\\pyinstaller\\bincache10py31164bit\\numpy\\_core\\_multiarray_tests.cp311-win_amd64.pyd'!
Traceback (most recent call last):
  File "C:\Users\Dean\source\repos\deanable\synapic.net\build\_python\win-x64\python\Lib\site-packages\PyInstaller\building\utils.py", line 250, in process_collected_binary
    p = subprocess.run(
        ^^^^^^^^^^^^^^^
  File "C:\Users\Dean\source\repos\deanable\synapic.net\build\_python\win-x64\python\Lib\subprocess.py", line 548, in run
    with Popen(*popenargs, **kwargs) as process:
         ^^^^^^^^^^^^^^^^^^^^^^^^^^^
  File "C:\Users\Dean\source\repos\deanable\synapic.net\build\_python\win-x64\python\Lib\subprocess.py", line 1026, in __init__
    self._execute_child(args, executable, preexec_fn, close_fds,
  File "C:\Users\Dean\source\repos\deanable\synapic.net\build\_python\win-x64\python\Lib\subprocess.py", line 1538, in _execute_child
    hp, ht, pid, tid = _winapi.CreateProcess(executable, args,
                       ^^^^^^^^^^^^^^^^^^^^^^^^^^^^^^^^^^^^^^^
FileNotFoundError: [WinError 2] The system cannot find the file specified
158176 INFO: Executing: strip C:\Users\Dean\AppData\Local\pyinstaller\bincache10py31164bit\numpy\_core\_multiarray_umath.cp311-win_amd64.pyd
158177 WARNING: Failed to run strip on 'C:\\Users\\Dean\\AppData\\Local\\pyinstaller\\bincache10py31164bit\\numpy\\_core\\_multiarray_umath.cp311-win_amd64.pyd'!
Traceback (most recent call last):
  File "C:\Users\Dean\source\repos\deanable\synapic.net\build\_python\win-x64\python\Lib\site-packages\PyInstaller\building\utils.py", line 250, in process_collected_binary
    p = subprocess.run(
        ^^^^^^^^^^^^^^^
  File "C:\Users\Dean\source\repos\deanable\synapic.net\build\_python\win-x64\python\Lib\subprocess.py", line 548, in run
    with Popen(*popenargs, **kwargs) as process:
         ^^^^^^^^^^^^^^^^^^^^^^^^^^^
  File "C:\Users\Dean\source\repos\deanable\synapic.net\build\_python\win-x64\python\Lib\subprocess.py", line 1026, in __init__
    self._execute_child(args, executable, preexec_fn, close_fds,
  File "C:\Users\Dean\source\repos\deanable\synapic.net\build\_python\win-x64\python\Lib\subprocess.py", line 1538, in _execute_child
    hp, ht, pid, tid = _winapi.CreateProcess(executable, args,
                       ^^^^^^^^^^^^^^^^^^^^^^^^^^^^^^^^^^^^^^^
FileNotFoundError: [WinError 2] The system cannot find the file specified
158180 INFO: Executing: strip C:\Users\Dean\AppData\Local\pyinstaller\bincache10py31164bit\charset_normalizer\cd.cp311-win_amd64.pyd
158180 WARNING: Failed to run strip on 'C:\\Users\\Dean\\AppData\\Local\\pyinstaller\\bincache10py31164bit\\charset_normalizer\\cd.cp311-win_amd64.pyd'!
Traceback (most recent call last):
  File "C:\Users\Dean\source\repos\deanable\synapic.net\build\_python\win-x64\python\Lib\site-packages\PyInstaller\building\utils.py", line 250, in process_collected_binary
    p = subprocess.run(
        ^^^^^^^^^^^^^^^
  File "C:\Users\Dean\source\repos\deanable\synapic.net\build\_python\win-x64\python\Lib\subprocess.py", line 548, in run
    with Popen(*popenargs, **kwargs) as process:
         ^^^^^^^^^^^^^^^^^^^^^^^^^^^
  File "C:\Users\Dean\source\repos\deanable\synapic.net\build\_python\win-x64\python\Lib\subprocess.py", line 1026, in __init__
    self._execute_child(args, executable, preexec_fn, close_fds,
  File "C:\Users\Dean\source\repos\deanable\synapic.net\build\_python\win-x64\python\Lib\subprocess.py", line 1538, in _execute_child
    hp, ht, pid, tid = _winapi.CreateProcess(executable, args,
                       ^^^^^^^^^^^^^^^^^^^^^^^^^^^^^^^^^^^^^^^
FileNotFoundError: [WinError 2] The system cannot find the file specified
158185 INFO: Executing: strip C:\Users\Dean\AppData\Local\pyinstaller\bincache10py31164bit\charset_normalizer\md.cp311-win_amd64.pyd
158185 WARNING: Failed to run strip on 'C:\\Users\\Dean\\AppData\\Local\\pyinstaller\\bincache10py31164bit\\charset_normalizer\\md.cp311-win_amd64.pyd'!
Traceback (most recent call last):
  File "C:\Users\Dean\source\repos\deanable\synapic.net\build\_python\win-x64\python\Lib\site-packages\PyInstaller\building\utils.py", line 250, in process_collected_binary
    p = subprocess.run(
        ^^^^^^^^^^^^^^^
  File "C:\Users\Dean\source\repos\deanable\synapic.net\build\_python\win-x64\python\Lib\subprocess.py", line 548, in run
    with Popen(*popenargs, **kwargs) as process:
         ^^^^^^^^^^^^^^^^^^^^^^^^^^^
  File "C:\Users\Dean\source\repos\deanable\synapic.net\build\_python\win-x64\python\Lib\subprocess.py", line 1026, in __init__
    self._execute_child(args, executable, preexec_fn, close_fds,
  File "C:\Users\Dean\source\repos\deanable\synapic.net\build\_python\win-x64\python\Lib\subprocess.py", line 1538, in _execute_child
    hp, ht, pid, tid = _winapi.CreateProcess(executable, args,
                       ^^^^^^^^^^^^^^^^^^^^^^^^^^^^^^^^^^^^^^^
FileNotFoundError: [WinError 2] The system cannot find the file specified
158189 INFO: Executing: strip C:\Users\Dean\AppData\Local\pyinstaller\bincache10py31164bit\psutil\_psutil_windows.pyd
158190 WARNING: Failed to run strip on 'C:\\Users\\Dean\\AppData\\Local\\pyinstaller\\bincache10py31164bit\\psutil\\_psutil_windows.pyd'!
Traceback (most recent call last):
  File "C:\Users\Dean\source\repos\deanable\synapic.net\build\_python\win-x64\python\Lib\site-packages\PyInstaller\building\utils.py", line 250, in process_collected_binary
    p = subprocess.run(
        ^^^^^^^^^^^^^^^
  File "C:\Users\Dean\source\repos\deanable\synapic.net\build\_python\win-x64\python\Lib\subprocess.py", line 548, in run
    with Popen(*popenargs, **kwargs) as process:
         ^^^^^^^^^^^^^^^^^^^^^^^^^^^
  File "C:\Users\Dean\source\repos\deanable\synapic.net\build\_python\win-x64\python\Lib\subprocess.py", line 1026, in __init__
    self._execute_child(args, executable, preexec_fn, close_fds,
  File "C:\Users\Dean\source\repos\deanable\synapic.net\build\_python\win-x64\python\Lib\subprocess.py", line 1538, in _execute_child
    hp, ht, pid, tid = _winapi.CreateProcess(executable, args,
                       ^^^^^^^^^^^^^^^^^^^^^^^^^^^^^^^^^^^^^^^
FileNotFoundError: [WinError 2] The system cannot find the file specified
158193 INFO: Executing: strip C:\Users\Dean\AppData\Local\pyinstaller\bincache10py31164bit\numpy\linalg\_umath_linalg.cp311-win_amd64.pyd
158194 WARNING: Failed to run strip on 'C:\\Users\\Dean\\AppData\\Local\\pyinstaller\\bincache10py31164bit\\numpy\\linalg\\_umath_linalg.cp311-win_amd64.pyd'!
Traceback (most recent call last):
  File "C:\Users\Dean\source\repos\deanable\synapic.net\build\_python\win-x64\python\Lib\site-packages\PyInstaller\building\utils.py", line 250, in process_collected_binary
    p = subprocess.run(
        ^^^^^^^^^^^^^^^
  File "C:\Users\Dean\source\repos\deanable\synapic.net\build\_python\win-x64\python\Lib\subprocess.py", line 548, in run
    with Popen(*popenargs, **kwargs) as process:
         ^^^^^^^^^^^^^^^^^^^^^^^^^^^
  File "C:\Users\Dean\source\repos\deanable\synapic.net\build\_python\win-x64\python\Lib\subprocess.py", line 1026, in __init__
    self._execute_child(args, executable, preexec_fn, close_fds,
  File "C:\Users\Dean\source\repos\deanable\synapic.net\build\_python\win-x64\python\Lib\subprocess.py", line 1538, in _execute_child
    hp, ht, pid, tid = _winapi.CreateProcess(executable, args,
                       ^^^^^^^^^^^^^^^^^^^^^^^^^^^^^^^^^^^^^^^
FileNotFoundError: [WinError 2] The system cannot find the file specified
158199 INFO: Executing: strip C:\Users\Dean\AppData\Local\pyinstaller\bincache10py31164bit\numpy\random\mtrand.cp311-win_amd64.pyd
158199 WARNING: Failed to run strip on 'C:\\Users\\Dean\\AppData\\Local\\pyinstaller\\bincache10py31164bit\\numpy\\random\\mtrand.cp311-win_amd64.pyd'!
Traceback (most recent call last):
  File "C:\Users\Dean\source\repos\deanable\synapic.net\build\_python\win-x64\python\Lib\site-packages\PyInstaller\building\utils.py", line 250, in process_collected_binary
    p = subprocess.run(
        ^^^^^^^^^^^^^^^
  File "C:\Users\Dean\source\repos\deanable\synapic.net\build\_python\win-x64\python\Lib\subprocess.py", line 548, in run
    with Popen(*popenargs, **kwargs) as process:
         ^^^^^^^^^^^^^^^^^^^^^^^^^^^
  File "C:\Users\Dean\source\repos\deanable\synapic.net\build\_python\win-x64\python\Lib\subprocess.py", line 1026, in __init__
    self._execute_child(args, executable, preexec_fn, close_fds,
  File "C:\Users\Dean\source\repos\deanable\synapic.net\build\_python\win-x64\python\Lib\subprocess.py", line 1538, in _execute_child
    hp, ht, pid, tid = _winapi.CreateProcess(executable, args,
                       ^^^^^^^^^^^^^^^^^^^^^^^^^^^^^^^^^^^^^^^
FileNotFoundError: [WinError 2] The system cannot find the file specified
158204 INFO: Executing: strip C:\Users\Dean\AppData\Local\pyinstaller\bincache10py31164bit\numpy\random\bit_generator.cp311-win_amd64.pyd
158204 WARNING: Failed to run strip on 'C:\\Users\\Dean\\AppData\\Local\\pyinstaller\\bincache10py31164bit\\numpy\\random\\bit_generator.cp311-win_amd64.pyd'!
Traceback (most recent call last):
  File "C:\Users\Dean\source\repos\deanable\synapic.net\build\_python\win-x64\python\Lib\site-packages\PyInstaller\building\utils.py", line 250, in process_collected_binary
    p = subprocess.run(
        ^^^^^^^^^^^^^^^
  File "C:\Users\Dean\source\repos\deanable\synapic.net\build\_python\win-x64\python\Lib\subprocess.py", line 548, in run
    with Popen(*popenargs, **kwargs) as process:
         ^^^^^^^^^^^^^^^^^^^^^^^^^^^
  File "C:\Users\Dean\source\repos\deanable\synapic.net\build\_python\win-x64\python\Lib\subprocess.py", line 1026, in __init__
    self._execute_child(args, executable, preexec_fn, close_fds,
  File "C:\Users\Dean\source\repos\deanable\synapic.net\build\_python\win-x64\python\Lib\subprocess.py", line 1538, in _execute_child
    hp, ht, pid, tid = _winapi.CreateProcess(executable, args,
                       ^^^^^^^^^^^^^^^^^^^^^^^^^^^^^^^^^^^^^^^
FileNotFoundError: [WinError 2] The system cannot find the file specified
158207 INFO: Executing: strip C:\Users\Dean\AppData\Local\pyinstaller\bincache10py31164bit\numpy\random\_sfc64.cp311-win_amd64.pyd
158208 WARNING: Failed to run strip on 'C:\\Users\\Dean\\AppData\\Local\\pyinstaller\\bincache10py31164bit\\numpy\\random\\_sfc64.cp311-win_amd64.pyd'!
Traceback (most recent call last):
  File "C:\Users\Dean\source\repos\deanable\synapic.net\build\_python\win-x64\python\Lib\site-packages\PyInstaller\building\utils.py", line 250, in process_collected_binary
    p = subprocess.run(
        ^^^^^^^^^^^^^^^
  File "C:\Users\Dean\source\repos\deanable\synapic.net\build\_python\win-x64\python\Lib\subprocess.py", line 548, in run
    with Popen(*popenargs, **kwargs) as process:
         ^^^^^^^^^^^^^^^^^^^^^^^^^^^
  File "C:\Users\Dean\source\repos\deanable\synapic.net\build\_python\win-x64\python\Lib\subprocess.py", line 1026, in __init__
    self._execute_child(args, executable, preexec_fn, close_fds,
  File "C:\Users\Dean\source\repos\deanable\synapic.net\build\_python\win-x64\python\Lib\subprocess.py", line 1538, in _execute_child
    hp, ht, pid, tid = _winapi.CreateProcess(executable, args,
                       ^^^^^^^^^^^^^^^^^^^^^^^^^^^^^^^^^^^^^^^
FileNotFoundError: [WinError 2] The system cannot find the file specified
158211 INFO: Executing: strip C:\Users\Dean\AppData\Local\pyinstaller\bincache10py31164bit\numpy\random\_philox.cp311-win_amd64.pyd
158212 WARNING: Failed to run strip on 'C:\\Users\\Dean\\AppData\\Local\\pyinstaller\\bincache10py31164bit\\numpy\\random\\_philox.cp311-win_amd64.pyd'!
Traceback (most recent call last):
  File "C:\Users\Dean\source\repos\deanable\synapic.net\build\_python\win-x64\python\Lib\site-packages\PyInstaller\building\utils.py", line 250, in process_collected_binary
    p = subprocess.run(
        ^^^^^^^^^^^^^^^
  File "C:\Users\Dean\source\repos\deanable\synapic.net\build\_python\win-x64\python\Lib\subprocess.py", line 548, in run
    with Popen(*popenargs, **kwargs) as process:
         ^^^^^^^^^^^^^^^^^^^^^^^^^^^
  File "C:\Users\Dean\source\repos\deanable\synapic.net\build\_python\win-x64\python\Lib\subprocess.py", line 1026, in __init__
    self._execute_child(args, executable, preexec_fn, close_fds,
  File "C:\Users\Dean\source\repos\deanable\synapic.net\build\_python\win-x64\python\Lib\subprocess.py", line 1538, in _execute_child
    hp, ht, pid, tid = _winapi.CreateProcess(executable, args,
                       ^^^^^^^^^^^^^^^^^^^^^^^^^^^^^^^^^^^^^^^
FileNotFoundError: [WinError 2] The system cannot find the file specified
158214 INFO: Executing: strip C:\Users\Dean\AppData\Local\pyinstaller\bincache10py31164bit\numpy\random\_pcg64.cp311-win_amd64.pyd
158216 WARNING: Failed to run strip on 'C:\\Users\\Dean\\AppData\\Local\\pyinstaller\\bincache10py31164bit\\numpy\\random\\_pcg64.cp311-win_amd64.pyd'!
Traceback (most recent call last):
  File "C:\Users\Dean\source\repos\deanable\synapic.net\build\_python\win-x64\python\Lib\site-packages\PyInstaller\building\utils.py", line 250, in process_collected_binary
    p = subprocess.run(
        ^^^^^^^^^^^^^^^
  File "C:\Users\Dean\source\repos\deanable\synapic.net\build\_python\win-x64\python\Lib\subprocess.py", line 548, in run
    with Popen(*popenargs, **kwargs) as process:
         ^^^^^^^^^^^^^^^^^^^^^^^^^^^
  File "C:\Users\Dean\source\repos\deanable\synapic.net\build\_python\win-x64\python\Lib\subprocess.py", line 1026, in __init__
    self._execute_child(args, executable, preexec_fn, close_fds,
  File "C:\Users\Dean\source\repos\deanable\synapic.net\build\_python\win-x64\python\Lib\subprocess.py", line 1538, in _execute_child
    hp, ht, pid, tid = _winapi.CreateProcess(executable, args,
                       ^^^^^^^^^^^^^^^^^^^^^^^^^^^^^^^^^^^^^^^
FileNotFoundError: [WinError 2] The system cannot find the file specified
158218 INFO: Executing: strip C:\Users\Dean\AppData\Local\pyinstaller\bincache10py31164bit\numpy\random\_mt19937.cp311-win_amd64.pyd
158219 WARNING: Failed to run strip on 'C:\\Users\\Dean\\AppData\\Local\\pyinstaller\\bincache10py31164bit\\numpy\\random\\_mt19937.cp311-win_amd64.pyd'!
Traceback (most recent call last):
  File "C:\Users\Dean\source\repos\deanable\synapic.net\build\_python\win-x64\python\Lib\site-packages\PyInstaller\building\utils.py", line 250, in process_collected_binary
    p = subprocess.run(
        ^^^^^^^^^^^^^^^
  File "C:\Users\Dean\source\repos\deanable\synapic.net\build\_python\win-x64\python\Lib\subprocess.py", line 548, in run
    with Popen(*popenargs, **kwargs) as process:
         ^^^^^^^^^^^^^^^^^^^^^^^^^^^
  File "C:\Users\Dean\source\repos\deanable\synapic.net\build\_python\win-x64\python\Lib\subprocess.py", line 1026, in __init__
    self._execute_child(args, executable, preexec_fn, close_fds,
  File "C:\Users\Dean\source\repos\deanable\synapic.net\build\_python\win-x64\python\Lib\subprocess.py", line 1538, in _execute_child
    hp, ht, pid, tid = _winapi.CreateProcess(executable, args,
                       ^^^^^^^^^^^^^^^^^^^^^^^^^^^^^^^^^^^^^^^
FileNotFoundError: [WinError 2] The system cannot find the file specified
158226 INFO: Executing: strip C:\Users\Dean\AppData\Local\pyinstaller\bincache10py31164bit\numpy\random\_generator.cp311-win_amd64.pyd
158227 WARNING: Failed to run strip on 'C:\\Users\\Dean\\AppData\\Local\\pyinstaller\\bincache10py31164bit\\numpy\\random\\_generator.cp311-win_amd64.pyd'!
Traceback (most recent call last):
  File "C:\Users\Dean\source\repos\deanable\synapic.net\build\_python\win-x64\python\Lib\site-packages\PyInstaller\building\utils.py", line 250, in process_collected_binary
    p = subprocess.run(
        ^^^^^^^^^^^^^^^
  File "C:\Users\Dean\source\repos\deanable\synapic.net\build\_python\win-x64\python\Lib\subprocess.py", line 548, in run
    with Popen(*popenargs, **kwargs) as process:
         ^^^^^^^^^^^^^^^^^^^^^^^^^^^
  File "C:\Users\Dean\source\repos\deanable\synapic.net\build\_python\win-x64\python\Lib\subprocess.py", line 1026, in __init__
    self._execute_child(args, executable, preexec_fn, close_fds,
  File "C:\Users\Dean\source\repos\deanable\synapic.net\build\_python\win-x64\python\Lib\subprocess.py", line 1538, in _execute_child
    hp, ht, pid, tid = _winapi.CreateProcess(executable, args,
                       ^^^^^^^^^^^^^^^^^^^^^^^^^^^^^^^^^^^^^^^
FileNotFoundError: [WinError 2] The system cannot find the file specified
158231 INFO: Executing: strip C:\Users\Dean\AppData\Local\pyinstaller\bincache10py31164bit\numpy\random\_common.cp311-win_amd64.pyd
158232 WARNING: Failed to run strip on 'C:\\Users\\Dean\\AppData\\Local\\pyinstaller\\bincache10py31164bit\\numpy\\random\\_common.cp311-win_amd64.pyd'!
Traceback (most recent call last):
  File "C:\Users\Dean\source\repos\deanable\synapic.net\build\_python\win-x64\python\Lib\site-packages\PyInstaller\building\utils.py", line 250, in process_collected_binary
    p = subprocess.run(
        ^^^^^^^^^^^^^^^
  File "C:\Users\Dean\source\repos\deanable\synapic.net\build\_python\win-x64\python\Lib\subprocess.py", line 548, in run
    with Popen(*popenargs, **kwargs) as process:
         ^^^^^^^^^^^^^^^^^^^^^^^^^^^
  File "C:\Users\Dean\source\repos\deanable\synapic.net\build\_python\win-x64\python\Lib\subprocess.py", line 1026, in __init__
    self._execute_child(args, executable, preexec_fn, close_fds,
  File "C:\Users\Dean\source\repos\deanable\synapic.net\build\_python\win-x64\python\Lib\subprocess.py", line 1538, in _execute_child
    hp, ht, pid, tid = _winapi.CreateProcess(executable, args,
                       ^^^^^^^^^^^^^^^^^^^^^^^^^^^^^^^^^^^^^^^
FileNotFoundError: [WinError 2] The system cannot find the file specified
158238 INFO: Executing: strip C:\Users\Dean\AppData\Local\pyinstaller\bincache10py31164bit\numpy\random\_bounded_integers.cp311-win_amd64.pyd
158239 WARNING: Failed to run strip on 'C:\\Users\\Dean\\AppData\\Local\\pyinstaller\\bincache10py31164bit\\numpy\\random\\_bounded_integers.cp311-win_amd64.pyd'!
Traceback (most recent call last):
  File "C:\Users\Dean\source\repos\deanable\synapic.net\build\_python\win-x64\python\Lib\site-packages\PyInstaller\building\utils.py", line 250, in process_collected_binary
    p = subprocess.run(
        ^^^^^^^^^^^^^^^
  File "C:\Users\Dean\source\repos\deanable\synapic.net\build\_python\win-x64\python\Lib\subprocess.py", line 548, in run
    with Popen(*popenargs, **kwargs) as process:
         ^^^^^^^^^^^^^^^^^^^^^^^^^^^
  File "C:\Users\Dean\source\repos\deanable\synapic.net\build\_python\win-x64\python\Lib\subprocess.py", line 1026, in __init__
    self._execute_child(args, executable, preexec_fn, close_fds,
  File "C:\Users\Dean\source\repos\deanable\synapic.net\build\_python\win-x64\python\Lib\subprocess.py", line 1538, in _execute_child
    hp, ht, pid, tid = _winapi.CreateProcess(executable, args,
                       ^^^^^^^^^^^^^^^^^^^^^^^^^^^^^^^^^^^^^^^
FileNotFoundError: [WinError 2] The system cannot find the file specified
158245 INFO: Executing: strip C:\Users\Dean\AppData\Local\pyinstaller\bincache10py31164bit\numpy\fft\_pocketfft_umath.cp311-win_amd64.pyd
158248 WARNING: Failed to run strip on 'C:\\Users\\Dean\\AppData\\Local\\pyinstaller\\bincache10py31164bit\\numpy\\fft\\_pocketfft_umath.cp311-win_amd64.pyd'!
Traceback (most recent call last):
  File "C:\Users\Dean\source\repos\deanable\synapic.net\build\_python\win-x64\python\Lib\site-packages\PyInstaller\building\utils.py", line 250, in process_collected_binary
    p = subprocess.run(
        ^^^^^^^^^^^^^^^
  File "C:\Users\Dean\source\repos\deanable\synapic.net\build\_python\win-x64\python\Lib\subprocess.py", line 548, in run
    with Popen(*popenargs, **kwargs) as process:
         ^^^^^^^^^^^^^^^^^^^^^^^^^^^
  File "C:\Users\Dean\source\repos\deanable\synapic.net\build\_python\win-x64\python\Lib\subprocess.py", line 1026, in __init__
    self._execute_child(args, executable, preexec_fn, close_fds,
  File "C:\Users\Dean\source\repos\deanable\synapic.net\build\_python\win-x64\python\Lib\subprocess.py", line 1538, in _execute_child
    hp, ht, pid, tid = _winapi.CreateProcess(executable, args,
                       ^^^^^^^^^^^^^^^^^^^^^^^^^^^^^^^^^^^^^^^
FileNotFoundError: [WinError 2] The system cannot find the file specified
158254 INFO: Executing: strip C:\Users\Dean\AppData\Local\pyinstaller\bincache10py31164bit\yaml\_yaml.cp311-win_amd64.pyd
158254 WARNING: Failed to run strip on 'C:\\Users\\Dean\\AppData\\Local\\pyinstaller\\bincache10py31164bit\\yaml\\_yaml.cp311-win_amd64.pyd'!
Traceback (most recent call last):
  File "C:\Users\Dean\source\repos\deanable\synapic.net\build\_python\win-x64\python\Lib\site-packages\PyInstaller\building\utils.py", line 250, in process_collected_binary
    p = subprocess.run(
        ^^^^^^^^^^^^^^^
  File "C:\Users\Dean\source\repos\deanable\synapic.net\build\_python\win-x64\python\Lib\subprocess.py", line 548, in run
    with Popen(*popenargs, **kwargs) as process:
         ^^^^^^^^^^^^^^^^^^^^^^^^^^^
  File "C:\Users\Dean\source\repos\deanable\synapic.net\build\_python\win-x64\python\Lib\subprocess.py", line 1026, in __init__
    self._execute_child(args, executable, preexec_fn, close_fds,
  File "C:\Users\Dean\source\repos\deanable\synapic.net\build\_python\win-x64\python\Lib\subprocess.py", line 1538, in _execute_child
    hp, ht, pid, tid = _winapi.CreateProcess(executable, args,
                       ^^^^^^^^^^^^^^^^^^^^^^^^^^^^^^^^^^^^^^^
FileNotFoundError: [WinError 2] The system cannot find the file specified
158263 INFO: Executing: strip C:\Users\Dean\AppData\Local\pyinstaller\bincache10py31164bit\PIL\_webp.cp311-win_amd64.pyd
158265 WARNING: Failed to run strip on 'C:\\Users\\Dean\\AppData\\Local\\pyinstaller\\bincache10py31164bit\\PIL\\_webp.cp311-win_amd64.pyd'!
Traceback (most recent call last):
  File "C:\Users\Dean\source\repos\deanable\synapic.net\build\_python\win-x64\python\Lib\site-packages\PyInstaller\building\utils.py", line 250, in process_collected_binary
    p = subprocess.run(
        ^^^^^^^^^^^^^^^
  File "C:\Users\Dean\source\repos\deanable\synapic.net\build\_python\win-x64\python\Lib\subprocess.py", line 548, in run
    with Popen(*popenargs, **kwargs) as process:
         ^^^^^^^^^^^^^^^^^^^^^^^^^^^
  File "C:\Users\Dean\source\repos\deanable\synapic.net\build\_python\win-x64\python\Lib\subprocess.py", line 1026, in __init__
    self._execute_child(args, executable, preexec_fn, close_fds,
  File "C:\Users\Dean\source\repos\deanable\synapic.net\build\_python\win-x64\python\Lib\subprocess.py", line 1538, in _execute_child
    hp, ht, pid, tid = _winapi.CreateProcess(executable, args,
                       ^^^^^^^^^^^^^^^^^^^^^^^^^^^^^^^^^^^^^^^
FileNotFoundError: [WinError 2] The system cannot find the file specified
158268 INFO: Executing: strip C:\Users\Dean\AppData\Local\pyinstaller\bincache10py31164bit\PIL\_imagingtk.cp311-win_amd64.pyd
158268 WARNING: Failed to run strip on 'C:\\Users\\Dean\\AppData\\Local\\pyinstaller\\bincache10py31164bit\\PIL\\_imagingtk.cp311-win_amd64.pyd'!
Traceback (most recent call last):
  File "C:\Users\Dean\source\repos\deanable\synapic.net\build\_python\win-x64\python\Lib\site-packages\PyInstaller\building\utils.py", line 250, in process_collected_binary
    p = subprocess.run(
        ^^^^^^^^^^^^^^^
  File "C:\Users\Dean\source\repos\deanable\synapic.net\build\_python\win-x64\python\Lib\subprocess.py", line 548, in run
    with Popen(*popenargs, **kwargs) as process:
         ^^^^^^^^^^^^^^^^^^^^^^^^^^^
  File "C:\Users\Dean\source\repos\deanable\synapic.net\build\_python\win-x64\python\Lib\subprocess.py", line 1026, in __init__
    self._execute_child(args, executable, preexec_fn, close_fds,
  File "C:\Users\Dean\source\repos\deanable\synapic.net\build\_python\win-x64\python\Lib\subprocess.py", line 1538, in _execute_child
    hp, ht, pid, tid = _winapi.CreateProcess(executable, args,
                       ^^^^^^^^^^^^^^^^^^^^^^^^^^^^^^^^^^^^^^^
FileNotFoundError: [WinError 2] The system cannot find the file specified
158309 INFO: Executing: strip C:\Users\Dean\AppData\Local\pyinstaller\bincache10py31164bit\PIL\_avif.cp311-win_amd64.pyd
158311 WARNING: Failed to run strip on 'C:\\Users\\Dean\\AppData\\Local\\pyinstaller\\bincache10py31164bit\\PIL\\_avif.cp311-win_amd64.pyd'!
Traceback (most recent call last):
  File "C:\Users\Dean\source\repos\deanable\synapic.net\build\_python\win-x64\python\Lib\site-packages\PyInstaller\building\utils.py", line 250, in process_collected_binary
    p = subprocess.run(
        ^^^^^^^^^^^^^^^
  File "C:\Users\Dean\source\repos\deanable\synapic.net\build\_python\win-x64\python\Lib\subprocess.py", line 548, in run
    with Popen(*popenargs, **kwargs) as process:
         ^^^^^^^^^^^^^^^^^^^^^^^^^^^
  File "C:\Users\Dean\source\repos\deanable\synapic.net\build\_python\win-x64\python\Lib\subprocess.py", line 1026, in __init__
    self._execute_child(args, executable, preexec_fn, close_fds,
  File "C:\Users\Dean\source\repos\deanable\synapic.net\build\_python\win-x64\python\Lib\subprocess.py", line 1538, in _execute_child
    hp, ht, pid, tid = _winapi.CreateProcess(executable, args,
                       ^^^^^^^^^^^^^^^^^^^^^^^^^^^^^^^^^^^^^^^
FileNotFoundError: [WinError 2] The system cannot find the file specified
158317 INFO: Executing: strip C:\Users\Dean\AppData\Local\pyinstaller\bincache10py31164bit\PIL\_imagingcms.cp311-win_amd64.pyd
158318 WARNING: Failed to run strip on 'C:\\Users\\Dean\\AppData\\Local\\pyinstaller\\bincache10py31164bit\\PIL\\_imagingcms.cp311-win_amd64.pyd'!
Traceback (most recent call last):
  File "C:\Users\Dean\source\repos\deanable\synapic.net\build\_python\win-x64\python\Lib\site-packages\PyInstaller\building\utils.py", line 250, in process_collected_binary
    p = subprocess.run(
        ^^^^^^^^^^^^^^^
  File "C:\Users\Dean\source\repos\deanable\synapic.net\build\_python\win-x64\python\Lib\subprocess.py", line 548, in run
    with Popen(*popenargs, **kwargs) as process:
         ^^^^^^^^^^^^^^^^^^^^^^^^^^^
  File "C:\Users\Dean\source\repos\deanable\synapic.net\build\_python\win-x64\python\Lib\subprocess.py", line 1026, in __init__
    self._execute_child(args, executable, preexec_fn, close_fds,
  File "C:\Users\Dean\source\repos\deanable\synapic.net\build\_python\win-x64\python\Lib\subprocess.py", line 1538, in _execute_child
    hp, ht, pid, tid = _winapi.CreateProcess(executable, args,
                       ^^^^^^^^^^^^^^^^^^^^^^^^^^^^^^^^^^^^^^^
FileNotFoundError: [WinError 2] The system cannot find the file specified
158321 INFO: Executing: strip C:\Users\Dean\AppData\Local\pyinstaller\bincache10py31164bit\PIL\_imagingmath.cp311-win_amd64.pyd
158322 WARNING: Failed to run strip on 'C:\\Users\\Dean\\AppData\\Local\\pyinstaller\\bincache10py31164bit\\PIL\\_imagingmath.cp311-win_amd64.pyd'!
Traceback (most recent call last):
  File "C:\Users\Dean\source\repos\deanable\synapic.net\build\_python\win-x64\python\Lib\site-packages\PyInstaller\building\utils.py", line 250, in process_collected_binary
    p = subprocess.run(
        ^^^^^^^^^^^^^^^
  File "C:\Users\Dean\source\repos\deanable\synapic.net\build\_python\win-x64\python\Lib\subprocess.py", line 548, in run
    with Popen(*popenargs, **kwargs) as process:
         ^^^^^^^^^^^^^^^^^^^^^^^^^^^
  File "C:\Users\Dean\source\repos\deanable\synapic.net\build\_python\win-x64\python\Lib\subprocess.py", line 1026, in __init__
    self._execute_child(args, executable, preexec_fn, close_fds,
  File "C:\Users\Dean\source\repos\deanable\synapic.net\build\_python\win-x64\python\Lib\subprocess.py", line 1538, in _execute_child
    hp, ht, pid, tid = _winapi.CreateProcess(executable, args,
                       ^^^^^^^^^^^^^^^^^^^^^^^^^^^^^^^^^^^^^^^
FileNotFoundError: [WinError 2] The system cannot find the file specified
158329 INFO: Executing: strip C:\Users\Dean\AppData\Local\pyinstaller\bincache10py31164bit\_elementtree.pyd
158329 WARNING: Failed to run strip on 'C:\\Users\\Dean\\AppData\\Local\\pyinstaller\\bincache10py31164bit\\_elementtree.pyd'!
Traceback (most recent call last):
  File "C:\Users\Dean\source\repos\deanable\synapic.net\build\_python\win-x64\python\Lib\site-packages\PyInstaller\building\utils.py", line 250, in process_collected_binary
    p = subprocess.run(
        ^^^^^^^^^^^^^^^
  File "C:\Users\Dean\source\repos\deanable\synapic.net\build\_python\win-x64\python\Lib\subprocess.py", line 548, in run
    with Popen(*popenargs, **kwargs) as process:
         ^^^^^^^^^^^^^^^^^^^^^^^^^^^
  File "C:\Users\Dean\source\repos\deanable\synapic.net\build\_python\win-x64\python\Lib\subprocess.py", line 1026, in __init__
    self._execute_child(args, executable, preexec_fn, close_fds,
  File "C:\Users\Dean\source\repos\deanable\synapic.net\build\_python\win-x64\python\Lib\subprocess.py", line 1538, in _execute_child
    hp, ht, pid, tid = _winapi.CreateProcess(executable, args,
                       ^^^^^^^^^^^^^^^^^^^^^^^^^^^^^^^^^^^^^^^
FileNotFoundError: [WinError 2] The system cannot find the file specified
158356 INFO: Executing: strip C:\Users\Dean\AppData\Local\pyinstaller\bincache10py31164bit\pydantic_core\_pydantic_core.cp311-win_amd64.pyd
158357 WARNING: Failed to run strip on 'C:\\Users\\Dean\\AppData\\Local\\pyinstaller\\bincache10py31164bit\\pydantic_core\\_pydantic_core.cp311-win_amd64.pyd'!
Traceback (most recent call last):
  File "C:\Users\Dean\source\repos\deanable\synapic.net\build\_python\win-x64\python\Lib\site-packages\PyInstaller\building\utils.py", line 250, in process_collected_binary
    p = subprocess.run(
        ^^^^^^^^^^^^^^^
  File "C:\Users\Dean\source\repos\deanable\synapic.net\build\_python\win-x64\python\Lib\subprocess.py", line 548, in run
    with Popen(*popenargs, **kwargs) as process:
         ^^^^^^^^^^^^^^^^^^^^^^^^^^^
  File "C:\Users\Dean\source\repos\deanable\synapic.net\build\_python\win-x64\python\Lib\subprocess.py", line 1026, in __init__
    self._execute_child(args, executable, preexec_fn, close_fds,
  File "C:\Users\Dean\source\repos\deanable\synapic.net\build\_python\win-x64\python\Lib\subprocess.py", line 1538, in _execute_child
    hp, ht, pid, tid = _winapi.CreateProcess(executable, args,
                       ^^^^^^^^^^^^^^^^^^^^^^^^^^^^^^^^^^^^^^^
FileNotFoundError: [WinError 2] The system cannot find the file specified
158369 INFO: Executing: strip C:\Users\Dean\AppData\Local\pyinstaller\bincache10py31164bit\google\_upb\_message.pyd
158371 WARNING: Failed to run strip on 'C:\\Users\\Dean\\AppData\\Local\\pyinstaller\\bincache10py31164bit\\google\\_upb\\_message.pyd'!
Traceback (most recent call last):
  File "C:\Users\Dean\source\repos\deanable\synapic.net\build\_python\win-x64\python\Lib\site-packages\PyInstaller\building\utils.py", line 250, in process_collected_binary
    p = subprocess.run(
        ^^^^^^^^^^^^^^^
  File "C:\Users\Dean\source\repos\deanable\synapic.net\build\_python\win-x64\python\Lib\subprocess.py", line 548, in run
    with Popen(*popenargs, **kwargs) as process:
         ^^^^^^^^^^^^^^^^^^^^^^^^^^^
  File "C:\Users\Dean\source\repos\deanable\synapic.net\build\_python\win-x64\python\Lib\subprocess.py", line 1026, in __init__
    self._execute_child(args, executable, preexec_fn, close_fds,
  File "C:\Users\Dean\source\repos\deanable\synapic.net\build\_python\win-x64\python\Lib\subprocess.py", line 1538, in _execute_child
    hp, ht, pid, tid = _winapi.CreateProcess(executable, args,
                       ^^^^^^^^^^^^^^^^^^^^^^^^^^^^^^^^^^^^^^^
FileNotFoundError: [WinError 2] The system cannot find the file specified
158379 INFO: Executing: strip C:\Users\Dean\AppData\Local\pyinstaller\bincache10py31164bit\_sqlite3.pyd
158381 WARNING: Failed to run strip on 'C:\\Users\\Dean\\AppData\\Local\\pyinstaller\\bincache10py31164bit\\_sqlite3.pyd'!
Traceback (most recent call last):
  File "C:\Users\Dean\source\repos\deanable\synapic.net\build\_python\win-x64\python\Lib\site-packages\PyInstaller\building\utils.py", line 250, in process_collected_binary
    p = subprocess.run(
        ^^^^^^^^^^^^^^^
  File "C:\Users\Dean\source\repos\deanable\synapic.net\build\_python\win-x64\python\Lib\subprocess.py", line 548, in run
    with Popen(*popenargs, **kwargs) as process:
         ^^^^^^^^^^^^^^^^^^^^^^^^^^^
  File "C:\Users\Dean\source\repos\deanable\synapic.net\build\_python\win-x64\python\Lib\subprocess.py", line 1026, in __init__
    self._execute_child(args, executable, preexec_fn, close_fds,
  File "C:\Users\Dean\source\repos\deanable\synapic.net\build\_python\win-x64\python\Lib\subprocess.py", line 1538, in _execute_child
    hp, ht, pid, tid = _winapi.CreateProcess(executable, args,
                       ^^^^^^^^^^^^^^^^^^^^^^^^^^^^^^^^^^^^^^^
FileNotFoundError: [WinError 2] The system cannot find the file specified
158384 INFO: Executing: strip C:\Users\Dean\AppData\Local\pyinstaller\bincache10py31164bit\markupsafe\_speedups.cp311-win_amd64.pyd
158385 WARNING: Failed to run strip on 'C:\\Users\\Dean\\AppData\\Local\\pyinstaller\\bincache10py31164bit\\markupsafe\\_speedups.cp311-win_amd64.pyd'!
Traceback (most recent call last):
  File "C:\Users\Dean\source\repos\deanable\synapic.net\build\_python\win-x64\python\Lib\site-packages\PyInstaller\building\utils.py", line 250, in process_collected_binary
    p = subprocess.run(
        ^^^^^^^^^^^^^^^
  File "C:\Users\Dean\source\repos\deanable\synapic.net\build\_python\win-x64\python\Lib\subprocess.py", line 548, in run
    with Popen(*popenargs, **kwargs) as process:
         ^^^^^^^^^^^^^^^^^^^^^^^^^^^
  File "C:\Users\Dean\source\repos\deanable\synapic.net\build\_python\win-x64\python\Lib\subprocess.py", line 1026, in __init__
    self._execute_child(args, executable, preexec_fn, close_fds,
  File "C:\Users\Dean\source\repos\deanable\synapic.net\build\_python\win-x64\python\Lib\subprocess.py", line 1538, in _execute_child
    hp, ht, pid, tid = _winapi.CreateProcess(executable, args,
                       ^^^^^^^^^^^^^^^^^^^^^^^^^^^^^^^^^^^^^^^
FileNotFoundError: [WinError 2] The system cannot find the file specified
158389 INFO: Executing: strip C:\Users\Dean\AppData\Local\pyinstaller\bincache10py31164bit\torch\_C.cp311-win_amd64.pyd
158390 WARNING: Failed to run strip on 'C:\\Users\\Dean\\AppData\\Local\\pyinstaller\\bincache10py31164bit\\torch\\_C.cp311-win_amd64.pyd'!
Traceback (most recent call last):
  File "C:\Users\Dean\source\repos\deanable\synapic.net\build\_python\win-x64\python\Lib\site-packages\PyInstaller\building\utils.py", line 250, in process_collected_binary
    p = subprocess.run(
        ^^^^^^^^^^^^^^^
  File "C:\Users\Dean\source\repos\deanable\synapic.net\build\_python\win-x64\python\Lib\subprocess.py", line 548, in run
    with Popen(*popenargs, **kwargs) as process:
         ^^^^^^^^^^^^^^^^^^^^^^^^^^^
  File "C:\Users\Dean\source\repos\deanable\synapic.net\build\_python\win-x64\python\Lib\subprocess.py", line 1026, in __init__
    self._execute_child(args, executable, preexec_fn, close_fds,
  File "C:\Users\Dean\source\repos\deanable\synapic.net\build\_python\win-x64\python\Lib\subprocess.py", line 1538, in _execute_child
    hp, ht, pid, tid = _winapi.CreateProcess(executable, args,
                       ^^^^^^^^^^^^^^^^^^^^^^^^^^^^^^^^^^^^^^^
FileNotFoundError: [WinError 2] The system cannot find the file specified
158394 INFO: Executing: strip C:\Users\Dean\AppData\Local\pyinstaller\bincache10py31164bit\av\video\reformatter.pyd
158395 WARNING: Failed to run strip on 'C:\\Users\\Dean\\AppData\\Local\\pyinstaller\\bincache10py31164bit\\av\\video\\reformatter.pyd'!
Traceback (most recent call last):
  File "C:\Users\Dean\source\repos\deanable\synapic.net\build\_python\win-x64\python\Lib\site-packages\PyInstaller\building\utils.py", line 250, in process_collected_binary
    p = subprocess.run(
        ^^^^^^^^^^^^^^^
  File "C:\Users\Dean\source\repos\deanable\synapic.net\build\_python\win-x64\python\Lib\subprocess.py", line 548, in run
    with Popen(*popenargs, **kwargs) as process:
         ^^^^^^^^^^^^^^^^^^^^^^^^^^^
  File "C:\Users\Dean\source\repos\deanable\synapic.net\build\_python\win-x64\python\Lib\subprocess.py", line 1026, in __init__
    self._execute_child(args, executable, preexec_fn, close_fds,
  File "C:\Users\Dean\source\repos\deanable\synapic.net\build\_python\win-x64\python\Lib\subprocess.py", line 1538, in _execute_child
    hp, ht, pid, tid = _winapi.CreateProcess(executable, args,
                       ^^^^^^^^^^^^^^^^^^^^^^^^^^^^^^^^^^^^^^^
FileNotFoundError: [WinError 2] The system cannot find the file specified
158401 INFO: Executing: strip C:\Users\Dean\AppData\Local\pyinstaller\bincache10py31164bit\av\video\plane.pyd
158402 WARNING: Failed to run strip on 'C:\\Users\\Dean\\AppData\\Local\\pyinstaller\\bincache10py31164bit\\av\\video\\plane.pyd'!
Traceback (most recent call last):
  File "C:\Users\Dean\source\repos\deanable\synapic.net\build\_python\win-x64\python\Lib\site-packages\PyInstaller\building\utils.py", line 250, in process_collected_binary
    p = subprocess.run(
        ^^^^^^^^^^^^^^^
  File "C:\Users\Dean\source\repos\deanable\synapic.net\build\_python\win-x64\python\Lib\subprocess.py", line 548, in run
    with Popen(*popenargs, **kwargs) as process:
         ^^^^^^^^^^^^^^^^^^^^^^^^^^^
  File "C:\Users\Dean\source\repos\deanable\synapic.net\build\_python\win-x64\python\Lib\subprocess.py", line 1026, in __init__
    self._execute_child(args, executable, preexec_fn, close_fds,
  File "C:\Users\Dean\source\repos\deanable\synapic.net\build\_python\win-x64\python\Lib\subprocess.py", line 1538, in _execute_child
    hp, ht, pid, tid = _winapi.CreateProcess(executable, args,
                       ^^^^^^^^^^^^^^^^^^^^^^^^^^^^^^^^^^^^^^^
FileNotFoundError: [WinError 2] The system cannot find the file specified
158409 INFO: Executing: strip C:\Users\Dean\AppData\Local\pyinstaller\bincache10py31164bit\av\utils.pyd
158409 WARNING: Failed to run strip on 'C:\\Users\\Dean\\AppData\\Local\\pyinstaller\\bincache10py31164bit\\av\\utils.pyd'!
Traceback (most recent call last):
  File "C:\Users\Dean\source\repos\deanable\synapic.net\build\_python\win-x64\python\Lib\site-packages\PyInstaller\building\utils.py", line 250, in process_collected_binary
    p = subprocess.run(
        ^^^^^^^^^^^^^^^
  File "C:\Users\Dean\source\repos\deanable\synapic.net\build\_python\win-x64\python\Lib\subprocess.py", line 548, in run
    with Popen(*popenargs, **kwargs) as process:
         ^^^^^^^^^^^^^^^^^^^^^^^^^^^
  File "C:\Users\Dean\source\repos\deanable\synapic.net\build\_python\win-x64\python\Lib\subprocess.py", line 1026, in __init__
    self._execute_child(args, executable, preexec_fn, close_fds,
  File "C:\Users\Dean\source\repos\deanable\synapic.net\build\_python\win-x64\python\Lib\subprocess.py", line 1538, in _execute_child
    hp, ht, pid, tid = _winapi.CreateProcess(executable, args,
                       ^^^^^^^^^^^^^^^^^^^^^^^^^^^^^^^^^^^^^^^
FileNotFoundError: [WinError 2] The system cannot find the file specified
158416 INFO: Executing: strip C:\Users\Dean\AppData\Local\pyinstaller\bincache10py31164bit\av\subtitles\subtitle.pyd
158417 WARNING: Failed to run strip on 'C:\\Users\\Dean\\AppData\\Local\\pyinstaller\\bincache10py31164bit\\av\\subtitles\\subtitle.pyd'!
Traceback (most recent call last):
  File "C:\Users\Dean\source\repos\deanable\synapic.net\build\_python\win-x64\python\Lib\site-packages\PyInstaller\building\utils.py", line 250, in process_collected_binary
    p = subprocess.run(
        ^^^^^^^^^^^^^^^
  File "C:\Users\Dean\source\repos\deanable\synapic.net\build\_python\win-x64\python\Lib\subprocess.py", line 548, in run
    with Popen(*popenargs, **kwargs) as process:
         ^^^^^^^^^^^^^^^^^^^^^^^^^^^
  File "C:\Users\Dean\source\repos\deanable\synapic.net\build\_python\win-x64\python\Lib\subprocess.py", line 1026, in __init__
    self._execute_child(args, executable, preexec_fn, close_fds,
  File "C:\Users\Dean\source\repos\deanable\synapic.net\build\_python\win-x64\python\Lib\subprocess.py", line 1538, in _execute_child
    hp, ht, pid, tid = _winapi.CreateProcess(executable, args,
                       ^^^^^^^^^^^^^^^^^^^^^^^^^^^^^^^^^^^^^^^
FileNotFoundError: [WinError 2] The system cannot find the file specified
158423 INFO: Executing: strip C:\Users\Dean\AppData\Local\pyinstaller\bincache10py31164bit\av\subtitles\stream.pyd
158425 WARNING: Failed to run strip on 'C:\\Users\\Dean\\AppData\\Local\\pyinstaller\\bincache10py31164bit\\av\\subtitles\\stream.pyd'!
Traceback (most recent call last):
  File "C:\Users\Dean\source\repos\deanable\synapic.net\build\_python\win-x64\python\Lib\site-packages\PyInstaller\building\utils.py", line 250, in process_collected_binary
    p = subprocess.run(
        ^^^^^^^^^^^^^^^
  File "C:\Users\Dean\source\repos\deanable\synapic.net\build\_python\win-x64\python\Lib\subprocess.py", line 548, in run
    with Popen(*popenargs, **kwargs) as process:
         ^^^^^^^^^^^^^^^^^^^^^^^^^^^
  File "C:\Users\Dean\source\repos\deanable\synapic.net\build\_python\win-x64\python\Lib\subprocess.py", line 1026, in __init__
    self._execute_child(args, executable, preexec_fn, close_fds,
  File "C:\Users\Dean\source\repos\deanable\synapic.net\build\_python\win-x64\python\Lib\subprocess.py", line 1538, in _execute_child
    hp, ht, pid, tid = _winapi.CreateProcess(executable, args,
                       ^^^^^^^^^^^^^^^^^^^^^^^^^^^^^^^^^^^^^^^
FileNotFoundError: [WinError 2] The system cannot find the file specified
158431 INFO: Executing: strip C:\Users\Dean\AppData\Local\pyinstaller\bincache10py31164bit\av\subtitles\codeccontext.pyd
158432 WARNING: Failed to run strip on 'C:\\Users\\Dean\\AppData\\Local\\pyinstaller\\bincache10py31164bit\\av\\subtitles\\codeccontext.pyd'!
Traceback (most recent call last):
  File "C:\Users\Dean\source\repos\deanable\synapic.net\build\_python\win-x64\python\Lib\site-packages\PyInstaller\building\utils.py", line 250, in process_collected_binary
    p = subprocess.run(
        ^^^^^^^^^^^^^^^
  File "C:\Users\Dean\source\repos\deanable\synapic.net\build\_python\win-x64\python\Lib\subprocess.py", line 548, in run
    with Popen(*popenargs, **kwargs) as process:
         ^^^^^^^^^^^^^^^^^^^^^^^^^^^
  File "C:\Users\Dean\source\repos\deanable\synapic.net\build\_python\win-x64\python\Lib\subprocess.py", line 1026, in __init__
    self._execute_child(args, executable, preexec_fn, close_fds,
  File "C:\Users\Dean\source\repos\deanable\synapic.net\build\_python\win-x64\python\Lib\subprocess.py", line 1538, in _execute_child
    hp, ht, pid, tid = _winapi.CreateProcess(executable, args,
                       ^^^^^^^^^^^^^^^^^^^^^^^^^^^^^^^^^^^^^^^
FileNotFoundError: [WinError 2] The system cannot find the file specified
158437 INFO: Executing: strip C:\Users\Dean\AppData\Local\pyinstaller\bincache10py31164bit\av\stream.pyd
158438 WARNING: Failed to run strip on 'C:\\Users\\Dean\\AppData\\Local\\pyinstaller\\bincache10py31164bit\\av\\stream.pyd'!
Traceback (most recent call last):
  File "C:\Users\Dean\source\repos\deanable\synapic.net\build\_python\win-x64\python\Lib\site-packages\PyInstaller\building\utils.py", line 250, in process_collected_binary
    p = subprocess.run(
        ^^^^^^^^^^^^^^^
  File "C:\Users\Dean\source\repos\deanable\synapic.net\build\_python\win-x64\python\Lib\subprocess.py", line 548, in run
    with Popen(*popenargs, **kwargs) as process:
         ^^^^^^^^^^^^^^^^^^^^^^^^^^^
  File "C:\Users\Dean\source\repos\deanable\synapic.net\build\_python\win-x64\python\Lib\subprocess.py", line 1026, in __init__
    self._execute_child(args, executable, preexec_fn, close_fds,
  File "C:\Users\Dean\source\repos\deanable\synapic.net\build\_python\win-x64\python\Lib\subprocess.py", line 1538, in _execute_child
    hp, ht, pid, tid = _winapi.CreateProcess(executable, args,
                       ^^^^^^^^^^^^^^^^^^^^^^^^^^^^^^^^^^^^^^^
FileNotFoundError: [WinError 2] The system cannot find the file specified
158445 INFO: Executing: strip C:\Users\Dean\AppData\Local\pyinstaller\bincache10py31164bit\av\sidedata\sidedata.pyd
158446 WARNING: Failed to run strip on 'C:\\Users\\Dean\\AppData\\Local\\pyinstaller\\bincache10py31164bit\\av\\sidedata\\sidedata.pyd'!
Traceback (most recent call last):
  File "C:\Users\Dean\source\repos\deanable\synapic.net\build\_python\win-x64\python\Lib\site-packages\PyInstaller\building\utils.py", line 250, in process_collected_binary
    p = subprocess.run(
        ^^^^^^^^^^^^^^^
  File "C:\Users\Dean\source\repos\deanable\synapic.net\build\_python\win-x64\python\Lib\subprocess.py", line 548, in run
    with Popen(*popenargs, **kwargs) as process:
         ^^^^^^^^^^^^^^^^^^^^^^^^^^^
  File "C:\Users\Dean\source\repos\deanable\synapic.net\build\_python\win-x64\python\Lib\subprocess.py", line 1026, in __init__
    self._execute_child(args, executable, preexec_fn, close_fds,
  File "C:\Users\Dean\source\repos\deanable\synapic.net\build\_python\win-x64\python\Lib\subprocess.py", line 1538, in _execute_child
    hp, ht, pid, tid = _winapi.CreateProcess(executable, args,
                       ^^^^^^^^^^^^^^^^^^^^^^^^^^^^^^^^^^^^^^^
FileNotFoundError: [WinError 2] The system cannot find the file specified
158452 INFO: Executing: strip C:\Users\Dean\AppData\Local\pyinstaller\bincache10py31164bit\av\sidedata\motionvectors.pyd
158453 WARNING: Failed to run strip on 'C:\\Users\\Dean\\AppData\\Local\\pyinstaller\\bincache10py31164bit\\av\\sidedata\\motionvectors.pyd'!
Traceback (most recent call last):
  File "C:\Users\Dean\source\repos\deanable\synapic.net\build\_python\win-x64\python\Lib\site-packages\PyInstaller\building\utils.py", line 250, in process_collected_binary
    p = subprocess.run(
        ^^^^^^^^^^^^^^^
  File "C:\Users\Dean\source\repos\deanable\synapic.net\build\_python\win-x64\python\Lib\subprocess.py", line 548, in run
    with Popen(*popenargs, **kwargs) as process:
         ^^^^^^^^^^^^^^^^^^^^^^^^^^^
  File "C:\Users\Dean\source\repos\deanable\synapic.net\build\_python\win-x64\python\Lib\subprocess.py", line 1026, in __init__
    self._execute_child(args, executable, preexec_fn, close_fds,
  File "C:\Users\Dean\source\repos\deanable\synapic.net\build\_python\win-x64\python\Lib\subprocess.py", line 1538, in _execute_child
    hp, ht, pid, tid = _winapi.CreateProcess(executable, args,
                       ^^^^^^^^^^^^^^^^^^^^^^^^^^^^^^^^^^^^^^^
FileNotFoundError: [WinError 2] The system cannot find the file specified
158459 INFO: Executing: strip C:\Users\Dean\AppData\Local\pyinstaller\bincache10py31164bit\av\sidedata\encparams.pyd
158461 WARNING: Failed to run strip on 'C:\\Users\\Dean\\AppData\\Local\\pyinstaller\\bincache10py31164bit\\av\\sidedata\\encparams.pyd'!
Traceback (most recent call last):
  File "C:\Users\Dean\source\repos\deanable\synapic.net\build\_python\win-x64\python\Lib\site-packages\PyInstaller\building\utils.py", line 250, in process_collected_binary
    p = subprocess.run(
        ^^^^^^^^^^^^^^^
  File "C:\Users\Dean\source\repos\deanable\synapic.net\build\_python\win-x64\python\Lib\subprocess.py", line 548, in run
    with Popen(*popenargs, **kwargs) as process:
         ^^^^^^^^^^^^^^^^^^^^^^^^^^^
  File "C:\Users\Dean\source\repos\deanable\synapic.net\build\_python\win-x64\python\Lib\subprocess.py", line 1026, in __init__
    self._execute_child(args, executable, preexec_fn, close_fds,
  File "C:\Users\Dean\source\repos\deanable\synapic.net\build\_python\win-x64\python\Lib\subprocess.py", line 1538, in _execute_child
    hp, ht, pid, tid = _winapi.CreateProcess(executable, args,
                       ^^^^^^^^^^^^^^^^^^^^^^^^^^^^^^^^^^^^^^^
FileNotFoundError: [WinError 2] The system cannot find the file specified
158467 INFO: Executing: strip C:\Users\Dean\AppData\Local\pyinstaller\bincache10py31164bit\av\plane.pyd
158468 WARNING: Failed to run strip on 'C:\\Users\\Dean\\AppData\\Local\\pyinstaller\\bincache10py31164bit\\av\\plane.pyd'!
Traceback (most recent call last):
  File "C:\Users\Dean\source\repos\deanable\synapic.net\build\_python\win-x64\python\Lib\site-packages\PyInstaller\building\utils.py", line 250, in process_collected_binary
    p = subprocess.run(
        ^^^^^^^^^^^^^^^
  File "C:\Users\Dean\source\repos\deanable\synapic.net\build\_python\win-x64\python\Lib\subprocess.py", line 548, in run
    with Popen(*popenargs, **kwargs) as process:
         ^^^^^^^^^^^^^^^^^^^^^^^^^^^
  File "C:\Users\Dean\source\repos\deanable\synapic.net\build\_python\win-x64\python\Lib\subprocess.py", line 1026, in __init__
    self._execute_child(args, executable, preexec_fn, close_fds,
  File "C:\Users\Dean\source\repos\deanable\synapic.net\build\_python\win-x64\python\Lib\subprocess.py", line 1538, in _execute_child
    hp, ht, pid, tid = _winapi.CreateProcess(executable, args,
                       ^^^^^^^^^^^^^^^^^^^^^^^^^^^^^^^^^^^^^^^
FileNotFoundError: [WinError 2] The system cannot find the file specified
158471 INFO: Executing: strip C:\Users\Dean\AppData\Local\pyinstaller\bincache10py31164bit\av\opaque.pyd
158472 WARNING: Failed to run strip on 'C:\\Users\\Dean\\AppData\\Local\\pyinstaller\\bincache10py31164bit\\av\\opaque.pyd'!
Traceback (most recent call last):
  File "C:\Users\Dean\source\repos\deanable\synapic.net\build\_python\win-x64\python\Lib\site-packages\PyInstaller\building\utils.py", line 250, in process_collected_binary
    p = subprocess.run(
        ^^^^^^^^^^^^^^^
  File "C:\Users\Dean\source\repos\deanable\synapic.net\build\_python\win-x64\python\Lib\subprocess.py", line 548, in run
    with Popen(*popenargs, **kwargs) as process:
         ^^^^^^^^^^^^^^^^^^^^^^^^^^^
  File "C:\Users\Dean\source\repos\deanable\synapic.net\build\_python\win-x64\python\Lib\subprocess.py", line 1026, in __init__
    self._execute_child(args, executable, preexec_fn, close_fds,
  File "C:\Users\Dean\source\repos\deanable\synapic.net\build\_python\win-x64\python\Lib\subprocess.py", line 1538, in _execute_child
    hp, ht, pid, tid = _winapi.CreateProcess(executable, args,
                       ^^^^^^^^^^^^^^^^^^^^^^^^^^^^^^^^^^^^^^^
FileNotFoundError: [WinError 2] The system cannot find the file specified
158476 INFO: Executing: strip C:\Users\Dean\AppData\Local\pyinstaller\bincache10py31164bit\av\index.pyd
158477 WARNING: Failed to run strip on 'C:\\Users\\Dean\\AppData\\Local\\pyinstaller\\bincache10py31164bit\\av\\index.pyd'!
Traceback (most recent call last):
  File "C:\Users\Dean\source\repos\deanable\synapic.net\build\_python\win-x64\python\Lib\site-packages\PyInstaller\building\utils.py", line 250, in process_collected_binary
    p = subprocess.run(
        ^^^^^^^^^^^^^^^
  File "C:\Users\Dean\source\repos\deanable\synapic.net\build\_python\win-x64\python\Lib\subprocess.py", line 548, in run
    with Popen(*popenargs, **kwargs) as process:
         ^^^^^^^^^^^^^^^^^^^^^^^^^^^
  File "C:\Users\Dean\source\repos\deanable\synapic.net\build\_python\win-x64\python\Lib\subprocess.py", line 1026, in __init__
    self._execute_child(args, executable, preexec_fn, close_fds,
  File "C:\Users\Dean\source\repos\deanable\synapic.net\build\_python\win-x64\python\Lib\subprocess.py", line 1538, in _execute_child
    hp, ht, pid, tid = _winapi.CreateProcess(executable, args,
                       ^^^^^^^^^^^^^^^^^^^^^^^^^^^^^^^^^^^^^^^
FileNotFoundError: [WinError 2] The system cannot find the file specified
158485 INFO: Executing: strip C:\Users\Dean\AppData\Local\pyinstaller\bincache10py31164bit\av\frame.pyd
158486 WARNING: Failed to run strip on 'C:\\Users\\Dean\\AppData\\Local\\pyinstaller\\bincache10py31164bit\\av\\frame.pyd'!
Traceback (most recent call last):
  File "C:\Users\Dean\source\repos\deanable\synapic.net\build\_python\win-x64\python\Lib\site-packages\PyInstaller\building\utils.py", line 250, in process_collected_binary
    p = subprocess.run(
        ^^^^^^^^^^^^^^^
  File "C:\Users\Dean\source\repos\deanable\synapic.net\build\_python\win-x64\python\Lib\subprocess.py", line 548, in run
    with Popen(*popenargs, **kwargs) as process:
         ^^^^^^^^^^^^^^^^^^^^^^^^^^^
  File "C:\Users\Dean\source\repos\deanable\synapic.net\build\_python\win-x64\python\Lib\subprocess.py", line 1026, in __init__
    self._execute_child(args, executable, preexec_fn, close_fds,
  File "C:\Users\Dean\source\repos\deanable\synapic.net\build\_python\win-x64\python\Lib\subprocess.py", line 1538, in _execute_child
    hp, ht, pid, tid = _winapi.CreateProcess(executable, args,
                       ^^^^^^^^^^^^^^^^^^^^^^^^^^^^^^^^^^^^^^^
FileNotFoundError: [WinError 2] The system cannot find the file specified
158497 INFO: Executing: strip C:\Users\Dean\AppData\Local\pyinstaller\bincache10py31164bit\av\filter\loudnorm.pyd
158498 WARNING: Failed to run strip on 'C:\\Users\\Dean\\AppData\\Local\\pyinstaller\\bincache10py31164bit\\av\\filter\\loudnorm.pyd'!
Traceback (most recent call last):
  File "C:\Users\Dean\source\repos\deanable\synapic.net\build\_python\win-x64\python\Lib\site-packages\PyInstaller\building\utils.py", line 250, in process_collected_binary
    p = subprocess.run(
        ^^^^^^^^^^^^^^^
  File "C:\Users\Dean\source\repos\deanable\synapic.net\build\_python\win-x64\python\Lib\subprocess.py", line 548, in run
    with Popen(*popenargs, **kwargs) as process:
         ^^^^^^^^^^^^^^^^^^^^^^^^^^^
  File "C:\Users\Dean\source\repos\deanable\synapic.net\build\_python\win-x64\python\Lib\subprocess.py", line 1026, in __init__
    self._execute_child(args, executable, preexec_fn, close_fds,
  File "C:\Users\Dean\source\repos\deanable\synapic.net\build\_python\win-x64\python\Lib\subprocess.py", line 1538, in _execute_child
    hp, ht, pid, tid = _winapi.CreateProcess(executable, args,
                       ^^^^^^^^^^^^^^^^^^^^^^^^^^^^^^^^^^^^^^^
FileNotFoundError: [WinError 2] The system cannot find the file specified
158507 INFO: Executing: strip C:\Users\Dean\AppData\Local\pyinstaller\bincache10py31164bit\av\filter\link.pyd
158508 WARNING: Failed to run strip on 'C:\\Users\\Dean\\AppData\\Local\\pyinstaller\\bincache10py31164bit\\av\\filter\\link.pyd'!
Traceback (most recent call last):
  File "C:\Users\Dean\source\repos\deanable\synapic.net\build\_python\win-x64\python\Lib\site-packages\PyInstaller\building\utils.py", line 250, in process_collected_binary
    p = subprocess.run(
        ^^^^^^^^^^^^^^^
  File "C:\Users\Dean\source\repos\deanable\synapic.net\build\_python\win-x64\python\Lib\subprocess.py", line 548, in run
    with Popen(*popenargs, **kwargs) as process:
         ^^^^^^^^^^^^^^^^^^^^^^^^^^^
  File "C:\Users\Dean\source\repos\deanable\synapic.net\build\_python\win-x64\python\Lib\subprocess.py", line 1026, in __init__
    self._execute_child(args, executable, preexec_fn, close_fds,
  File "C:\Users\Dean\source\repos\deanable\synapic.net\build\_python\win-x64\python\Lib\subprocess.py", line 1538, in _execute_child
    hp, ht, pid, tid = _winapi.CreateProcess(executable, args,
                       ^^^^^^^^^^^^^^^^^^^^^^^^^^^^^^^^^^^^^^^
FileNotFoundError: [WinError 2] The system cannot find the file specified
158516 INFO: Executing: strip C:\Users\Dean\AppData\Local\pyinstaller\bincache10py31164bit\av\filter\graph.pyd
158517 WARNING: Failed to run strip on 'C:\\Users\\Dean\\AppData\\Local\\pyinstaller\\bincache10py31164bit\\av\\filter\\graph.pyd'!
Traceback (most recent call last):
  File "C:\Users\Dean\source\repos\deanable\synapic.net\build\_python\win-x64\python\Lib\site-packages\PyInstaller\building\utils.py", line 250, in process_collected_binary
    p = subprocess.run(
        ^^^^^^^^^^^^^^^
  File "C:\Users\Dean\source\repos\deanable\synapic.net\build\_python\win-x64\python\Lib\subprocess.py", line 548, in run
    with Popen(*popenargs, **kwargs) as process:
         ^^^^^^^^^^^^^^^^^^^^^^^^^^^
  File "C:\Users\Dean\source\repos\deanable\synapic.net\build\_python\win-x64\python\Lib\subprocess.py", line 1026, in __init__
    self._execute_child(args, executable, preexec_fn, close_fds,
  File "C:\Users\Dean\source\repos\deanable\synapic.net\build\_python\win-x64\python\Lib\subprocess.py", line 1538, in _execute_child
    hp, ht, pid, tid = _winapi.CreateProcess(executable, args,
                       ^^^^^^^^^^^^^^^^^^^^^^^^^^^^^^^^^^^^^^^
FileNotFoundError: [WinError 2] The system cannot find the file specified
158524 INFO: Executing: strip C:\Users\Dean\AppData\Local\pyinstaller\bincache10py31164bit\av\filter\filter.pyd
158526 WARNING: Failed to run strip on 'C:\\Users\\Dean\\AppData\\Local\\pyinstaller\\bincache10py31164bit\\av\\filter\\filter.pyd'!
Traceback (most recent call last):
  File "C:\Users\Dean\source\repos\deanable\synapic.net\build\_python\win-x64\python\Lib\site-packages\PyInstaller\building\utils.py", line 250, in process_collected_binary
    p = subprocess.run(
        ^^^^^^^^^^^^^^^
  File "C:\Users\Dean\source\repos\deanable\synapic.net\build\_python\win-x64\python\Lib\subprocess.py", line 548, in run
    with Popen(*popenargs, **kwargs) as process:
         ^^^^^^^^^^^^^^^^^^^^^^^^^^^
  File "C:\Users\Dean\source\repos\deanable\synapic.net\build\_python\win-x64\python\Lib\subprocess.py", line 1026, in __init__
    self._execute_child(args, executable, preexec_fn, close_fds,
  File "C:\Users\Dean\source\repos\deanable\synapic.net\build\_python\win-x64\python\Lib\subprocess.py", line 1538, in _execute_child
    hp, ht, pid, tid = _winapi.CreateProcess(executable, args,
                       ^^^^^^^^^^^^^^^^^^^^^^^^^^^^^^^^^^^^^^^
FileNotFoundError: [WinError 2] The system cannot find the file specified
158533 INFO: Executing: strip C:\Users\Dean\AppData\Local\pyinstaller\bincache10py31164bit\av\filter\context.pyd
158534 WARNING: Failed to run strip on 'C:\\Users\\Dean\\AppData\\Local\\pyinstaller\\bincache10py31164bit\\av\\filter\\context.pyd'!
Traceback (most recent call last):
  File "C:\Users\Dean\source\repos\deanable\synapic.net\build\_python\win-x64\python\Lib\site-packages\PyInstaller\building\utils.py", line 250, in process_collected_binary
    p = subprocess.run(
        ^^^^^^^^^^^^^^^
  File "C:\Users\Dean\source\repos\deanable\synapic.net\build\_python\win-x64\python\Lib\subprocess.py", line 548, in run
    with Popen(*popenargs, **kwargs) as process:
         ^^^^^^^^^^^^^^^^^^^^^^^^^^^
  File "C:\Users\Dean\source\repos\deanable\synapic.net\build\_python\win-x64\python\Lib\subprocess.py", line 1026, in __init__
    self._execute_child(args, executable, preexec_fn, close_fds,
  File "C:\Users\Dean\source\repos\deanable\synapic.net\build\_python\win-x64\python\Lib\subprocess.py", line 1538, in _execute_child
    hp, ht, pid, tid = _winapi.CreateProcess(executable, args,
                       ^^^^^^^^^^^^^^^^^^^^^^^^^^^^^^^^^^^^^^^
FileNotFoundError: [WinError 2] The system cannot find the file specified
158540 INFO: Executing: strip C:\Users\Dean\AppData\Local\pyinstaller\bincache10py31164bit\av\dictionary.pyd
158542 WARNING: Failed to run strip on 'C:\\Users\\Dean\\AppData\\Local\\pyinstaller\\bincache10py31164bit\\av\\dictionary.pyd'!
Traceback (most recent call last):
  File "C:\Users\Dean\source\repos\deanable\synapic.net\build\_python\win-x64\python\Lib\site-packages\PyInstaller\building\utils.py", line 250, in process_collected_binary
    p = subprocess.run(
        ^^^^^^^^^^^^^^^
  File "C:\Users\Dean\source\repos\deanable\synapic.net\build\_python\win-x64\python\Lib\subprocess.py", line 548, in run
    with Popen(*popenargs, **kwargs) as process:
         ^^^^^^^^^^^^^^^^^^^^^^^^^^^
  File "C:\Users\Dean\source\repos\deanable\synapic.net\build\_python\win-x64\python\Lib\subprocess.py", line 1026, in __init__
    self._execute_child(args, executable, preexec_fn, close_fds,
  File "C:\Users\Dean\source\repos\deanable\synapic.net\build\_python\win-x64\python\Lib\subprocess.py", line 1538, in _execute_child
    hp, ht, pid, tid = _winapi.CreateProcess(executable, args,
                       ^^^^^^^^^^^^^^^^^^^^^^^^^^^^^^^^^^^^^^^
FileNotFoundError: [WinError 2] The system cannot find the file specified
158548 INFO: Executing: strip C:\Users\Dean\AppData\Local\pyinstaller\bincache10py31164bit\av\container\streams.pyd
158549 WARNING: Failed to run strip on 'C:\\Users\\Dean\\AppData\\Local\\pyinstaller\\bincache10py31164bit\\av\\container\\streams.pyd'!
Traceback (most recent call last):
  File "C:\Users\Dean\source\repos\deanable\synapic.net\build\_python\win-x64\python\Lib\site-packages\PyInstaller\building\utils.py", line 250, in process_collected_binary
    p = subprocess.run(
        ^^^^^^^^^^^^^^^
  File "C:\Users\Dean\source\repos\deanable\synapic.net\build\_python\win-x64\python\Lib\subprocess.py", line 548, in run
    with Popen(*popenargs, **kwargs) as process:
         ^^^^^^^^^^^^^^^^^^^^^^^^^^^
  File "C:\Users\Dean\source\repos\deanable\synapic.net\build\_python\win-x64\python\Lib\subprocess.py", line 1026, in __init__
    self._execute_child(args, executable, preexec_fn, close_fds,
  File "C:\Users\Dean\source\repos\deanable\synapic.net\build\_python\win-x64\python\Lib\subprocess.py", line 1538, in _execute_child
    hp, ht, pid, tid = _winapi.CreateProcess(executable, args,
                       ^^^^^^^^^^^^^^^^^^^^^^^^^^^^^^^^^^^^^^^
FileNotFoundError: [WinError 2] The system cannot find the file specified
158555 INFO: Executing: strip C:\Users\Dean\AppData\Local\pyinstaller\bincache10py31164bit\av\container\pyio.pyd
158556 WARNING: Failed to run strip on 'C:\\Users\\Dean\\AppData\\Local\\pyinstaller\\bincache10py31164bit\\av\\container\\pyio.pyd'!
Traceback (most recent call last):
  File "C:\Users\Dean\source\repos\deanable\synapic.net\build\_python\win-x64\python\Lib\site-packages\PyInstaller\building\utils.py", line 250, in process_collected_binary
    p = subprocess.run(
        ^^^^^^^^^^^^^^^
  File "C:\Users\Dean\source\repos\deanable\synapic.net\build\_python\win-x64\python\Lib\subprocess.py", line 548, in run
    with Popen(*popenargs, **kwargs) as process:
         ^^^^^^^^^^^^^^^^^^^^^^^^^^^
  File "C:\Users\Dean\source\repos\deanable\synapic.net\build\_python\win-x64\python\Lib\subprocess.py", line 1026, in __init__
    self._execute_child(args, executable, preexec_fn, close_fds,
  File "C:\Users\Dean\source\repos\deanable\synapic.net\build\_python\win-x64\python\Lib\subprocess.py", line 1538, in _execute_child
    hp, ht, pid, tid = _winapi.CreateProcess(executable, args,
                       ^^^^^^^^^^^^^^^^^^^^^^^^^^^^^^^^^^^^^^^
FileNotFoundError: [WinError 2] The system cannot find the file specified
158564 INFO: Executing: strip C:\Users\Dean\AppData\Local\pyinstaller\bincache10py31164bit\av\container\output.pyd
158565 WARNING: Failed to run strip on 'C:\\Users\\Dean\\AppData\\Local\\pyinstaller\\bincache10py31164bit\\av\\container\\output.pyd'!
Traceback (most recent call last):
  File "C:\Users\Dean\source\repos\deanable\synapic.net\build\_python\win-x64\python\Lib\site-packages\PyInstaller\building\utils.py", line 250, in process_collected_binary
    p = subprocess.run(
        ^^^^^^^^^^^^^^^
  File "C:\Users\Dean\source\repos\deanable\synapic.net\build\_python\win-x64\python\Lib\subprocess.py", line 548, in run
    with Popen(*popenargs, **kwargs) as process:
         ^^^^^^^^^^^^^^^^^^^^^^^^^^^
  File "C:\Users\Dean\source\repos\deanable\synapic.net\build\_python\win-x64\python\Lib\subprocess.py", line 1026, in __init__
    self._execute_child(args, executable, preexec_fn, close_fds,
  File "C:\Users\Dean\source\repos\deanable\synapic.net\build\_python\win-x64\python\Lib\subprocess.py", line 1538, in _execute_child
    hp, ht, pid, tid = _winapi.CreateProcess(executable, args,
                       ^^^^^^^^^^^^^^^^^^^^^^^^^^^^^^^^^^^^^^^
FileNotFoundError: [WinError 2] The system cannot find the file specified
158573 INFO: Executing: strip C:\Users\Dean\AppData\Local\pyinstaller\bincache10py31164bit\av\container\input.pyd
158574 WARNING: Failed to run strip on 'C:\\Users\\Dean\\AppData\\Local\\pyinstaller\\bincache10py31164bit\\av\\container\\input.pyd'!
Traceback (most recent call last):
  File "C:\Users\Dean\source\repos\deanable\synapic.net\build\_python\win-x64\python\Lib\site-packages\PyInstaller\building\utils.py", line 250, in process_collected_binary
    p = subprocess.run(
        ^^^^^^^^^^^^^^^
  File "C:\Users\Dean\source\repos\deanable\synapic.net\build\_python\win-x64\python\Lib\subprocess.py", line 548, in run
    with Popen(*popenargs, **kwargs) as process:
         ^^^^^^^^^^^^^^^^^^^^^^^^^^^
  File "C:\Users\Dean\source\repos\deanable\synapic.net\build\_python\win-x64\python\Lib\subprocess.py", line 1026, in __init__
    self._execute_child(args, executable, preexec_fn, close_fds,
  File "C:\Users\Dean\source\repos\deanable\synapic.net\build\_python\win-x64\python\Lib\subprocess.py", line 1538, in _execute_child
    hp, ht, pid, tid = _winapi.CreateProcess(executable, args,
                       ^^^^^^^^^^^^^^^^^^^^^^^^^^^^^^^^^^^^^^^
FileNotFoundError: [WinError 2] The system cannot find the file specified
158582 INFO: Executing: strip C:\Users\Dean\AppData\Local\pyinstaller\bincache10py31164bit\av\container\core.pyd
158584 WARNING: Failed to run strip on 'C:\\Users\\Dean\\AppData\\Local\\pyinstaller\\bincache10py31164bit\\av\\container\\core.pyd'!
Traceback (most recent call last):
  File "C:\Users\Dean\source\repos\deanable\synapic.net\build\_python\win-x64\python\Lib\site-packages\PyInstaller\building\utils.py", line 250, in process_collected_binary
    p = subprocess.run(
        ^^^^^^^^^^^^^^^
  File "C:\Users\Dean\source\repos\deanable\synapic.net\build\_python\win-x64\python\Lib\subprocess.py", line 548, in run
    with Popen(*popenargs, **kwargs) as process:
         ^^^^^^^^^^^^^^^^^^^^^^^^^^^
  File "C:\Users\Dean\source\repos\deanable\synapic.net\build\_python\win-x64\python\Lib\subprocess.py", line 1026, in __init__
    self._execute_child(args, executable, preexec_fn, close_fds,
  File "C:\Users\Dean\source\repos\deanable\synapic.net\build\_python\win-x64\python\Lib\subprocess.py", line 1538, in _execute_child
    hp, ht, pid, tid = _winapi.CreateProcess(executable, args,
                       ^^^^^^^^^^^^^^^^^^^^^^^^^^^^^^^^^^^^^^^
FileNotFoundError: [WinError 2] The system cannot find the file specified
158589 INFO: Executing: strip C:\Users\Dean\AppData\Local\pyinstaller\bincache10py31164bit\av\codec\hwaccel.pyd
158591 WARNING: Failed to run strip on 'C:\\Users\\Dean\\AppData\\Local\\pyinstaller\\bincache10py31164bit\\av\\codec\\hwaccel.pyd'!
Traceback (most recent call last):
  File "C:\Users\Dean\source\repos\deanable\synapic.net\build\_python\win-x64\python\Lib\site-packages\PyInstaller\building\utils.py", line 250, in process_collected_binary
    p = subprocess.run(
        ^^^^^^^^^^^^^^^
  File "C:\Users\Dean\source\repos\deanable\synapic.net\build\_python\win-x64\python\Lib\subprocess.py", line 548, in run
    with Popen(*popenargs, **kwargs) as process:
         ^^^^^^^^^^^^^^^^^^^^^^^^^^^
  File "C:\Users\Dean\source\repos\deanable\synapic.net\build\_python\win-x64\python\Lib\subprocess.py", line 1026, in __init__
    self._execute_child(args, executable, preexec_fn, close_fds,
  File "C:\Users\Dean\source\repos\deanable\synapic.net\build\_python\win-x64\python\Lib\subprocess.py", line 1538, in _execute_child
    hp, ht, pid, tid = _winapi.CreateProcess(executable, args,
                       ^^^^^^^^^^^^^^^^^^^^^^^^^^^^^^^^^^^^^^^
FileNotFoundError: [WinError 2] The system cannot find the file specified
158598 INFO: Executing: strip C:\Users\Dean\AppData\Local\pyinstaller\bincache10py31164bit\av\buffer.pyd
158599 WARNING: Failed to run strip on 'C:\\Users\\Dean\\AppData\\Local\\pyinstaller\\bincache10py31164bit\\av\\buffer.pyd'!
Traceback (most recent call last):
  File "C:\Users\Dean\source\repos\deanable\synapic.net\build\_python\win-x64\python\Lib\site-packages\PyInstaller\building\utils.py", line 250, in process_collected_binary
    p = subprocess.run(
        ^^^^^^^^^^^^^^^
  File "C:\Users\Dean\source\repos\deanable\synapic.net\build\_python\win-x64\python\Lib\subprocess.py", line 548, in run
    with Popen(*popenargs, **kwargs) as process:
         ^^^^^^^^^^^^^^^^^^^^^^^^^^^
  File "C:\Users\Dean\source\repos\deanable\synapic.net\build\_python\win-x64\python\Lib\subprocess.py", line 1026, in __init__
    self._execute_child(args, executable, preexec_fn, close_fds,
  File "C:\Users\Dean\source\repos\deanable\synapic.net\build\_python\win-x64\python\Lib\subprocess.py", line 1538, in _execute_child
    hp, ht, pid, tid = _winapi.CreateProcess(executable, args,
                       ^^^^^^^^^^^^^^^^^^^^^^^^^^^^^^^^^^^^^^^
FileNotFoundError: [WinError 2] The system cannot find the file specified
158606 INFO: Executing: strip C:\Users\Dean\AppData\Local\pyinstaller\bincache10py31164bit\av\audio\plane.pyd
158607 WARNING: Failed to run strip on 'C:\\Users\\Dean\\AppData\\Local\\pyinstaller\\bincache10py31164bit\\av\\audio\\plane.pyd'!
Traceback (most recent call last):
  File "C:\Users\Dean\source\repos\deanable\synapic.net\build\_python\win-x64\python\Lib\site-packages\PyInstaller\building\utils.py", line 250, in process_collected_binary
    p = subprocess.run(
        ^^^^^^^^^^^^^^^
  File "C:\Users\Dean\source\repos\deanable\synapic.net\build\_python\win-x64\python\Lib\subprocess.py", line 548, in run
    with Popen(*popenargs, **kwargs) as process:
         ^^^^^^^^^^^^^^^^^^^^^^^^^^^
  File "C:\Users\Dean\source\repos\deanable\synapic.net\build\_python\win-x64\python\Lib\subprocess.py", line 1026, in __init__
    self._execute_child(args, executable, preexec_fn, close_fds,
  File "C:\Users\Dean\source\repos\deanable\synapic.net\build\_python\win-x64\python\Lib\subprocess.py", line 1538, in _execute_child
    hp, ht, pid, tid = _winapi.CreateProcess(executable, args,
                       ^^^^^^^^^^^^^^^^^^^^^^^^^^^^^^^^^^^^^^^
FileNotFoundError: [WinError 2] The system cannot find the file specified
158614 INFO: Executing: strip C:\Users\Dean\AppData\Local\pyinstaller\bincache10py31164bit\av\video\stream.pyd
158616 WARNING: Failed to run strip on 'C:\\Users\\Dean\\AppData\\Local\\pyinstaller\\bincache10py31164bit\\av\\video\\stream.pyd'!
Traceback (most recent call last):
  File "C:\Users\Dean\source\repos\deanable\synapic.net\build\_python\win-x64\python\Lib\site-packages\PyInstaller\building\utils.py", line 250, in process_collected_binary
    p = subprocess.run(
        ^^^^^^^^^^^^^^^
  File "C:\Users\Dean\source\repos\deanable\synapic.net\build\_python\win-x64\python\Lib\subprocess.py", line 548, in run
    with Popen(*popenargs, **kwargs) as process:
         ^^^^^^^^^^^^^^^^^^^^^^^^^^^
  File "C:\Users\Dean\source\repos\deanable\synapic.net\build\_python\win-x64\python\Lib\subprocess.py", line 1026, in __init__
    self._execute_child(args, executable, preexec_fn, close_fds,
  File "C:\Users\Dean\source\repos\deanable\synapic.net\build\_python\win-x64\python\Lib\subprocess.py", line 1538, in _execute_child
    hp, ht, pid, tid = _winapi.CreateProcess(executable, args,
                       ^^^^^^^^^^^^^^^^^^^^^^^^^^^^^^^^^^^^^^^
FileNotFoundError: [WinError 2] The system cannot find the file specified
158624 INFO: Executing: strip C:\Users\Dean\AppData\Local\pyinstaller\bincache10py31164bit\av\video\frame.pyd
158624 WARNING: Failed to run strip on 'C:\\Users\\Dean\\AppData\\Local\\pyinstaller\\bincache10py31164bit\\av\\video\\frame.pyd'!
Traceback (most recent call last):
  File "C:\Users\Dean\source\repos\deanable\synapic.net\build\_python\win-x64\python\Lib\site-packages\PyInstaller\building\utils.py", line 250, in process_collected_binary
    p = subprocess.run(
        ^^^^^^^^^^^^^^^
  File "C:\Users\Dean\source\repos\deanable\synapic.net\build\_python\win-x64\python\Lib\subprocess.py", line 548, in run
    with Popen(*popenargs, **kwargs) as process:
         ^^^^^^^^^^^^^^^^^^^^^^^^^^^
  File "C:\Users\Dean\source\repos\deanable\synapic.net\build\_python\win-x64\python\Lib\subprocess.py", line 1026, in __init__
    self._execute_child(args, executable, preexec_fn, close_fds,
  File "C:\Users\Dean\source\repos\deanable\synapic.net\build\_python\win-x64\python\Lib\subprocess.py", line 1538, in _execute_child
    hp, ht, pid, tid = _winapi.CreateProcess(executable, args,
                       ^^^^^^^^^^^^^^^^^^^^^^^^^^^^^^^^^^^^^^^
FileNotFoundError: [WinError 2] The system cannot find the file specified
158628 INFO: Executing: strip C:\Users\Dean\AppData\Local\pyinstaller\bincache10py31164bit\av\video\format.pyd
158629 WARNING: Failed to run strip on 'C:\\Users\\Dean\\AppData\\Local\\pyinstaller\\bincache10py31164bit\\av\\video\\format.pyd'!
Traceback (most recent call last):
  File "C:\Users\Dean\source\repos\deanable\synapic.net\build\_python\win-x64\python\Lib\site-packages\PyInstaller\building\utils.py", line 250, in process_collected_binary
    p = subprocess.run(
        ^^^^^^^^^^^^^^^
  File "C:\Users\Dean\source\repos\deanable\synapic.net\build\_python\win-x64\python\Lib\subprocess.py", line 548, in run
    with Popen(*popenargs, **kwargs) as process:
         ^^^^^^^^^^^^^^^^^^^^^^^^^^^
  File "C:\Users\Dean\source\repos\deanable\synapic.net\build\_python\win-x64\python\Lib\subprocess.py", line 1026, in __init__
    self._execute_child(args, executable, preexec_fn, close_fds,
  File "C:\Users\Dean\source\repos\deanable\synapic.net\build\_python\win-x64\python\Lib\subprocess.py", line 1538, in _execute_child
    hp, ht, pid, tid = _winapi.CreateProcess(executable, args,
                       ^^^^^^^^^^^^^^^^^^^^^^^^^^^^^^^^^^^^^^^
FileNotFoundError: [WinError 2] The system cannot find the file specified
158633 INFO: Executing: strip C:\Users\Dean\AppData\Local\pyinstaller\bincache10py31164bit\av\video\codeccontext.pyd
158634 WARNING: Failed to run strip on 'C:\\Users\\Dean\\AppData\\Local\\pyinstaller\\bincache10py31164bit\\av\\video\\codeccontext.pyd'!
Traceback (most recent call last):
  File "C:\Users\Dean\source\repos\deanable\synapic.net\build\_python\win-x64\python\Lib\site-packages\PyInstaller\building\utils.py", line 250, in process_collected_binary
    p = subprocess.run(
        ^^^^^^^^^^^^^^^
  File "C:\Users\Dean\source\repos\deanable\synapic.net\build\_python\win-x64\python\Lib\subprocess.py", line 548, in run
    with Popen(*popenargs, **kwargs) as process:
         ^^^^^^^^^^^^^^^^^^^^^^^^^^^
  File "C:\Users\Dean\source\repos\deanable\synapic.net\build\_python\win-x64\python\Lib\subprocess.py", line 1026, in __init__
    self._execute_child(args, executable, preexec_fn, close_fds,
  File "C:\Users\Dean\source\repos\deanable\synapic.net\build\_python\win-x64\python\Lib\subprocess.py", line 1538, in _execute_child
    hp, ht, pid, tid = _winapi.CreateProcess(executable, args,
                       ^^^^^^^^^^^^^^^^^^^^^^^^^^^^^^^^^^^^^^^
FileNotFoundError: [WinError 2] The system cannot find the file specified
158641 INFO: Executing: strip C:\Users\Dean\AppData\Local\pyinstaller\bincache10py31164bit\av\error.pyd
158642 WARNING: Failed to run strip on 'C:\\Users\\Dean\\AppData\\Local\\pyinstaller\\bincache10py31164bit\\av\\error.pyd'!
Traceback (most recent call last):
  File "C:\Users\Dean\source\repos\deanable\synapic.net\build\_python\win-x64\python\Lib\site-packages\PyInstaller\building\utils.py", line 250, in process_collected_binary
    p = subprocess.run(
        ^^^^^^^^^^^^^^^
  File "C:\Users\Dean\source\repos\deanable\synapic.net\build\_python\win-x64\python\Lib\subprocess.py", line 548, in run
    with Popen(*popenargs, **kwargs) as process:
         ^^^^^^^^^^^^^^^^^^^^^^^^^^^
  File "C:\Users\Dean\source\repos\deanable\synapic.net\build\_python\win-x64\python\Lib\subprocess.py", line 1026, in __init__
    self._execute_child(args, executable, preexec_fn, close_fds,
  File "C:\Users\Dean\source\repos\deanable\synapic.net\build\_python\win-x64\python\Lib\subprocess.py", line 1538, in _execute_child
    hp, ht, pid, tid = _winapi.CreateProcess(executable, args,
                       ^^^^^^^^^^^^^^^^^^^^^^^^^^^^^^^^^^^^^^^
FileNotFoundError: [WinError 2] The system cannot find the file specified
158649 INFO: Executing: strip C:\Users\Dean\AppData\Local\pyinstaller\bincache10py31164bit\av\rational.pyd
158651 WARNING: Failed to run strip on 'C:\\Users\\Dean\\AppData\\Local\\pyinstaller\\bincache10py31164bit\\av\\rational.pyd'!
Traceback (most recent call last):
  File "C:\Users\Dean\source\repos\deanable\synapic.net\build\_python\win-x64\python\Lib\site-packages\PyInstaller\building\utils.py", line 250, in process_collected_binary
    p = subprocess.run(
        ^^^^^^^^^^^^^^^
  File "C:\Users\Dean\source\repos\deanable\synapic.net\build\_python\win-x64\python\Lib\subprocess.py", line 548, in run
    with Popen(*popenargs, **kwargs) as process:
         ^^^^^^^^^^^^^^^^^^^^^^^^^^^
  File "C:\Users\Dean\source\repos\deanable\synapic.net\build\_python\win-x64\python\Lib\subprocess.py", line 1026, in __init__
    self._execute_child(args, executable, preexec_fn, close_fds,
  File "C:\Users\Dean\source\repos\deanable\synapic.net\build\_python\win-x64\python\Lib\subprocess.py", line 1538, in _execute_child
    hp, ht, pid, tid = _winapi.CreateProcess(executable, args,
                       ^^^^^^^^^^^^^^^^^^^^^^^^^^^^^^^^^^^^^^^
FileNotFoundError: [WinError 2] The system cannot find the file specified
158658 INFO: Executing: strip C:\Users\Dean\AppData\Local\pyinstaller\bincache10py31164bit\av\packet.pyd
158659 WARNING: Failed to run strip on 'C:\\Users\\Dean\\AppData\\Local\\pyinstaller\\bincache10py31164bit\\av\\packet.pyd'!
Traceback (most recent call last):
  File "C:\Users\Dean\source\repos\deanable\synapic.net\build\_python\win-x64\python\Lib\site-packages\PyInstaller\building\utils.py", line 250, in process_collected_binary
    p = subprocess.run(
        ^^^^^^^^^^^^^^^
  File "C:\Users\Dean\source\repos\deanable\synapic.net\build\_python\win-x64\python\Lib\subprocess.py", line 548, in run
    with Popen(*popenargs, **kwargs) as process:
         ^^^^^^^^^^^^^^^^^^^^^^^^^^^
  File "C:\Users\Dean\source\repos\deanable\synapic.net\build\_python\win-x64\python\Lib\subprocess.py", line 1026, in __init__
    self._execute_child(args, executable, preexec_fn, close_fds,
  File "C:\Users\Dean\source\repos\deanable\synapic.net\build\_python\win-x64\python\Lib\subprocess.py", line 1538, in _execute_child
    hp, ht, pid, tid = _winapi.CreateProcess(executable, args,
                       ^^^^^^^^^^^^^^^^^^^^^^^^^^^^^^^^^^^^^^^
FileNotFoundError: [WinError 2] The system cannot find the file specified
158665 INFO: Executing: strip C:\Users\Dean\AppData\Local\pyinstaller\bincache10py31164bit\av\format.pyd
158667 WARNING: Failed to run strip on 'C:\\Users\\Dean\\AppData\\Local\\pyinstaller\\bincache10py31164bit\\av\\format.pyd'!
Traceback (most recent call last):
  File "C:\Users\Dean\source\repos\deanable\synapic.net\build\_python\win-x64\python\Lib\site-packages\PyInstaller\building\utils.py", line 250, in process_collected_binary
    p = subprocess.run(
        ^^^^^^^^^^^^^^^
  File "C:\Users\Dean\source\repos\deanable\synapic.net\build\_python\win-x64\python\Lib\subprocess.py", line 548, in run
    with Popen(*popenargs, **kwargs) as process:
         ^^^^^^^^^^^^^^^^^^^^^^^^^^^
  File "C:\Users\Dean\source\repos\deanable\synapic.net\build\_python\win-x64\python\Lib\subprocess.py", line 1026, in __init__
    self._execute_child(args, executable, preexec_fn, close_fds,
  File "C:\Users\Dean\source\repos\deanable\synapic.net\build\_python\win-x64\python\Lib\subprocess.py", line 1538, in _execute_child
    hp, ht, pid, tid = _winapi.CreateProcess(executable, args,
                       ^^^^^^^^^^^^^^^^^^^^^^^^^^^^^^^^^^^^^^^
FileNotFoundError: [WinError 2] The system cannot find the file specified
158673 INFO: Executing: strip C:\Users\Dean\AppData\Local\pyinstaller\bincache10py31164bit\av\device.pyd
158675 WARNING: Failed to run strip on 'C:\\Users\\Dean\\AppData\\Local\\pyinstaller\\bincache10py31164bit\\av\\device.pyd'!
Traceback (most recent call last):
  File "C:\Users\Dean\source\repos\deanable\synapic.net\build\_python\win-x64\python\Lib\site-packages\PyInstaller\building\utils.py", line 250, in process_collected_binary
    p = subprocess.run(
        ^^^^^^^^^^^^^^^
  File "C:\Users\Dean\source\repos\deanable\synapic.net\build\_python\win-x64\python\Lib\subprocess.py", line 548, in run
    with Popen(*popenargs, **kwargs) as process:
         ^^^^^^^^^^^^^^^^^^^^^^^^^^^
  File "C:\Users\Dean\source\repos\deanable\synapic.net\build\_python\win-x64\python\Lib\subprocess.py", line 1026, in __init__
    self._execute_child(args, executable, preexec_fn, close_fds,
  File "C:\Users\Dean\source\repos\deanable\synapic.net\build\_python\win-x64\python\Lib\subprocess.py", line 1538, in _execute_child
    hp, ht, pid, tid = _winapi.CreateProcess(executable, args,
                       ^^^^^^^^^^^^^^^^^^^^^^^^^^^^^^^^^^^^^^^
FileNotFoundError: [WinError 2] The system cannot find the file specified
158682 INFO: Executing: strip C:\Users\Dean\AppData\Local\pyinstaller\bincache10py31164bit\av\codec\context.pyd
158684 WARNING: Failed to run strip on 'C:\\Users\\Dean\\AppData\\Local\\pyinstaller\\bincache10py31164bit\\av\\codec\\context.pyd'!
Traceback (most recent call last):
  File "C:\Users\Dean\source\repos\deanable\synapic.net\build\_python\win-x64\python\Lib\site-packages\PyInstaller\building\utils.py", line 250, in process_collected_binary
    p = subprocess.run(
        ^^^^^^^^^^^^^^^
  File "C:\Users\Dean\source\repos\deanable\synapic.net\build\_python\win-x64\python\Lib\subprocess.py", line 548, in run
    with Popen(*popenargs, **kwargs) as process:
         ^^^^^^^^^^^^^^^^^^^^^^^^^^^
  File "C:\Users\Dean\source\repos\deanable\synapic.net\build\_python\win-x64\python\Lib\subprocess.py", line 1026, in __init__
    self._execute_child(args, executable, preexec_fn, close_fds,
  File "C:\Users\Dean\source\repos\deanable\synapic.net\build\_python\win-x64\python\Lib\subprocess.py", line 1538, in _execute_child
    hp, ht, pid, tid = _winapi.CreateProcess(executable, args,
                       ^^^^^^^^^^^^^^^^^^^^^^^^^^^^^^^^^^^^^^^
FileNotFoundError: [WinError 2] The system cannot find the file specified
158690 INFO: Executing: strip C:\Users\Dean\AppData\Local\pyinstaller\bincache10py31164bit\av\codec\codec.pyd
158691 WARNING: Failed to run strip on 'C:\\Users\\Dean\\AppData\\Local\\pyinstaller\\bincache10py31164bit\\av\\codec\\codec.pyd'!
Traceback (most recent call last):
  File "C:\Users\Dean\source\repos\deanable\synapic.net\build\_python\win-x64\python\Lib\site-packages\PyInstaller\building\utils.py", line 250, in process_collected_binary
    p = subprocess.run(
        ^^^^^^^^^^^^^^^
  File "C:\Users\Dean\source\repos\deanable\synapic.net\build\_python\win-x64\python\Lib\subprocess.py", line 548, in run
    with Popen(*popenargs, **kwargs) as process:
         ^^^^^^^^^^^^^^^^^^^^^^^^^^^
  File "C:\Users\Dean\source\repos\deanable\synapic.net\build\_python\win-x64\python\Lib\subprocess.py", line 1026, in __init__
    self._execute_child(args, executable, preexec_fn, close_fds,
  File "C:\Users\Dean\source\repos\deanable\synapic.net\build\_python\win-x64\python\Lib\subprocess.py", line 1538, in _execute_child
    hp, ht, pid, tid = _winapi.CreateProcess(executable, args,
                       ^^^^^^^^^^^^^^^^^^^^^^^^^^^^^^^^^^^^^^^
FileNotFoundError: [WinError 2] The system cannot find the file specified
158695 INFO: Executing: strip C:\Users\Dean\AppData\Local\pyinstaller\bincache10py31164bit\av\bitstream.pyd
158696 WARNING: Failed to run strip on 'C:\\Users\\Dean\\AppData\\Local\\pyinstaller\\bincache10py31164bit\\av\\bitstream.pyd'!
Traceback (most recent call last):
  File "C:\Users\Dean\source\repos\deanable\synapic.net\build\_python\win-x64\python\Lib\site-packages\PyInstaller\building\utils.py", line 250, in process_collected_binary
    p = subprocess.run(
        ^^^^^^^^^^^^^^^
  File "C:\Users\Dean\source\repos\deanable\synapic.net\build\_python\win-x64\python\Lib\subprocess.py", line 548, in run
    with Popen(*popenargs, **kwargs) as process:
         ^^^^^^^^^^^^^^^^^^^^^^^^^^^
  File "C:\Users\Dean\source\repos\deanable\synapic.net\build\_python\win-x64\python\Lib\subprocess.py", line 1026, in __init__
    self._execute_child(args, executable, preexec_fn, close_fds,
  File "C:\Users\Dean\source\repos\deanable\synapic.net\build\_python\win-x64\python\Lib\subprocess.py", line 1538, in _execute_child
    hp, ht, pid, tid = _winapi.CreateProcess(executable, args,
                       ^^^^^^^^^^^^^^^^^^^^^^^^^^^^^^^^^^^^^^^
FileNotFoundError: [WinError 2] The system cannot find the file specified
158700 INFO: Executing: strip C:\Users\Dean\AppData\Local\pyinstaller\bincache10py31164bit\av\audio\stream.pyd
158701 WARNING: Failed to run strip on 'C:\\Users\\Dean\\AppData\\Local\\pyinstaller\\bincache10py31164bit\\av\\audio\\stream.pyd'!
Traceback (most recent call last):
  File "C:\Users\Dean\source\repos\deanable\synapic.net\build\_python\win-x64\python\Lib\site-packages\PyInstaller\building\utils.py", line 250, in process_collected_binary
    p = subprocess.run(
        ^^^^^^^^^^^^^^^
  File "C:\Users\Dean\source\repos\deanable\synapic.net\build\_python\win-x64\python\Lib\subprocess.py", line 548, in run
    with Popen(*popenargs, **kwargs) as process:
         ^^^^^^^^^^^^^^^^^^^^^^^^^^^
  File "C:\Users\Dean\source\repos\deanable\synapic.net\build\_python\win-x64\python\Lib\subprocess.py", line 1026, in __init__
    self._execute_child(args, executable, preexec_fn, close_fds,
  File "C:\Users\Dean\source\repos\deanable\synapic.net\build\_python\win-x64\python\Lib\subprocess.py", line 1538, in _execute_child
    hp, ht, pid, tid = _winapi.CreateProcess(executable, args,
                       ^^^^^^^^^^^^^^^^^^^^^^^^^^^^^^^^^^^^^^^
FileNotFoundError: [WinError 2] The system cannot find the file specified
158707 INFO: Executing: strip C:\Users\Dean\AppData\Local\pyinstaller\bincache10py31164bit\av\audio\resampler.pyd
158708 WARNING: Failed to run strip on 'C:\\Users\\Dean\\AppData\\Local\\pyinstaller\\bincache10py31164bit\\av\\audio\\resampler.pyd'!
Traceback (most recent call last):
  File "C:\Users\Dean\source\repos\deanable\synapic.net\build\_python\win-x64\python\Lib\site-packages\PyInstaller\building\utils.py", line 250, in process_collected_binary
    p = subprocess.run(
        ^^^^^^^^^^^^^^^
  File "C:\Users\Dean\source\repos\deanable\synapic.net\build\_python\win-x64\python\Lib\subprocess.py", line 548, in run
    with Popen(*popenargs, **kwargs) as process:
         ^^^^^^^^^^^^^^^^^^^^^^^^^^^
  File "C:\Users\Dean\source\repos\deanable\synapic.net\build\_python\win-x64\python\Lib\subprocess.py", line 1026, in __init__
    self._execute_child(args, executable, preexec_fn, close_fds,
  File "C:\Users\Dean\source\repos\deanable\synapic.net\build\_python\win-x64\python\Lib\subprocess.py", line 1538, in _execute_child
    hp, ht, pid, tid = _winapi.CreateProcess(executable, args,
                       ^^^^^^^^^^^^^^^^^^^^^^^^^^^^^^^^^^^^^^^
FileNotFoundError: [WinError 2] The system cannot find the file specified
158713 INFO: Executing: strip C:\Users\Dean\AppData\Local\pyinstaller\bincache10py31164bit\av\audio\layout.pyd
158714 WARNING: Failed to run strip on 'C:\\Users\\Dean\\AppData\\Local\\pyinstaller\\bincache10py31164bit\\av\\audio\\layout.pyd'!
Traceback (most recent call last):
  File "C:\Users\Dean\source\repos\deanable\synapic.net\build\_python\win-x64\python\Lib\site-packages\PyInstaller\building\utils.py", line 250, in process_collected_binary
    p = subprocess.run(
        ^^^^^^^^^^^^^^^
  File "C:\Users\Dean\source\repos\deanable\synapic.net\build\_python\win-x64\python\Lib\subprocess.py", line 548, in run
    with Popen(*popenargs, **kwargs) as process:
         ^^^^^^^^^^^^^^^^^^^^^^^^^^^
  File "C:\Users\Dean\source\repos\deanable\synapic.net\build\_python\win-x64\python\Lib\subprocess.py", line 1026, in __init__
    self._execute_child(args, executable, preexec_fn, close_fds,
  File "C:\Users\Dean\source\repos\deanable\synapic.net\build\_python\win-x64\python\Lib\subprocess.py", line 1538, in _execute_child
    hp, ht, pid, tid = _winapi.CreateProcess(executable, args,
                       ^^^^^^^^^^^^^^^^^^^^^^^^^^^^^^^^^^^^^^^
FileNotFoundError: [WinError 2] The system cannot find the file specified
158718 INFO: Executing: strip C:\Users\Dean\AppData\Local\pyinstaller\bincache10py31164bit\av\audio\frame.pyd
158718 WARNING: Failed to run strip on 'C:\\Users\\Dean\\AppData\\Local\\pyinstaller\\bincache10py31164bit\\av\\audio\\frame.pyd'!
Traceback (most recent call last):
  File "C:\Users\Dean\source\repos\deanable\synapic.net\build\_python\win-x64\python\Lib\site-packages\PyInstaller\building\utils.py", line 250, in process_collected_binary
    p = subprocess.run(
        ^^^^^^^^^^^^^^^
  File "C:\Users\Dean\source\repos\deanable\synapic.net\build\_python\win-x64\python\Lib\subprocess.py", line 548, in run
    with Popen(*popenargs, **kwargs) as process:
         ^^^^^^^^^^^^^^^^^^^^^^^^^^^
  File "C:\Users\Dean\source\repos\deanable\synapic.net\build\_python\win-x64\python\Lib\subprocess.py", line 1026, in __init__
    self._execute_child(args, executable, preexec_fn, close_fds,
  File "C:\Users\Dean\source\repos\deanable\synapic.net\build\_python\win-x64\python\Lib\subprocess.py", line 1538, in _execute_child
    hp, ht, pid, tid = _winapi.CreateProcess(executable, args,
                       ^^^^^^^^^^^^^^^^^^^^^^^^^^^^^^^^^^^^^^^
FileNotFoundError: [WinError 2] The system cannot find the file specified
158722 INFO: Executing: strip C:\Users\Dean\AppData\Local\pyinstaller\bincache10py31164bit\av\audio\format.pyd
158723 WARNING: Failed to run strip on 'C:\\Users\\Dean\\AppData\\Local\\pyinstaller\\bincache10py31164bit\\av\\audio\\format.pyd'!
Traceback (most recent call last):
  File "C:\Users\Dean\source\repos\deanable\synapic.net\build\_python\win-x64\python\Lib\site-packages\PyInstaller\building\utils.py", line 250, in process_collected_binary
    p = subprocess.run(
        ^^^^^^^^^^^^^^^
  File "C:\Users\Dean\source\repos\deanable\synapic.net\build\_python\win-x64\python\Lib\subprocess.py", line 548, in run
    with Popen(*popenargs, **kwargs) as process:
         ^^^^^^^^^^^^^^^^^^^^^^^^^^^
  File "C:\Users\Dean\source\repos\deanable\synapic.net\build\_python\win-x64\python\Lib\subprocess.py", line 1026, in __init__
    self._execute_child(args, executable, preexec_fn, close_fds,
  File "C:\Users\Dean\source\repos\deanable\synapic.net\build\_python\win-x64\python\Lib\subprocess.py", line 1538, in _execute_child
    hp, ht, pid, tid = _winapi.CreateProcess(executable, args,
                       ^^^^^^^^^^^^^^^^^^^^^^^^^^^^^^^^^^^^^^^
FileNotFoundError: [WinError 2] The system cannot find the file specified
158726 INFO: Executing: strip C:\Users\Dean\AppData\Local\pyinstaller\bincache10py31164bit\av\audio\fifo.pyd
158728 WARNING: Failed to run strip on 'C:\\Users\\Dean\\AppData\\Local\\pyinstaller\\bincache10py31164bit\\av\\audio\\fifo.pyd'!
Traceback (most recent call last):
  File "C:\Users\Dean\source\repos\deanable\synapic.net\build\_python\win-x64\python\Lib\site-packages\PyInstaller\building\utils.py", line 250, in process_collected_binary
    p = subprocess.run(
        ^^^^^^^^^^^^^^^
  File "C:\Users\Dean\source\repos\deanable\synapic.net\build\_python\win-x64\python\Lib\subprocess.py", line 548, in run
    with Popen(*popenargs, **kwargs) as process:
         ^^^^^^^^^^^^^^^^^^^^^^^^^^^
  File "C:\Users\Dean\source\repos\deanable\synapic.net\build\_python\win-x64\python\Lib\subprocess.py", line 1026, in __init__
    self._execute_child(args, executable, preexec_fn, close_fds,
  File "C:\Users\Dean\source\repos\deanable\synapic.net\build\_python\win-x64\python\Lib\subprocess.py", line 1538, in _execute_child
    hp, ht, pid, tid = _winapi.CreateProcess(executable, args,
                       ^^^^^^^^^^^^^^^^^^^^^^^^^^^^^^^^^^^^^^^
FileNotFoundError: [WinError 2] The system cannot find the file specified
158731 INFO: Executing: strip C:\Users\Dean\AppData\Local\pyinstaller\bincache10py31164bit\av\audio\codeccontext.pyd
158732 WARNING: Failed to run strip on 'C:\\Users\\Dean\\AppData\\Local\\pyinstaller\\bincache10py31164bit\\av\\audio\\codeccontext.pyd'!
Traceback (most recent call last):
  File "C:\Users\Dean\source\repos\deanable\synapic.net\build\_python\win-x64\python\Lib\site-packages\PyInstaller\building\utils.py", line 250, in process_collected_binary
    p = subprocess.run(
        ^^^^^^^^^^^^^^^
  File "C:\Users\Dean\source\repos\deanable\synapic.net\build\_python\win-x64\python\Lib\subprocess.py", line 548, in run
    with Popen(*popenargs, **kwargs) as process:
         ^^^^^^^^^^^^^^^^^^^^^^^^^^^
  File "C:\Users\Dean\source\repos\deanable\synapic.net\build\_python\win-x64\python\Lib\subprocess.py", line 1026, in __init__
    self._execute_child(args, executable, preexec_fn, close_fds,
  File "C:\Users\Dean\source\repos\deanable\synapic.net\build\_python\win-x64\python\Lib\subprocess.py", line 1538, in _execute_child
    hp, ht, pid, tid = _winapi.CreateProcess(executable, args,
                       ^^^^^^^^^^^^^^^^^^^^^^^^^^^^^^^^^^^^^^^
FileNotFoundError: [WinError 2] The system cannot find the file specified
158735 INFO: Executing: strip C:\Users\Dean\AppData\Local\pyinstaller\bincache10py31164bit\av\logging.pyd
158737 WARNING: Failed to run strip on 'C:\\Users\\Dean\\AppData\\Local\\pyinstaller\\bincache10py31164bit\\av\\logging.pyd'!
Traceback (most recent call last):
  File "C:\Users\Dean\source\repos\deanable\synapic.net\build\_python\win-x64\python\Lib\site-packages\PyInstaller\building\utils.py", line 250, in process_collected_binary
    p = subprocess.run(
        ^^^^^^^^^^^^^^^
  File "C:\Users\Dean\source\repos\deanable\synapic.net\build\_python\win-x64\python\Lib\subprocess.py", line 548, in run
    with Popen(*popenargs, **kwargs) as process:
         ^^^^^^^^^^^^^^^^^^^^^^^^^^^
  File "C:\Users\Dean\source\repos\deanable\synapic.net\build\_python\win-x64\python\Lib\subprocess.py", line 1026, in __init__
    self._execute_child(args, executable, preexec_fn, close_fds,
  File "C:\Users\Dean\source\repos\deanable\synapic.net\build\_python\win-x64\python\Lib\subprocess.py", line 1538, in _execute_child
    hp, ht, pid, tid = _winapi.CreateProcess(executable, args,
                       ^^^^^^^^^^^^^^^^^^^^^^^^^^^^^^^^^^^^^^^
FileNotFoundError: [WinError 2] The system cannot find the file specified
158740 INFO: Executing: strip C:\Users\Dean\AppData\Local\pyinstaller\bincache10py31164bit\av\_core.pyd
158740 WARNING: Failed to run strip on 'C:\\Users\\Dean\\AppData\\Local\\pyinstaller\\bincache10py31164bit\\av\\_core.pyd'!
Traceback (most recent call last):
  File "C:\Users\Dean\source\repos\deanable\synapic.net\build\_python\win-x64\python\Lib\site-packages\PyInstaller\building\utils.py", line 250, in process_collected_binary
    p = subprocess.run(
        ^^^^^^^^^^^^^^^
  File "C:\Users\Dean\source\repos\deanable\synapic.net\build\_python\win-x64\python\Lib\subprocess.py", line 548, in run
    with Popen(*popenargs, **kwargs) as process:
         ^^^^^^^^^^^^^^^^^^^^^^^^^^^
  File "C:\Users\Dean\source\repos\deanable\synapic.net\build\_python\win-x64\python\Lib\subprocess.py", line 1026, in __init__
    self._execute_child(args, executable, preexec_fn, close_fds,
  File "C:\Users\Dean\source\repos\deanable\synapic.net\build\_python\win-x64\python\Lib\subprocess.py", line 1538, in _execute_child
    hp, ht, pid, tid = _winapi.CreateProcess(executable, args,
                       ^^^^^^^^^^^^^^^^^^^^^^^^^^^^^^^^^^^^^^^
FileNotFoundError: [WinError 2] The system cannot find the file specified
158746 INFO: Executing: strip C:\Users\Dean\AppData\Local\pyinstaller\bincache10py31164bit\torchvision\image.pyd
158747 WARNING: Failed to run strip on 'C:\\Users\\Dean\\AppData\\Local\\pyinstaller\\bincache10py31164bit\\torchvision\\image.pyd'!
Traceback (most recent call last):
  File "C:\Users\Dean\source\repos\deanable\synapic.net\build\_python\win-x64\python\Lib\site-packages\PyInstaller\building\utils.py", line 250, in process_collected_binary
    p = subprocess.run(
        ^^^^^^^^^^^^^^^
  File "C:\Users\Dean\source\repos\deanable\synapic.net\build\_python\win-x64\python\Lib\subprocess.py", line 548, in run
    with Popen(*popenargs, **kwargs) as process:
         ^^^^^^^^^^^^^^^^^^^^^^^^^^^
  File "C:\Users\Dean\source\repos\deanable\synapic.net\build\_python\win-x64\python\Lib\subprocess.py", line 1026, in __init__
    self._execute_child(args, executable, preexec_fn, close_fds,
  File "C:\Users\Dean\source\repos\deanable\synapic.net\build\_python\win-x64\python\Lib\subprocess.py", line 1538, in _execute_child
    hp, ht, pid, tid = _winapi.CreateProcess(executable, args,
                       ^^^^^^^^^^^^^^^^^^^^^^^^^^^^^^^^^^^^^^^
FileNotFoundError: [WinError 2] The system cannot find the file specified
158755 INFO: Executing: strip C:\Users\Dean\AppData\Local\pyinstaller\bincache10py31164bit\sentencepiece\_sentencepiece.cp311-win_amd64.pyd
158755 WARNING: Failed to run strip on 'C:\\Users\\Dean\\AppData\\Local\\pyinstaller\\bincache10py31164bit\\sentencepiece\\_sentencepiece.cp311-win_amd64.pyd'!
Traceback (most recent call last):
  File "C:\Users\Dean\source\repos\deanable\synapic.net\build\_python\win-x64\python\Lib\site-packages\PyInstaller\building\utils.py", line 250, in process_collected_binary
    p = subprocess.run(
        ^^^^^^^^^^^^^^^
  File "C:\Users\Dean\source\repos\deanable\synapic.net\build\_python\win-x64\python\Lib\subprocess.py", line 548, in run
    with Popen(*popenargs, **kwargs) as process:
         ^^^^^^^^^^^^^^^^^^^^^^^^^^^
  File "C:\Users\Dean\source\repos\deanable\synapic.net\build\_python\win-x64\python\Lib\subprocess.py", line 1026, in __init__
    self._execute_child(args, executable, preexec_fn, close_fds,
  File "C:\Users\Dean\source\repos\deanable\synapic.net\build\_python\win-x64\python\Lib\subprocess.py", line 1538, in _execute_child
    hp, ht, pid, tid = _winapi.CreateProcess(executable, args,
                       ^^^^^^^^^^^^^^^^^^^^^^^^^^^^^^^^^^^^^^^
FileNotFoundError: [WinError 2] The system cannot find the file specified
158789 INFO: Executing: strip C:\Users\Dean\AppData\Local\pyinstaller\bincache10py31164bit\tokenizers\tokenizers.pyd
158790 WARNING: Failed to run strip on 'C:\\Users\\Dean\\AppData\\Local\\pyinstaller\\bincache10py31164bit\\tokenizers\\tokenizers.pyd'!
Traceback (most recent call last):
  File "C:\Users\Dean\source\repos\deanable\synapic.net\build\_python\win-x64\python\Lib\site-packages\PyInstaller\building\utils.py", line 250, in process_collected_binary
    p = subprocess.run(
        ^^^^^^^^^^^^^^^
  File "C:\Users\Dean\source\repos\deanable\synapic.net\build\_python\win-x64\python\Lib\subprocess.py", line 548, in run
    with Popen(*popenargs, **kwargs) as process:
         ^^^^^^^^^^^^^^^^^^^^^^^^^^^
  File "C:\Users\Dean\source\repos\deanable\synapic.net\build\_python\win-x64\python\Lib\subprocess.py", line 1026, in __init__
    self._execute_child(args, executable, preexec_fn, close_fds,
  File "C:\Users\Dean\source\repos\deanable\synapic.net\build\_python\win-x64\python\Lib\subprocess.py", line 1538, in _execute_child
    hp, ht, pid, tid = _winapi.CreateProcess(executable, args,
                       ^^^^^^^^^^^^^^^^^^^^^^^^^^^^^^^^^^^^^^^
FileNotFoundError: [WinError 2] The system cannot find the file specified
158827 INFO: Executing: strip C:\Users\Dean\AppData\Local\pyinstaller\bincache10py31164bit\hf_xet\hf_xet.pyd
158829 WARNING: Failed to run strip on 'C:\\Users\\Dean\\AppData\\Local\\pyinstaller\\bincache10py31164bit\\hf_xet\\hf_xet.pyd'!
Traceback (most recent call last):
  File "C:\Users\Dean\source\repos\deanable\synapic.net\build\_python\win-x64\python\Lib\site-packages\PyInstaller\building\utils.py", line 250, in process_collected_binary
    p = subprocess.run(
        ^^^^^^^^^^^^^^^
  File "C:\Users\Dean\source\repos\deanable\synapic.net\build\_python\win-x64\python\Lib\subprocess.py", line 548, in run
    with Popen(*popenargs, **kwargs) as process:
         ^^^^^^^^^^^^^^^^^^^^^^^^^^^
  File "C:\Users\Dean\source\repos\deanable\synapic.net\build\_python\win-x64\python\Lib\subprocess.py", line 1026, in __init__
    self._execute_child(args, executable, preexec_fn, close_fds,
  File "C:\Users\Dean\source\repos\deanable\synapic.net\build\_python\win-x64\python\Lib\subprocess.py", line 1538, in _execute_child
    hp, ht, pid, tid = _winapi.CreateProcess(executable, args,
                       ^^^^^^^^^^^^^^^^^^^^^^^^^^^^^^^^^^^^^^^
FileNotFoundError: [WinError 2] The system cannot find the file specified
158849 INFO: Executing: strip C:\Users\Dean\AppData\Local\pyinstaller\bincache10py31164bit\safetensors\_safetensors_rust.pyd
158856 WARNING: Failed to run strip on 'C:\\Users\\Dean\\AppData\\Local\\pyinstaller\\bincache10py31164bit\\safetensors\\_safetensors_rust.pyd'!
Traceback (most recent call last):
  File "C:\Users\Dean\source\repos\deanable\synapic.net\build\_python\win-x64\python\Lib\site-packages\PyInstaller\building\utils.py", line 250, in process_collected_binary
    p = subprocess.run(
        ^^^^^^^^^^^^^^^
  File "C:\Users\Dean\source\repos\deanable\synapic.net\build\_python\win-x64\python\Lib\subprocess.py", line 548, in run
    with Popen(*popenargs, **kwargs) as process:
         ^^^^^^^^^^^^^^^^^^^^^^^^^^^
  File "C:\Users\Dean\source\repos\deanable\synapic.net\build\_python\win-x64\python\Lib\subprocess.py", line 1026, in __init__
    self._execute_child(args, executable, preexec_fn, close_fds,
  File "C:\Users\Dean\source\repos\deanable\synapic.net\build\_python\win-x64\python\Lib\subprocess.py", line 1538, in _execute_child
    hp, ht, pid, tid = _winapi.CreateProcess(executable, args,
                       ^^^^^^^^^^^^^^^^^^^^^^^^^^^^^^^^^^^^^^^
FileNotFoundError: [WinError 2] The system cannot find the file specified
158868 INFO: Executing: strip C:\Users\Dean\AppData\Local\pyinstaller\bincache10py31164bit\regex\_regex.cp311-win_amd64.pyd
158870 WARNING: Failed to run strip on 'C:\\Users\\Dean\\AppData\\Local\\pyinstaller\\bincache10py31164bit\\regex\\_regex.cp311-win_amd64.pyd'!
Traceback (most recent call last):
  File "C:\Users\Dean\source\repos\deanable\synapic.net\build\_python\win-x64\python\Lib\site-packages\PyInstaller\building\utils.py", line 250, in process_collected_binary
    p = subprocess.run(
        ^^^^^^^^^^^^^^^
  File "C:\Users\Dean\source\repos\deanable\synapic.net\build\_python\win-x64\python\Lib\subprocess.py", line 548, in run
    with Popen(*popenargs, **kwargs) as process:
         ^^^^^^^^^^^^^^^^^^^^^^^^^^^
  File "C:\Users\Dean\source\repos\deanable\synapic.net\build\_python\win-x64\python\Lib\subprocess.py", line 1026, in __init__
    self._execute_child(args, executable, preexec_fn, close_fds,
  File "C:\Users\Dean\source\repos\deanable\synapic.net\build\_python\win-x64\python\Lib\subprocess.py", line 1538, in _execute_child
    hp, ht, pid, tid = _winapi.CreateProcess(executable, args,
                       ^^^^^^^^^^^^^^^^^^^^^^^^^^^^^^^^^^^^^^^
FileNotFoundError: [WinError 2] The system cannot find the file specified
158887 INFO: Executing: strip C:\Users\Dean\AppData\Local\pyinstaller\bincache10py31164bit\torchvision\_C.pyd
158889 WARNING: Failed to run strip on 'C:\\Users\\Dean\\AppData\\Local\\pyinstaller\\bincache10py31164bit\\torchvision\\_C.pyd'!
Traceback (most recent call last):
  File "C:\Users\Dean\source\repos\deanable\synapic.net\build\_python\win-x64\python\Lib\site-packages\PyInstaller\building\utils.py", line 250, in process_collected_binary
    p = subprocess.run(
        ^^^^^^^^^^^^^^^
  File "C:\Users\Dean\source\repos\deanable\synapic.net\build\_python\win-x64\python\Lib\subprocess.py", line 548, in run
    with Popen(*popenargs, **kwargs) as process:
         ^^^^^^^^^^^^^^^^^^^^^^^^^^^
  File "C:\Users\Dean\source\repos\deanable\synapic.net\build\_python\win-x64\python\Lib\subprocess.py", line 1026, in __init__
    self._execute_child(args, executable, preexec_fn, close_fds,
  File "C:\Users\Dean\source\repos\deanable\synapic.net\build\_python\win-x64\python\Lib\subprocess.py", line 1538, in _execute_child
    hp, ht, pid, tid = _winapi.CreateProcess(executable, args,
                       ^^^^^^^^^^^^^^^^^^^^^^^^^^^^^^^^^^^^^^^
FileNotFoundError: [WinError 2] The system cannot find the file specified
158899 INFO: Executing: strip C:\Users\Dean\AppData\Local\pyinstaller\bincache10py31164bit\_zoneinfo.pyd
158900 WARNING: Failed to run strip on 'C:\\Users\\Dean\\AppData\\Local\\pyinstaller\\bincache10py31164bit\\_zoneinfo.pyd'!
Traceback (most recent call last):
  File "C:\Users\Dean\source\repos\deanable\synapic.net\build\_python\win-x64\python\Lib\site-packages\PyInstaller\building\utils.py", line 250, in process_collected_binary
    p = subprocess.run(
        ^^^^^^^^^^^^^^^
  File "C:\Users\Dean\source\repos\deanable\synapic.net\build\_python\win-x64\python\Lib\subprocess.py", line 548, in run
    with Popen(*popenargs, **kwargs) as process:
         ^^^^^^^^^^^^^^^^^^^^^^^^^^^
  File "C:\Users\Dean\source\repos\deanable\synapic.net\build\_python\win-x64\python\Lib\subprocess.py", line 1026, in __init__
    self._execute_child(args, executable, preexec_fn, close_fds,
  File "C:\Users\Dean\source\repos\deanable\synapic.net\build\_python\win-x64\python\Lib\subprocess.py", line 1538, in _execute_child
    hp, ht, pid, tid = _winapi.CreateProcess(executable, args,
                       ^^^^^^^^^^^^^^^^^^^^^^^^^^^^^^^^^^^^^^^
FileNotFoundError: [WinError 2] The system cannot find the file specified
158910 INFO: Executing: strip C:\Users\Dean\AppData\Local\pyinstaller\bincache10py31164bit\api-ms-win-crt-string-l1-1-0.dll
158912 WARNING: Failed to run strip on 'C:\\Users\\Dean\\AppData\\Local\\pyinstaller\\bincache10py31164bit\\api-ms-win-crt-string-l1-1-0.dll'!
Traceback (most recent call last):
  File "C:\Users\Dean\source\repos\deanable\synapic.net\build\_python\win-x64\python\Lib\site-packages\PyInstaller\building\utils.py", line 250, in process_collected_binary
    p = subprocess.run(
        ^^^^^^^^^^^^^^^
  File "C:\Users\Dean\source\repos\deanable\synapic.net\build\_python\win-x64\python\Lib\subprocess.py", line 548, in run
    with Popen(*popenargs, **kwargs) as process:
         ^^^^^^^^^^^^^^^^^^^^^^^^^^^
  File "C:\Users\Dean\source\repos\deanable\synapic.net\build\_python\win-x64\python\Lib\subprocess.py", line 1026, in __init__
    self._execute_child(args, executable, preexec_fn, close_fds,
  File "C:\Users\Dean\source\repos\deanable\synapic.net\build\_python\win-x64\python\Lib\subprocess.py", line 1538, in _execute_child
    hp, ht, pid, tid = _winapi.CreateProcess(executable, args,
                       ^^^^^^^^^^^^^^^^^^^^^^^^^^^^^^^^^^^^^^^
FileNotFoundError: [WinError 2] The system cannot find the file specified
158925 INFO: Executing: strip C:\Users\Dean\AppData\Local\pyinstaller\bincache10py31164bit\api-ms-win-crt-locale-l1-1-0.dll
158926 WARNING: Failed to run strip on 'C:\\Users\\Dean\\AppData\\Local\\pyinstaller\\bincache10py31164bit\\api-ms-win-crt-locale-l1-1-0.dll'!
Traceback (most recent call last):
  File "C:\Users\Dean\source\repos\deanable\synapic.net\build\_python\win-x64\python\Lib\site-packages\PyInstaller\building\utils.py", line 250, in process_collected_binary
    p = subprocess.run(
        ^^^^^^^^^^^^^^^
  File "C:\Users\Dean\source\repos\deanable\synapic.net\build\_python\win-x64\python\Lib\subprocess.py", line 548, in run
    with Popen(*popenargs, **kwargs) as process:
         ^^^^^^^^^^^^^^^^^^^^^^^^^^^
  File "C:\Users\Dean\source\repos\deanable\synapic.net\build\_python\win-x64\python\Lib\subprocess.py", line 1026, in __init__
    self._execute_child(args, executable, preexec_fn, close_fds,
  File "C:\Users\Dean\source\repos\deanable\synapic.net\build\_python\win-x64\python\Lib\subprocess.py", line 1538, in _execute_child
    hp, ht, pid, tid = _winapi.CreateProcess(executable, args,
                       ^^^^^^^^^^^^^^^^^^^^^^^^^^^^^^^^^^^^^^^
FileNotFoundError: [WinError 2] The system cannot find the file specified
158937 INFO: Executing: strip C:\Users\Dean\AppData\Local\pyinstaller\bincache10py31164bit\api-ms-win-crt-convert-l1-1-0.dll
158941 WARNING: Failed to run strip on 'C:\\Users\\Dean\\AppData\\Local\\pyinstaller\\bincache10py31164bit\\api-ms-win-crt-convert-l1-1-0.dll'!
Traceback (most recent call last):
  File "C:\Users\Dean\source\repos\deanable\synapic.net\build\_python\win-x64\python\Lib\site-packages\PyInstaller\building\utils.py", line 250, in process_collected_binary
    p = subprocess.run(
        ^^^^^^^^^^^^^^^
  File "C:\Users\Dean\source\repos\deanable\synapic.net\build\_python\win-x64\python\Lib\subprocess.py", line 548, in run
    with Popen(*popenargs, **kwargs) as process:
         ^^^^^^^^^^^^^^^^^^^^^^^^^^^
  File "C:\Users\Dean\source\repos\deanable\synapic.net\build\_python\win-x64\python\Lib\subprocess.py", line 1026, in __init__
    self._execute_child(args, executable, preexec_fn, close_fds,
  File "C:\Users\Dean\source\repos\deanable\synapic.net\build\_python\win-x64\python\Lib\subprocess.py", line 1538, in _execute_child
    hp, ht, pid, tid = _winapi.CreateProcess(executable, args,
                       ^^^^^^^^^^^^^^^^^^^^^^^^^^^^^^^^^^^^^^^
FileNotFoundError: [WinError 2] The system cannot find the file specified
158953 INFO: Executing: strip C:\Users\Dean\AppData\Local\pyinstaller\bincache10py31164bit\api-ms-win-crt-time-l1-1-0.dll
158955 WARNING: Failed to run strip on 'C:\\Users\\Dean\\AppData\\Local\\pyinstaller\\bincache10py31164bit\\api-ms-win-crt-time-l1-1-0.dll'!
Traceback (most recent call last):
  File "C:\Users\Dean\source\repos\deanable\synapic.net\build\_python\win-x64\python\Lib\site-packages\PyInstaller\building\utils.py", line 250, in process_collected_binary
    p = subprocess.run(
        ^^^^^^^^^^^^^^^
  File "C:\Users\Dean\source\repos\deanable\synapic.net\build\_python\win-x64\python\Lib\subprocess.py", line 548, in run
    with Popen(*popenargs, **kwargs) as process:
         ^^^^^^^^^^^^^^^^^^^^^^^^^^^
  File "C:\Users\Dean\source\repos\deanable\synapic.net\build\_python\win-x64\python\Lib\subprocess.py", line 1026, in __init__
    self._execute_child(args, executable, preexec_fn, close_fds,
  File "C:\Users\Dean\source\repos\deanable\synapic.net\build\_python\win-x64\python\Lib\subprocess.py", line 1538, in _execute_child
    hp, ht, pid, tid = _winapi.CreateProcess(executable, args,
                       ^^^^^^^^^^^^^^^^^^^^^^^^^^^^^^^^^^^^^^^
FileNotFoundError: [WinError 2] The system cannot find the file specified
158962 INFO: Executing: strip C:\Users\Dean\AppData\Local\pyinstaller\bincache10py31164bit\api-ms-win-crt-math-l1-1-0.dll
158964 WARNING: Failed to run strip on 'C:\\Users\\Dean\\AppData\\Local\\pyinstaller\\bincache10py31164bit\\api-ms-win-crt-math-l1-1-0.dll'!
Traceback (most recent call last):
  File "C:\Users\Dean\source\repos\deanable\synapic.net\build\_python\win-x64\python\Lib\site-packages\PyInstaller\building\utils.py", line 250, in process_collected_binary
    p = subprocess.run(
        ^^^^^^^^^^^^^^^
  File "C:\Users\Dean\source\repos\deanable\synapic.net\build\_python\win-x64\python\Lib\subprocess.py", line 548, in run
    with Popen(*popenargs, **kwargs) as process:
         ^^^^^^^^^^^^^^^^^^^^^^^^^^^
  File "C:\Users\Dean\source\repos\deanable\synapic.net\build\_python\win-x64\python\Lib\subprocess.py", line 1026, in __init__
    self._execute_child(args, executable, preexec_fn, close_fds,
  File "C:\Users\Dean\source\repos\deanable\synapic.net\build\_python\win-x64\python\Lib\subprocess.py", line 1538, in _execute_child
    hp, ht, pid, tid = _winapi.CreateProcess(executable, args,
                       ^^^^^^^^^^^^^^^^^^^^^^^^^^^^^^^^^^^^^^^
FileNotFoundError: [WinError 2] The system cannot find the file specified
158971 INFO: Executing: strip C:\Users\Dean\AppData\Local\pyinstaller\bincache10py31164bit\api-ms-win-crt-environment-l1-1-0.dll
158972 WARNING: Failed to run strip on 'C:\\Users\\Dean\\AppData\\Local\\pyinstaller\\bincache10py31164bit\\api-ms-win-crt-environment-l1-1-0.dll'!
Traceback (most recent call last):
  File "C:\Users\Dean\source\repos\deanable\synapic.net\build\_python\win-x64\python\Lib\site-packages\PyInstaller\building\utils.py", line 250, in process_collected_binary
    p = subprocess.run(
        ^^^^^^^^^^^^^^^
  File "C:\Users\Dean\source\repos\deanable\synapic.net\build\_python\win-x64\python\Lib\subprocess.py", line 548, in run
    with Popen(*popenargs, **kwargs) as process:
         ^^^^^^^^^^^^^^^^^^^^^^^^^^^
  File "C:\Users\Dean\source\repos\deanable\synapic.net\build\_python\win-x64\python\Lib\subprocess.py", line 1026, in __init__
    self._execute_child(args, executable, preexec_fn, close_fds,
  File "C:\Users\Dean\source\repos\deanable\synapic.net\build\_python\win-x64\python\Lib\subprocess.py", line 1538, in _execute_child
    hp, ht, pid, tid = _winapi.CreateProcess(executable, args,
                       ^^^^^^^^^^^^^^^^^^^^^^^^^^^^^^^^^^^^^^^
FileNotFoundError: [WinError 2] The system cannot find the file specified
158978 INFO: Executing: strip C:\Users\Dean\AppData\Local\pyinstaller\bincache10py31164bit\api-ms-win-crt-stdio-l1-1-0.dll
158980 WARNING: Failed to run strip on 'C:\\Users\\Dean\\AppData\\Local\\pyinstaller\\bincache10py31164bit\\api-ms-win-crt-stdio-l1-1-0.dll'!
Traceback (most recent call last):
  File "C:\Users\Dean\source\repos\deanable\synapic.net\build\_python\win-x64\python\Lib\site-packages\PyInstaller\building\utils.py", line 250, in process_collected_binary
    p = subprocess.run(
        ^^^^^^^^^^^^^^^
  File "C:\Users\Dean\source\repos\deanable\synapic.net\build\_python\win-x64\python\Lib\subprocess.py", line 548, in run
    with Popen(*popenargs, **kwargs) as process:
         ^^^^^^^^^^^^^^^^^^^^^^^^^^^
  File "C:\Users\Dean\source\repos\deanable\synapic.net\build\_python\win-x64\python\Lib\subprocess.py", line 1026, in __init__
    self._execute_child(args, executable, preexec_fn, close_fds,
  File "C:\Users\Dean\source\repos\deanable\synapic.net\build\_python\win-x64\python\Lib\subprocess.py", line 1538, in _execute_child
    hp, ht, pid, tid = _winapi.CreateProcess(executable, args,
                       ^^^^^^^^^^^^^^^^^^^^^^^^^^^^^^^^^^^^^^^
FileNotFoundError: [WinError 2] The system cannot find the file specified
158987 INFO: Executing: strip C:\Users\Dean\AppData\Local\pyinstaller\bincache10py31164bit\api-ms-win-crt-heap-l1-1-0.dll
158988 WARNING: Failed to run strip on 'C:\\Users\\Dean\\AppData\\Local\\pyinstaller\\bincache10py31164bit\\api-ms-win-crt-heap-l1-1-0.dll'!
Traceback (most recent call last):
  File "C:\Users\Dean\source\repos\deanable\synapic.net\build\_python\win-x64\python\Lib\site-packages\PyInstaller\building\utils.py", line 250, in process_collected_binary
    p = subprocess.run(
        ^^^^^^^^^^^^^^^
  File "C:\Users\Dean\source\repos\deanable\synapic.net\build\_python\win-x64\python\Lib\subprocess.py", line 548, in run
    with Popen(*popenargs, **kwargs) as process:
         ^^^^^^^^^^^^^^^^^^^^^^^^^^^
  File "C:\Users\Dean\source\repos\deanable\synapic.net\build\_python\win-x64\python\Lib\subprocess.py", line 1026, in __init__
    self._execute_child(args, executable, preexec_fn, close_fds,
  File "C:\Users\Dean\source\repos\deanable\synapic.net\build\_python\win-x64\python\Lib\subprocess.py", line 1538, in _execute_child
    hp, ht, pid, tid = _winapi.CreateProcess(executable, args,
                       ^^^^^^^^^^^^^^^^^^^^^^^^^^^^^^^^^^^^^^^
FileNotFoundError: [WinError 2] The system cannot find the file specified
158995 INFO: Executing: strip C:\Users\Dean\AppData\Local\pyinstaller\bincache10py31164bit\api-ms-win-crt-runtime-l1-1-0.dll
158996 WARNING: Failed to run strip on 'C:\\Users\\Dean\\AppData\\Local\\pyinstaller\\bincache10py31164bit\\api-ms-win-crt-runtime-l1-1-0.dll'!
Traceback (most recent call last):
  File "C:\Users\Dean\source\repos\deanable\synapic.net\build\_python\win-x64\python\Lib\site-packages\PyInstaller\building\utils.py", line 250, in process_collected_binary
    p = subprocess.run(
        ^^^^^^^^^^^^^^^
  File "C:\Users\Dean\source\repos\deanable\synapic.net\build\_python\win-x64\python\Lib\subprocess.py", line 548, in run
    with Popen(*popenargs, **kwargs) as process:
         ^^^^^^^^^^^^^^^^^^^^^^^^^^^
  File "C:\Users\Dean\source\repos\deanable\synapic.net\build\_python\win-x64\python\Lib\subprocess.py", line 1026, in __init__
    self._execute_child(args, executable, preexec_fn, close_fds,
  File "C:\Users\Dean\source\repos\deanable\synapic.net\build\_python\win-x64\python\Lib\subprocess.py", line 1538, in _execute_child
    hp, ht, pid, tid = _winapi.CreateProcess(executable, args,
                       ^^^^^^^^^^^^^^^^^^^^^^^^^^^^^^^^^^^^^^^
FileNotFoundError: [WinError 2] The system cannot find the file specified
159004 INFO: Executing: strip C:\Users\Dean\AppData\Local\pyinstaller\bincache10py31164bit\api-ms-win-crt-utility-l1-1-0.dll
159005 WARNING: Failed to run strip on 'C:\\Users\\Dean\\AppData\\Local\\pyinstaller\\bincache10py31164bit\\api-ms-win-crt-utility-l1-1-0.dll'!
Traceback (most recent call last):
  File "C:\Users\Dean\source\repos\deanable\synapic.net\build\_python\win-x64\python\Lib\site-packages\PyInstaller\building\utils.py", line 250, in process_collected_binary
    p = subprocess.run(
        ^^^^^^^^^^^^^^^
  File "C:\Users\Dean\source\repos\deanable\synapic.net\build\_python\win-x64\python\Lib\subprocess.py", line 548, in run
    with Popen(*popenargs, **kwargs) as process:
         ^^^^^^^^^^^^^^^^^^^^^^^^^^^
  File "C:\Users\Dean\source\repos\deanable\synapic.net\build\_python\win-x64\python\Lib\subprocess.py", line 1026, in __init__
    self._execute_child(args, executable, preexec_fn, close_fds,
  File "C:\Users\Dean\source\repos\deanable\synapic.net\build\_python\win-x64\python\Lib\subprocess.py", line 1538, in _execute_child
    hp, ht, pid, tid = _winapi.CreateProcess(executable, args,
                       ^^^^^^^^^^^^^^^^^^^^^^^^^^^^^^^^^^^^^^^
FileNotFoundError: [WinError 2] The system cannot find the file specified
159012 INFO: Executing: strip C:\Users\Dean\AppData\Local\pyinstaller\bincache10py31164bit\api-ms-win-crt-filesystem-l1-1-0.dll
159013 WARNING: Failed to run strip on 'C:\\Users\\Dean\\AppData\\Local\\pyinstaller\\bincache10py31164bit\\api-ms-win-crt-filesystem-l1-1-0.dll'!
Traceback (most recent call last):
  File "C:\Users\Dean\source\repos\deanable\synapic.net\build\_python\win-x64\python\Lib\site-packages\PyInstaller\building\utils.py", line 250, in process_collected_binary
    p = subprocess.run(
        ^^^^^^^^^^^^^^^
  File "C:\Users\Dean\source\repos\deanable\synapic.net\build\_python\win-x64\python\Lib\subprocess.py", line 548, in run
    with Popen(*popenargs, **kwargs) as process:
         ^^^^^^^^^^^^^^^^^^^^^^^^^^^
  File "C:\Users\Dean\source\repos\deanable\synapic.net\build\_python\win-x64\python\Lib\subprocess.py", line 1026, in __init__
    self._execute_child(args, executable, preexec_fn, close_fds,
  File "C:\Users\Dean\source\repos\deanable\synapic.net\build\_python\win-x64\python\Lib\subprocess.py", line 1538, in _execute_child
    hp, ht, pid, tid = _winapi.CreateProcess(executable, args,
                       ^^^^^^^^^^^^^^^^^^^^^^^^^^^^^^^^^^^^^^^
FileNotFoundError: [WinError 2] The system cannot find the file specified
159020 INFO: Executing: strip C:\Users\Dean\AppData\Local\pyinstaller\bincache10py31164bit\api-ms-win-crt-process-l1-1-0.dll
159022 WARNING: Failed to run strip on 'C:\\Users\\Dean\\AppData\\Local\\pyinstaller\\bincache10py31164bit\\api-ms-win-crt-process-l1-1-0.dll'!
Traceback (most recent call last):
  File "C:\Users\Dean\source\repos\deanable\synapic.net\build\_python\win-x64\python\Lib\site-packages\PyInstaller\building\utils.py", line 250, in process_collected_binary
    p = subprocess.run(
        ^^^^^^^^^^^^^^^
  File "C:\Users\Dean\source\repos\deanable\synapic.net\build\_python\win-x64\python\Lib\subprocess.py", line 548, in run
    with Popen(*popenargs, **kwargs) as process:
         ^^^^^^^^^^^^^^^^^^^^^^^^^^^
  File "C:\Users\Dean\source\repos\deanable\synapic.net\build\_python\win-x64\python\Lib\subprocess.py", line 1026, in __init__
    self._execute_child(args, executable, preexec_fn, close_fds,
  File "C:\Users\Dean\source\repos\deanable\synapic.net\build\_python\win-x64\python\Lib\subprocess.py", line 1538, in _execute_child
    hp, ht, pid, tid = _winapi.CreateProcess(executable, args,
                       ^^^^^^^^^^^^^^^^^^^^^^^^^^^^^^^^^^^^^^^
FileNotFoundError: [WinError 2] The system cannot find the file specified
159029 INFO: Executing: strip C:\Users\Dean\AppData\Local\pyinstaller\bincache10py31164bit\api-ms-win-crt-conio-l1-1-0.dll
159031 WARNING: Failed to run strip on 'C:\\Users\\Dean\\AppData\\Local\\pyinstaller\\bincache10py31164bit\\api-ms-win-crt-conio-l1-1-0.dll'!
Traceback (most recent call last):
  File "C:\Users\Dean\source\repos\deanable\synapic.net\build\_python\win-x64\python\Lib\site-packages\PyInstaller\building\utils.py", line 250, in process_collected_binary
    p = subprocess.run(
        ^^^^^^^^^^^^^^^
  File "C:\Users\Dean\source\repos\deanable\synapic.net\build\_python\win-x64\python\Lib\subprocess.py", line 548, in run
    with Popen(*popenargs, **kwargs) as process:
         ^^^^^^^^^^^^^^^^^^^^^^^^^^^
  File "C:\Users\Dean\source\repos\deanable\synapic.net\build\_python\win-x64\python\Lib\subprocess.py", line 1026, in __init__
    self._execute_child(args, executable, preexec_fn, close_fds,
  File "C:\Users\Dean\source\repos\deanable\synapic.net\build\_python\win-x64\python\Lib\subprocess.py", line 1538, in _execute_child
    hp, ht, pid, tid = _winapi.CreateProcess(executable, args,
                       ^^^^^^^^^^^^^^^^^^^^^^^^^^^^^^^^^^^^^^^
FileNotFoundError: [WinError 2] The system cannot find the file specified
159038 INFO: Executing: strip C:\Users\Dean\AppData\Local\pyinstaller\bincache10py31164bit\api-ms-win-crt-private-l1-1-0.dll
159039 WARNING: Failed to run strip on 'C:\\Users\\Dean\\AppData\\Local\\pyinstaller\\bincache10py31164bit\\api-ms-win-crt-private-l1-1-0.dll'!
Traceback (most recent call last):
  File "C:\Users\Dean\source\repos\deanable\synapic.net\build\_python\win-x64\python\Lib\site-packages\PyInstaller\building\utils.py", line 250, in process_collected_binary
    p = subprocess.run(
        ^^^^^^^^^^^^^^^
  File "C:\Users\Dean\source\repos\deanable\synapic.net\build\_python\win-x64\python\Lib\subprocess.py", line 548, in run
    with Popen(*popenargs, **kwargs) as process:
         ^^^^^^^^^^^^^^^^^^^^^^^^^^^
  File "C:\Users\Dean\source\repos\deanable\synapic.net\build\_python\win-x64\python\Lib\subprocess.py", line 1026, in __init__
    self._execute_child(args, executable, preexec_fn, close_fds,
  File "C:\Users\Dean\source\repos\deanable\synapic.net\build\_python\win-x64\python\Lib\subprocess.py", line 1538, in _execute_child
    hp, ht, pid, tid = _winapi.CreateProcess(executable, args,
                       ^^^^^^^^^^^^^^^^^^^^^^^^^^^^^^^^^^^^^^^
FileNotFoundError: [WinError 2] The system cannot find the file specified
159098 INFO: Executing: strip C:\Users\Dean\AppData\Local\pyinstaller\bincache10py31164bit\libcrypto-3-x64.dll
159099 WARNING: Failed to run strip on 'C:\\Users\\Dean\\AppData\\Local\\pyinstaller\\bincache10py31164bit\\libcrypto-3-x64.dll'!
Traceback (most recent call last):
  File "C:\Users\Dean\source\repos\deanable\synapic.net\build\_python\win-x64\python\Lib\site-packages\PyInstaller\building\utils.py", line 250, in process_collected_binary
    p = subprocess.run(
        ^^^^^^^^^^^^^^^
  File "C:\Users\Dean\source\repos\deanable\synapic.net\build\_python\win-x64\python\Lib\subprocess.py", line 548, in run
    with Popen(*popenargs, **kwargs) as process:
         ^^^^^^^^^^^^^^^^^^^^^^^^^^^
  File "C:\Users\Dean\source\repos\deanable\synapic.net\build\_python\win-x64\python\Lib\subprocess.py", line 1026, in __init__
    self._execute_child(args, executable, preexec_fn, close_fds,
  File "C:\Users\Dean\source\repos\deanable\synapic.net\build\_python\win-x64\python\Lib\subprocess.py", line 1538, in _execute_child
    hp, ht, pid, tid = _winapi.CreateProcess(executable, args,
                       ^^^^^^^^^^^^^^^^^^^^^^^^^^^^^^^^^^^^^^^
FileNotFoundError: [WinError 2] The system cannot find the file specified
159108 INFO: Executing: strip C:\Users\Dean\AppData\Local\pyinstaller\bincache10py31164bit\libffi-8.dll
159109 WARNING: Failed to run strip on 'C:\\Users\\Dean\\AppData\\Local\\pyinstaller\\bincache10py31164bit\\libffi-8.dll'!
Traceback (most recent call last):
  File "C:\Users\Dean\source\repos\deanable\synapic.net\build\_python\win-x64\python\Lib\site-packages\PyInstaller\building\utils.py", line 250, in process_collected_binary
    p = subprocess.run(
        ^^^^^^^^^^^^^^^
  File "C:\Users\Dean\source\repos\deanable\synapic.net\build\_python\win-x64\python\Lib\subprocess.py", line 548, in run
    with Popen(*popenargs, **kwargs) as process:
         ^^^^^^^^^^^^^^^^^^^^^^^^^^^
  File "C:\Users\Dean\source\repos\deanable\synapic.net\build\_python\win-x64\python\Lib\subprocess.py", line 1026, in __init__
    self._execute_child(args, executable, preexec_fn, close_fds,
  File "C:\Users\Dean\source\repos\deanable\synapic.net\build\_python\win-x64\python\Lib\subprocess.py", line 1538, in _execute_child
    hp, ht, pid, tid = _winapi.CreateProcess(executable, args,
                       ^^^^^^^^^^^^^^^^^^^^^^^^^^^^^^^^^^^^^^^
FileNotFoundError: [WinError 2] The system cannot find the file specified
159131 INFO: Executing: strip C:\Users\Dean\AppData\Local\pyinstaller\bincache10py31164bit\libssl-3-x64.dll
159133 WARNING: Failed to run strip on 'C:\\Users\\Dean\\AppData\\Local\\pyinstaller\\bincache10py31164bit\\libssl-3-x64.dll'!
Traceback (most recent call last):
  File "C:\Users\Dean\source\repos\deanable\synapic.net\build\_python\win-x64\python\Lib\site-packages\PyInstaller\building\utils.py", line 250, in process_collected_binary
    p = subprocess.run(
        ^^^^^^^^^^^^^^^
  File "C:\Users\Dean\source\repos\deanable\synapic.net\build\_python\win-x64\python\Lib\subprocess.py", line 548, in run
    with Popen(*popenargs, **kwargs) as process:
         ^^^^^^^^^^^^^^^^^^^^^^^^^^^
  File "C:\Users\Dean\source\repos\deanable\synapic.net\build\_python\win-x64\python\Lib\subprocess.py", line 1026, in __init__
    self._execute_child(args, executable, preexec_fn, close_fds,
  File "C:\Users\Dean\source\repos\deanable\synapic.net\build\_python\win-x64\python\Lib\subprocess.py", line 1538, in _execute_child
    hp, ht, pid, tid = _winapi.CreateProcess(executable, args,
                       ^^^^^^^^^^^^^^^^^^^^^^^^^^^^^^^^^^^^^^^
FileNotFoundError: [WinError 2] The system cannot find the file specified
159140 INFO: Executing: strip C:\Users\Dean\AppData\Local\pyinstaller\bincache10py31164bit\python3.dll
159142 WARNING: Failed to run strip on 'C:\\Users\\Dean\\AppData\\Local\\pyinstaller\\bincache10py31164bit\\python3.dll'!
Traceback (most recent call last):
  File "C:\Users\Dean\source\repos\deanable\synapic.net\build\_python\win-x64\python\Lib\site-packages\PyInstaller\building\utils.py", line 250, in process_collected_binary
    p = subprocess.run(
        ^^^^^^^^^^^^^^^
  File "C:\Users\Dean\source\repos\deanable\synapic.net\build\_python\win-x64\python\Lib\subprocess.py", line 548, in run
    with Popen(*popenargs, **kwargs) as process:
         ^^^^^^^^^^^^^^^^^^^^^^^^^^^
  File "C:\Users\Dean\source\repos\deanable\synapic.net\build\_python\win-x64\python\Lib\subprocess.py", line 1026, in __init__
    self._execute_child(args, executable, preexec_fn, close_fds,
  File "C:\Users\Dean\source\repos\deanable\synapic.net\build\_python\win-x64\python\Lib\subprocess.py", line 1538, in _execute_child
    hp, ht, pid, tid = _winapi.CreateProcess(executable, args,
                       ^^^^^^^^^^^^^^^^^^^^^^^^^^^^^^^^^^^^^^^
FileNotFoundError: [WinError 2] The system cannot find the file specified
159150 INFO: Executing: strip C:\Users\Dean\AppData\Local\pyinstaller\bincache10py31164bit\api-ms-win-core-synch-l1-2-0.dll
159152 WARNING: Failed to run strip on 'C:\\Users\\Dean\\AppData\\Local\\pyinstaller\\bincache10py31164bit\\api-ms-win-core-synch-l1-2-0.dll'!
Traceback (most recent call last):
  File "C:\Users\Dean\source\repos\deanable\synapic.net\build\_python\win-x64\python\Lib\site-packages\PyInstaller\building\utils.py", line 250, in process_collected_binary
    p = subprocess.run(
        ^^^^^^^^^^^^^^^
  File "C:\Users\Dean\source\repos\deanable\synapic.net\build\_python\win-x64\python\Lib\subprocess.py", line 548, in run
    with Popen(*popenargs, **kwargs) as process:
         ^^^^^^^^^^^^^^^^^^^^^^^^^^^
  File "C:\Users\Dean\source\repos\deanable\synapic.net\build\_python\win-x64\python\Lib\subprocess.py", line 1026, in __init__
    self._execute_child(args, executable, preexec_fn, close_fds,
  File "C:\Users\Dean\source\repos\deanable\synapic.net\build\_python\win-x64\python\Lib\subprocess.py", line 1538, in _execute_child
    hp, ht, pid, tid = _winapi.CreateProcess(executable, args,
                       ^^^^^^^^^^^^^^^^^^^^^^^^^^^^^^^^^^^^^^^
FileNotFoundError: [WinError 2] The system cannot find the file specified
159171 INFO: Executing: strip C:\Users\Dean\AppData\Local\pyinstaller\bincache10py31164bit\sqlite3.dll
159172 WARNING: Failed to run strip on 'C:\\Users\\Dean\\AppData\\Local\\pyinstaller\\bincache10py31164bit\\sqlite3.dll'!
Traceback (most recent call last):
  File "C:\Users\Dean\source\repos\deanable\synapic.net\build\_python\win-x64\python\Lib\site-packages\PyInstaller\building\utils.py", line 250, in process_collected_binary
    p = subprocess.run(
        ^^^^^^^^^^^^^^^
  File "C:\Users\Dean\source\repos\deanable\synapic.net\build\_python\win-x64\python\Lib\subprocess.py", line 548, in run
    with Popen(*popenargs, **kwargs) as process:
         ^^^^^^^^^^^^^^^^^^^^^^^^^^^
  File "C:\Users\Dean\source\repos\deanable\synapic.net\build\_python\win-x64\python\Lib\subprocess.py", line 1026, in __init__
    self._execute_child(args, executable, preexec_fn, close_fds,
  File "C:\Users\Dean\source\repos\deanable\synapic.net\build\_python\win-x64\python\Lib\subprocess.py", line 1538, in _execute_child
    hp, ht, pid, tid = _winapi.CreateProcess(executable, args,
                       ^^^^^^^^^^^^^^^^^^^^^^^^^^^^^^^^^^^^^^^
FileNotFoundError: [WinError 2] The system cannot find the file specified
159207 INFO: Executing: strip C:\Users\Dean\AppData\Local\pyinstaller\bincache10py31164bit\torchvision\python311.dll
159208 WARNING: Failed to run strip on 'C:\\Users\\Dean\\AppData\\Local\\pyinstaller\\bincache10py31164bit\\torchvision\\python311.dll'!
Traceback (most recent call last):
  File "C:\Users\Dean\source\repos\deanable\synapic.net\build\_python\win-x64\python\Lib\site-packages\PyInstaller\building\utils.py", line 250, in process_collected_binary
    p = subprocess.run(
        ^^^^^^^^^^^^^^^
  File "C:\Users\Dean\source\repos\deanable\synapic.net\build\_python\win-x64\python\Lib\subprocess.py", line 548, in run
    with Popen(*popenargs, **kwargs) as process:
         ^^^^^^^^^^^^^^^^^^^^^^^^^^^
  File "C:\Users\Dean\source\repos\deanable\synapic.net\build\_python\win-x64\python\Lib\subprocess.py", line 1026, in __init__
    self._execute_child(args, executable, preexec_fn, close_fds,
  File "C:\Users\Dean\source\repos\deanable\synapic.net\build\_python\win-x64\python\Lib\subprocess.py", line 1538, in _execute_child
    hp, ht, pid, tid = _winapi.CreateProcess(executable, args,
                       ^^^^^^^^^^^^^^^^^^^^^^^^^^^^^^^^^^^^^^^
FileNotFoundError: [WinError 2] The system cannot find the file specified
159215 INFO: Executing: strip C:\Users\Dean\AppData\Local\pyinstaller\bincache10py31164bit\torchvision\libpng16.dll
159216 WARNING: Failed to run strip on 'C:\\Users\\Dean\\AppData\\Local\\pyinstaller\\bincache10py31164bit\\torchvision\\libpng16.dll'!
Traceback (most recent call last):
  File "C:\Users\Dean\source\repos\deanable\synapic.net\build\_python\win-x64\python\Lib\site-packages\PyInstaller\building\utils.py", line 250, in process_collected_binary
    p = subprocess.run(
        ^^^^^^^^^^^^^^^
  File "C:\Users\Dean\source\repos\deanable\synapic.net\build\_python\win-x64\python\Lib\subprocess.py", line 548, in run
    with Popen(*popenargs, **kwargs) as process:
         ^^^^^^^^^^^^^^^^^^^^^^^^^^^
  File "C:\Users\Dean\source\repos\deanable\synapic.net\build\_python\win-x64\python\Lib\subprocess.py", line 1026, in __init__
    self._execute_child(args, executable, preexec_fn, close_fds,
  File "C:\Users\Dean\source\repos\deanable\synapic.net\build\_python\win-x64\python\Lib\subprocess.py", line 1538, in _execute_child
    hp, ht, pid, tid = _winapi.CreateProcess(executable, args,
                       ^^^^^^^^^^^^^^^^^^^^^^^^^^^^^^^^^^^^^^^
FileNotFoundError: [WinError 2] The system cannot find the file specified
159222 INFO: Executing: strip C:\Users\Dean\AppData\Local\pyinstaller\bincache10py31164bit\torchvision\libwebp.dll
159222 WARNING: Failed to run strip on 'C:\\Users\\Dean\\AppData\\Local\\pyinstaller\\bincache10py31164bit\\torchvision\\libwebp.dll'!
Traceback (most recent call last):
  File "C:\Users\Dean\source\repos\deanable\synapic.net\build\_python\win-x64\python\Lib\site-packages\PyInstaller\building\utils.py", line 250, in process_collected_binary
    p = subprocess.run(
        ^^^^^^^^^^^^^^^
  File "C:\Users\Dean\source\repos\deanable\synapic.net\build\_python\win-x64\python\Lib\subprocess.py", line 548, in run
    with Popen(*popenargs, **kwargs) as process:
         ^^^^^^^^^^^^^^^^^^^^^^^^^^^
  File "C:\Users\Dean\source\repos\deanable\synapic.net\build\_python\win-x64\python\Lib\subprocess.py", line 1026, in __init__
    self._execute_child(args, executable, preexec_fn, close_fds,
  File "C:\Users\Dean\source\repos\deanable\synapic.net\build\_python\win-x64\python\Lib\subprocess.py", line 1538, in _execute_child
    hp, ht, pid, tid = _winapi.CreateProcess(executable, args,
                       ^^^^^^^^^^^^^^^^^^^^^^^^^^^^^^^^^^^^^^^
FileNotFoundError: [WinError 2] The system cannot find the file specified
159230 INFO: Executing: strip C:\Users\Dean\AppData\Local\pyinstaller\bincache10py31164bit\torchvision\jpeg8.dll
159231 WARNING: Failed to run strip on 'C:\\Users\\Dean\\AppData\\Local\\pyinstaller\\bincache10py31164bit\\torchvision\\jpeg8.dll'!
Traceback (most recent call last):
  File "C:\Users\Dean\source\repos\deanable\synapic.net\build\_python\win-x64\python\Lib\site-packages\PyInstaller\building\utils.py", line 250, in process_collected_binary
    p = subprocess.run(
        ^^^^^^^^^^^^^^^
  File "C:\Users\Dean\source\repos\deanable\synapic.net\build\_python\win-x64\python\Lib\subprocess.py", line 548, in run
    with Popen(*popenargs, **kwargs) as process:
         ^^^^^^^^^^^^^^^^^^^^^^^^^^^
  File "C:\Users\Dean\source\repos\deanable\synapic.net\build\_python\win-x64\python\Lib\subprocess.py", line 1026, in __init__
    self._execute_child(args, executable, preexec_fn, close_fds,
  File "C:\Users\Dean\source\repos\deanable\synapic.net\build\_python\win-x64\python\Lib\subprocess.py", line 1538, in _execute_child
    hp, ht, pid, tid = _winapi.CreateProcess(executable, args,
                       ^^^^^^^^^^^^^^^^^^^^^^^^^^^^^^^^^^^^^^^
FileNotFoundError: [WinError 2] The system cannot find the file specified
159242 INFO: Executing: strip C:\Users\Dean\AppData\Local\pyinstaller\bincache10py31164bit\ucrtbase.dll
159243 WARNING: Failed to run strip on 'C:\\Users\\Dean\\AppData\\Local\\pyinstaller\\bincache10py31164bit\\ucrtbase.dll'!
Traceback (most recent call last):
  File "C:\Users\Dean\source\repos\deanable\synapic.net\build\_python\win-x64\python\Lib\site-packages\PyInstaller\building\utils.py", line 250, in process_collected_binary
    p = subprocess.run(
        ^^^^^^^^^^^^^^^
  File "C:\Users\Dean\source\repos\deanable\synapic.net\build\_python\win-x64\python\Lib\subprocess.py", line 548, in run
    with Popen(*popenargs, **kwargs) as process:
         ^^^^^^^^^^^^^^^^^^^^^^^^^^^
  File "C:\Users\Dean\source\repos\deanable\synapic.net\build\_python\win-x64\python\Lib\subprocess.py", line 1026, in __init__
    self._execute_child(args, executable, preexec_fn, close_fds,
  File "C:\Users\Dean\source\repos\deanable\synapic.net\build\_python\win-x64\python\Lib\subprocess.py", line 1538, in _execute_child
    hp, ht, pid, tid = _winapi.CreateProcess(executable, args,
                       ^^^^^^^^^^^^^^^^^^^^^^^^^^^^^^^^^^^^^^^
FileNotFoundError: [WinError 2] The system cannot find the file specified
159247 INFO: Executing: strip C:\Users\Dean\AppData\Local\pyinstaller\bincache10py31164bit\torchvision\zlib.dll
159248 WARNING: Failed to run strip on 'C:\\Users\\Dean\\AppData\\Local\\pyinstaller\\bincache10py31164bit\\torchvision\\zlib.dll'!
Traceback (most recent call last):
  File "C:\Users\Dean\source\repos\deanable\synapic.net\build\_python\win-x64\python\Lib\site-packages\PyInstaller\building\utils.py", line 250, in process_collected_binary
    p = subprocess.run(
        ^^^^^^^^^^^^^^^
  File "C:\Users\Dean\source\repos\deanable\synapic.net\build\_python\win-x64\python\Lib\subprocess.py", line 548, in run
    with Popen(*popenargs, **kwargs) as process:
         ^^^^^^^^^^^^^^^^^^^^^^^^^^^
  File "C:\Users\Dean\source\repos\deanable\synapic.net\build\_python\win-x64\python\Lib\subprocess.py", line 1026, in __init__
    self._execute_child(args, executable, preexec_fn, close_fds,
  File "C:\Users\Dean\source\repos\deanable\synapic.net\build\_python\win-x64\python\Lib\subprocess.py", line 1538, in _execute_child
    hp, ht, pid, tid = _winapi.CreateProcess(executable, args,
                       ^^^^^^^^^^^^^^^^^^^^^^^^^^^^^^^^^^^^^^^
FileNotFoundError: [WinError 2] The system cannot find the file specified
159252 INFO: Executing: strip C:\Users\Dean\AppData\Local\pyinstaller\bincache10py31164bit\torchvision\libsharpyuv.dll
159253 WARNING: Failed to run strip on 'C:\\Users\\Dean\\AppData\\Local\\pyinstaller\\bincache10py31164bit\\torchvision\\libsharpyuv.dll'!
Traceback (most recent call last):
  File "C:\Users\Dean\source\repos\deanable\synapic.net\build\_python\win-x64\python\Lib\site-packages\PyInstaller\building\utils.py", line 250, in process_collected_binary
    p = subprocess.run(
        ^^^^^^^^^^^^^^^
  File "C:\Users\Dean\source\repos\deanable\synapic.net\build\_python\win-x64\python\Lib\subprocess.py", line 548, in run
    with Popen(*popenargs, **kwargs) as process:
         ^^^^^^^^^^^^^^^^^^^^^^^^^^^
  File "C:\Users\Dean\source\repos\deanable\synapic.net\build\_python\win-x64\python\Lib\subprocess.py", line 1026, in __init__
    self._execute_child(args, executable, preexec_fn, close_fds,
  File "C:\Users\Dean\source\repos\deanable\synapic.net\build\_python\win-x64\python\Lib\subprocess.py", line 1538, in _execute_child
    hp, ht, pid, tid = _winapi.CreateProcess(executable, args,
                       ^^^^^^^^^^^^^^^^^^^^^^^^^^^^^^^^^^^^^^^
FileNotFoundError: [WinError 2] The system cannot find the file specified
159261 INFO: Executing: strip C:\Users\Dean\AppData\Local\pyinstaller\bincache10py31164bit\api-ms-win-core-rtlsupport-l1-1-0.dll
159262 WARNING: Failed to run strip on 'C:\\Users\\Dean\\AppData\\Local\\pyinstaller\\bincache10py31164bit\\api-ms-win-core-rtlsupport-l1-1-0.dll'!
Traceback (most recent call last):
  File "C:\Users\Dean\source\repos\deanable\synapic.net\build\_python\win-x64\python\Lib\site-packages\PyInstaller\building\utils.py", line 250, in process_collected_binary
    p = subprocess.run(
        ^^^^^^^^^^^^^^^
  File "C:\Users\Dean\source\repos\deanable\synapic.net\build\_python\win-x64\python\Lib\subprocess.py", line 548, in run
    with Popen(*popenargs, **kwargs) as process:
         ^^^^^^^^^^^^^^^^^^^^^^^^^^^
  File "C:\Users\Dean\source\repos\deanable\synapic.net\build\_python\win-x64\python\Lib\subprocess.py", line 1026, in __init__
    self._execute_child(args, executable, preexec_fn, close_fds,
  File "C:\Users\Dean\source\repos\deanable\synapic.net\build\_python\win-x64\python\Lib\subprocess.py", line 1538, in _execute_child
    hp, ht, pid, tid = _winapi.CreateProcess(executable, args,
                       ^^^^^^^^^^^^^^^^^^^^^^^^^^^^^^^^^^^^^^^
FileNotFoundError: [WinError 2] The system cannot find the file specified
159270 INFO: Executing: strip C:\Users\Dean\AppData\Local\pyinstaller\bincache10py31164bit\api-ms-win-core-util-l1-1-0.dll
159271 WARNING: Failed to run strip on 'C:\\Users\\Dean\\AppData\\Local\\pyinstaller\\bincache10py31164bit\\api-ms-win-core-util-l1-1-0.dll'!
Traceback (most recent call last):
  File "C:\Users\Dean\source\repos\deanable\synapic.net\build\_python\win-x64\python\Lib\site-packages\PyInstaller\building\utils.py", line 250, in process_collected_binary
    p = subprocess.run(
        ^^^^^^^^^^^^^^^
  File "C:\Users\Dean\source\repos\deanable\synapic.net\build\_python\win-x64\python\Lib\subprocess.py", line 548, in run
    with Popen(*popenargs, **kwargs) as process:
         ^^^^^^^^^^^^^^^^^^^^^^^^^^^
  File "C:\Users\Dean\source\repos\deanable\synapic.net\build\_python\win-x64\python\Lib\subprocess.py", line 1026, in __init__
    self._execute_child(args, executable, preexec_fn, close_fds,
  File "C:\Users\Dean\source\repos\deanable\synapic.net\build\_python\win-x64\python\Lib\subprocess.py", line 1538, in _execute_child
    hp, ht, pid, tid = _winapi.CreateProcess(executable, args,
                       ^^^^^^^^^^^^^^^^^^^^^^^^^^^^^^^^^^^^^^^
FileNotFoundError: [WinError 2] The system cannot find the file specified
159281 INFO: Executing: strip C:\Users\Dean\AppData\Local\pyinstaller\bincache10py31164bit\api-ms-win-core-timezone-l1-1-0.dll
159282 WARNING: Failed to run strip on 'C:\\Users\\Dean\\AppData\\Local\\pyinstaller\\bincache10py31164bit\\api-ms-win-core-timezone-l1-1-0.dll'!
Traceback (most recent call last):
  File "C:\Users\Dean\source\repos\deanable\synapic.net\build\_python\win-x64\python\Lib\site-packages\PyInstaller\building\utils.py", line 250, in process_collected_binary
    p = subprocess.run(
        ^^^^^^^^^^^^^^^
  File "C:\Users\Dean\source\repos\deanable\synapic.net\build\_python\win-x64\python\Lib\subprocess.py", line 548, in run
    with Popen(*popenargs, **kwargs) as process:
         ^^^^^^^^^^^^^^^^^^^^^^^^^^^
  File "C:\Users\Dean\source\repos\deanable\synapic.net\build\_python\win-x64\python\Lib\subprocess.py", line 1026, in __init__
    self._execute_child(args, executable, preexec_fn, close_fds,
  File "C:\Users\Dean\source\repos\deanable\synapic.net\build\_python\win-x64\python\Lib\subprocess.py", line 1538, in _execute_child
    hp, ht, pid, tid = _winapi.CreateProcess(executable, args,
                       ^^^^^^^^^^^^^^^^^^^^^^^^^^^^^^^^^^^^^^^
FileNotFoundError: [WinError 2] The system cannot find the file specified
159290 INFO: Executing: strip C:\Users\Dean\AppData\Local\pyinstaller\bincache10py31164bit\api-ms-win-core-libraryloader-l1-1-0.dll
159292 WARNING: Failed to run strip on 'C:\\Users\\Dean\\AppData\\Local\\pyinstaller\\bincache10py31164bit\\api-ms-win-core-libraryloader-l1-1-0.dll'!
Traceback (most recent call last):
  File "C:\Users\Dean\source\repos\deanable\synapic.net\build\_python\win-x64\python\Lib\site-packages\PyInstaller\building\utils.py", line 250, in process_collected_binary
    p = subprocess.run(
        ^^^^^^^^^^^^^^^
  File "C:\Users\Dean\source\repos\deanable\synapic.net\build\_python\win-x64\python\Lib\subprocess.py", line 548, in run
    with Popen(*popenargs, **kwargs) as process:
         ^^^^^^^^^^^^^^^^^^^^^^^^^^^
  File "C:\Users\Dean\source\repos\deanable\synapic.net\build\_python\win-x64\python\Lib\subprocess.py", line 1026, in __init__
    self._execute_child(args, executable, preexec_fn, close_fds,
  File "C:\Users\Dean\source\repos\deanable\synapic.net\build\_python\win-x64\python\Lib\subprocess.py", line 1538, in _execute_child
    hp, ht, pid, tid = _winapi.CreateProcess(executable, args,
                       ^^^^^^^^^^^^^^^^^^^^^^^^^^^^^^^^^^^^^^^
FileNotFoundError: [WinError 2] The system cannot find the file specified
159304 INFO: Executing: strip C:\Users\Dean\AppData\Local\pyinstaller\bincache10py31164bit\api-ms-win-core-handle-l1-1-0.dll
159306 WARNING: Failed to run strip on 'C:\\Users\\Dean\\AppData\\Local\\pyinstaller\\bincache10py31164bit\\api-ms-win-core-handle-l1-1-0.dll'!
Traceback (most recent call last):
  File "C:\Users\Dean\source\repos\deanable\synapic.net\build\_python\win-x64\python\Lib\site-packages\PyInstaller\building\utils.py", line 250, in process_collected_binary
    p = subprocess.run(
        ^^^^^^^^^^^^^^^
  File "C:\Users\Dean\source\repos\deanable\synapic.net\build\_python\win-x64\python\Lib\subprocess.py", line 548, in run
    with Popen(*popenargs, **kwargs) as process:
         ^^^^^^^^^^^^^^^^^^^^^^^^^^^
  File "C:\Users\Dean\source\repos\deanable\synapic.net\build\_python\win-x64\python\Lib\subprocess.py", line 1026, in __init__
    self._execute_child(args, executable, preexec_fn, close_fds,
  File "C:\Users\Dean\source\repos\deanable\synapic.net\build\_python\win-x64\python\Lib\subprocess.py", line 1538, in _execute_child
    hp, ht, pid, tid = _winapi.CreateProcess(executable, args,
                       ^^^^^^^^^^^^^^^^^^^^^^^^^^^^^^^^^^^^^^^
FileNotFoundError: [WinError 2] The system cannot find the file specified
159313 INFO: Executing: strip C:\Users\Dean\AppData\Local\pyinstaller\bincache10py31164bit\api-ms-win-core-processenvironment-l1-1-0.dll
159314 WARNING: Failed to run strip on 'C:\\Users\\Dean\\AppData\\Local\\pyinstaller\\bincache10py31164bit\\api-ms-win-core-processenvironment-l1-1-0.dll'!
Traceback (most recent call last):
  File "C:\Users\Dean\source\repos\deanable\synapic.net\build\_python\win-x64\python\Lib\site-packages\PyInstaller\building\utils.py", line 250, in process_collected_binary
    p = subprocess.run(
        ^^^^^^^^^^^^^^^
  File "C:\Users\Dean\source\repos\deanable\synapic.net\build\_python\win-x64\python\Lib\subprocess.py", line 548, in run
    with Popen(*popenargs, **kwargs) as process:
         ^^^^^^^^^^^^^^^^^^^^^^^^^^^
  File "C:\Users\Dean\source\repos\deanable\synapic.net\build\_python\win-x64\python\Lib\subprocess.py", line 1026, in __init__
    self._execute_child(args, executable, preexec_fn, close_fds,
  File "C:\Users\Dean\source\repos\deanable\synapic.net\build\_python\win-x64\python\Lib\subprocess.py", line 1538, in _execute_child
    hp, ht, pid, tid = _winapi.CreateProcess(executable, args,
                       ^^^^^^^^^^^^^^^^^^^^^^^^^^^^^^^^^^^^^^^
FileNotFoundError: [WinError 2] The system cannot find the file specified
159323 INFO: Executing: strip C:\Users\Dean\AppData\Local\pyinstaller\bincache10py31164bit\api-ms-win-core-fibers-l1-1-1.dll
159324 WARNING: Failed to run strip on 'C:\\Users\\Dean\\AppData\\Local\\pyinstaller\\bincache10py31164bit\\api-ms-win-core-fibers-l1-1-1.dll'!
Traceback (most recent call last):
  File "C:\Users\Dean\source\repos\deanable\synapic.net\build\_python\win-x64\python\Lib\site-packages\PyInstaller\building\utils.py", line 250, in process_collected_binary
    p = subprocess.run(
        ^^^^^^^^^^^^^^^
  File "C:\Users\Dean\source\repos\deanable\synapic.net\build\_python\win-x64\python\Lib\subprocess.py", line 548, in run
    with Popen(*popenargs, **kwargs) as process:
         ^^^^^^^^^^^^^^^^^^^^^^^^^^^
  File "C:\Users\Dean\source\repos\deanable\synapic.net\build\_python\win-x64\python\Lib\subprocess.py", line 1026, in __init__
    self._execute_child(args, executable, preexec_fn, close_fds,
  File "C:\Users\Dean\source\repos\deanable\synapic.net\build\_python\win-x64\python\Lib\subprocess.py", line 1538, in _execute_child
    hp, ht, pid, tid = _winapi.CreateProcess(executable, args,
                       ^^^^^^^^^^^^^^^^^^^^^^^^^^^^^^^^^^^^^^^
FileNotFoundError: [WinError 2] The system cannot find the file specified
159334 INFO: Executing: strip C:\Users\Dean\AppData\Local\pyinstaller\bincache10py31164bit\api-ms-win-core-processthreads-l1-1-1.dll
159336 WARNING: Failed to run strip on 'C:\\Users\\Dean\\AppData\\Local\\pyinstaller\\bincache10py31164bit\\api-ms-win-core-processthreads-l1-1-1.dll'!
Traceback (most recent call last):
  File "C:\Users\Dean\source\repos\deanable\synapic.net\build\_python\win-x64\python\Lib\site-packages\PyInstaller\building\utils.py", line 250, in process_collected_binary
    p = subprocess.run(
        ^^^^^^^^^^^^^^^
  File "C:\Users\Dean\source\repos\deanable\synapic.net\build\_python\win-x64\python\Lib\subprocess.py", line 548, in run
    with Popen(*popenargs, **kwargs) as process:
         ^^^^^^^^^^^^^^^^^^^^^^^^^^^
  File "C:\Users\Dean\source\repos\deanable\synapic.net\build\_python\win-x64\python\Lib\subprocess.py", line 1026, in __init__
    self._execute_child(args, executable, preexec_fn, close_fds,
  File "C:\Users\Dean\source\repos\deanable\synapic.net\build\_python\win-x64\python\Lib\subprocess.py", line 1538, in _execute_child
    hp, ht, pid, tid = _winapi.CreateProcess(executable, args,
                       ^^^^^^^^^^^^^^^^^^^^^^^^^^^^^^^^^^^^^^^
FileNotFoundError: [WinError 2] The system cannot find the file specified
159343 INFO: Executing: strip C:\Users\Dean\AppData\Local\pyinstaller\bincache10py31164bit\api-ms-win-core-sysinfo-l1-2-0.dll
159344 WARNING: Failed to run strip on 'C:\\Users\\Dean\\AppData\\Local\\pyinstaller\\bincache10py31164bit\\api-ms-win-core-sysinfo-l1-2-0.dll'!
Traceback (most recent call last):
  File "C:\Users\Dean\source\repos\deanable\synapic.net\build\_python\win-x64\python\Lib\site-packages\PyInstaller\building\utils.py", line 250, in process_collected_binary
    p = subprocess.run(
        ^^^^^^^^^^^^^^^
  File "C:\Users\Dean\source\repos\deanable\synapic.net\build\_python\win-x64\python\Lib\subprocess.py", line 548, in run
    with Popen(*popenargs, **kwargs) as process:
         ^^^^^^^^^^^^^^^^^^^^^^^^^^^
  File "C:\Users\Dean\source\repos\deanable\synapic.net\build\_python\win-x64\python\Lib\subprocess.py", line 1026, in __init__
    self._execute_child(args, executable, preexec_fn, close_fds,
  File "C:\Users\Dean\source\repos\deanable\synapic.net\build\_python\win-x64\python\Lib\subprocess.py", line 1538, in _execute_child
    hp, ht, pid, tid = _winapi.CreateProcess(executable, args,
                       ^^^^^^^^^^^^^^^^^^^^^^^^^^^^^^^^^^^^^^^
FileNotFoundError: [WinError 2] The system cannot find the file specified
159351 INFO: Executing: strip C:\Users\Dean\AppData\Local\pyinstaller\bincache10py31164bit\api-ms-win-core-file-l2-1-0.dll
159352 WARNING: Failed to run strip on 'C:\\Users\\Dean\\AppData\\Local\\pyinstaller\\bincache10py31164bit\\api-ms-win-core-file-l2-1-0.dll'!
Traceback (most recent call last):
  File "C:\Users\Dean\source\repos\deanable\synapic.net\build\_python\win-x64\python\Lib\site-packages\PyInstaller\building\utils.py", line 250, in process_collected_binary
    p = subprocess.run(
        ^^^^^^^^^^^^^^^
  File "C:\Users\Dean\source\repos\deanable\synapic.net\build\_python\win-x64\python\Lib\subprocess.py", line 548, in run
    with Popen(*popenargs, **kwargs) as process:
         ^^^^^^^^^^^^^^^^^^^^^^^^^^^
  File "C:\Users\Dean\source\repos\deanable\synapic.net\build\_python\win-x64\python\Lib\subprocess.py", line 1026, in __init__
    self._execute_child(args, executable, preexec_fn, close_fds,
  File "C:\Users\Dean\source\repos\deanable\synapic.net\build\_python\win-x64\python\Lib\subprocess.py", line 1538, in _execute_child
    hp, ht, pid, tid = _winapi.CreateProcess(executable, args,
                       ^^^^^^^^^^^^^^^^^^^^^^^^^^^^^^^^^^^^^^^
FileNotFoundError: [WinError 2] The system cannot find the file specified
159357 INFO: Executing: strip C:\Users\Dean\AppData\Local\pyinstaller\bincache10py31164bit\api-ms-win-core-string-l1-1-0.dll
159358 WARNING: Failed to run strip on 'C:\\Users\\Dean\\AppData\\Local\\pyinstaller\\bincache10py31164bit\\api-ms-win-core-string-l1-1-0.dll'!
Traceback (most recent call last):
  File "C:\Users\Dean\source\repos\deanable\synapic.net\build\_python\win-x64\python\Lib\site-packages\PyInstaller\building\utils.py", line 250, in process_collected_binary
    p = subprocess.run(
        ^^^^^^^^^^^^^^^
  File "C:\Users\Dean\source\repos\deanable\synapic.net\build\_python\win-x64\python\Lib\subprocess.py", line 548, in run
    with Popen(*popenargs, **kwargs) as process:
         ^^^^^^^^^^^^^^^^^^^^^^^^^^^
  File "C:\Users\Dean\source\repos\deanable\synapic.net\build\_python\win-x64\python\Lib\subprocess.py", line 1026, in __init__
    self._execute_child(args, executable, preexec_fn, close_fds,
  File "C:\Users\Dean\source\repos\deanable\synapic.net\build\_python\win-x64\python\Lib\subprocess.py", line 1538, in _execute_child
    hp, ht, pid, tid = _winapi.CreateProcess(executable, args,
                       ^^^^^^^^^^^^^^^^^^^^^^^^^^^^^^^^^^^^^^^
FileNotFoundError: [WinError 2] The system cannot find the file specified
159363 INFO: Executing: strip C:\Users\Dean\AppData\Local\pyinstaller\bincache10py31164bit\api-ms-win-core-heap-l1-1-0.dll
159366 WARNING: Failed to run strip on 'C:\\Users\\Dean\\AppData\\Local\\pyinstaller\\bincache10py31164bit\\api-ms-win-core-heap-l1-1-0.dll'!
Traceback (most recent call last):
  File "C:\Users\Dean\source\repos\deanable\synapic.net\build\_python\win-x64\python\Lib\site-packages\PyInstaller\building\utils.py", line 250, in process_collected_binary
    p = subprocess.run(
        ^^^^^^^^^^^^^^^
  File "C:\Users\Dean\source\repos\deanable\synapic.net\build\_python\win-x64\python\Lib\subprocess.py", line 548, in run
    with Popen(*popenargs, **kwargs) as process:
         ^^^^^^^^^^^^^^^^^^^^^^^^^^^
  File "C:\Users\Dean\source\repos\deanable\synapic.net\build\_python\win-x64\python\Lib\subprocess.py", line 1026, in __init__
    self._execute_child(args, executable, preexec_fn, close_fds,
  File "C:\Users\Dean\source\repos\deanable\synapic.net\build\_python\win-x64\python\Lib\subprocess.py", line 1538, in _execute_child
    hp, ht, pid, tid = _winapi.CreateProcess(executable, args,
                       ^^^^^^^^^^^^^^^^^^^^^^^^^^^^^^^^^^^^^^^
FileNotFoundError: [WinError 2] The system cannot find the file specified
159378 INFO: Executing: strip C:\Users\Dean\AppData\Local\pyinstaller\bincache10py31164bit\api-ms-win-core-memory-l1-1-0.dll
159379 WARNING: Failed to run strip on 'C:\\Users\\Dean\\AppData\\Local\\pyinstaller\\bincache10py31164bit\\api-ms-win-core-memory-l1-1-0.dll'!
Traceback (most recent call last):
  File "C:\Users\Dean\source\repos\deanable\synapic.net\build\_python\win-x64\python\Lib\site-packages\PyInstaller\building\utils.py", line 250, in process_collected_binary
    p = subprocess.run(
        ^^^^^^^^^^^^^^^
  File "C:\Users\Dean\source\repos\deanable\synapic.net\build\_python\win-x64\python\Lib\subprocess.py", line 548, in run
    with Popen(*popenargs, **kwargs) as process:
         ^^^^^^^^^^^^^^^^^^^^^^^^^^^
  File "C:\Users\Dean\source\repos\deanable\synapic.net\build\_python\win-x64\python\Lib\subprocess.py", line 1026, in __init__
    self._execute_child(args, executable, preexec_fn, close_fds,
  File "C:\Users\Dean\source\repos\deanable\synapic.net\build\_python\win-x64\python\Lib\subprocess.py", line 1538, in _execute_child
    hp, ht, pid, tid = _winapi.CreateProcess(executable, args,
                       ^^^^^^^^^^^^^^^^^^^^^^^^^^^^^^^^^^^^^^^
FileNotFoundError: [WinError 2] The system cannot find the file specified
159387 INFO: Executing: strip C:\Users\Dean\AppData\Local\pyinstaller\bincache10py31164bit\api-ms-win-core-debug-l1-1-0.dll
159388 WARNING: Failed to run strip on 'C:\\Users\\Dean\\AppData\\Local\\pyinstaller\\bincache10py31164bit\\api-ms-win-core-debug-l1-1-0.dll'!
Traceback (most recent call last):
  File "C:\Users\Dean\source\repos\deanable\synapic.net\build\_python\win-x64\python\Lib\site-packages\PyInstaller\building\utils.py", line 250, in process_collected_binary
    p = subprocess.run(
        ^^^^^^^^^^^^^^^
  File "C:\Users\Dean\source\repos\deanable\synapic.net\build\_python\win-x64\python\Lib\subprocess.py", line 548, in run
    with Popen(*popenargs, **kwargs) as process:
         ^^^^^^^^^^^^^^^^^^^^^^^^^^^
  File "C:\Users\Dean\source\repos\deanable\synapic.net\build\_python\win-x64\python\Lib\subprocess.py", line 1026, in __init__
    self._execute_child(args, executable, preexec_fn, close_fds,
  File "C:\Users\Dean\source\repos\deanable\synapic.net\build\_python\win-x64\python\Lib\subprocess.py", line 1538, in _execute_child
    hp, ht, pid, tid = _winapi.CreateProcess(executable, args,
                       ^^^^^^^^^^^^^^^^^^^^^^^^^^^^^^^^^^^^^^^
FileNotFoundError: [WinError 2] The system cannot find the file specified
159397 INFO: Executing: strip C:\Users\Dean\AppData\Local\pyinstaller\bincache10py31164bit\api-ms-win-core-localization-l1-2-0.dll
159399 WARNING: Failed to run strip on 'C:\\Users\\Dean\\AppData\\Local\\pyinstaller\\bincache10py31164bit\\api-ms-win-core-localization-l1-2-0.dll'!
Traceback (most recent call last):
  File "C:\Users\Dean\source\repos\deanable\synapic.net\build\_python\win-x64\python\Lib\site-packages\PyInstaller\building\utils.py", line 250, in process_collected_binary
    p = subprocess.run(
        ^^^^^^^^^^^^^^^
  File "C:\Users\Dean\source\repos\deanable\synapic.net\build\_python\win-x64\python\Lib\subprocess.py", line 548, in run
    with Popen(*popenargs, **kwargs) as process:
         ^^^^^^^^^^^^^^^^^^^^^^^^^^^
  File "C:\Users\Dean\source\repos\deanable\synapic.net\build\_python\win-x64\python\Lib\subprocess.py", line 1026, in __init__
    self._execute_child(args, executable, preexec_fn, close_fds,
  File "C:\Users\Dean\source\repos\deanable\synapic.net\build\_python\win-x64\python\Lib\subprocess.py", line 1538, in _execute_child
    hp, ht, pid, tid = _winapi.CreateProcess(executable, args,
                       ^^^^^^^^^^^^^^^^^^^^^^^^^^^^^^^^^^^^^^^
FileNotFoundError: [WinError 2] The system cannot find the file specified
159408 INFO: Executing: strip C:\Users\Dean\AppData\Local\pyinstaller\bincache10py31164bit\api-ms-win-core-fibers-l1-1-0.dll
159409 WARNING: Failed to run strip on 'C:\\Users\\Dean\\AppData\\Local\\pyinstaller\\bincache10py31164bit\\api-ms-win-core-fibers-l1-1-0.dll'!
Traceback (most recent call last):
  File "C:\Users\Dean\source\repos\deanable\synapic.net\build\_python\win-x64\python\Lib\site-packages\PyInstaller\building\utils.py", line 250, in process_collected_binary
    p = subprocess.run(
        ^^^^^^^^^^^^^^^
  File "C:\Users\Dean\source\repos\deanable\synapic.net\build\_python\win-x64\python\Lib\subprocess.py", line 548, in run
    with Popen(*popenargs, **kwargs) as process:
         ^^^^^^^^^^^^^^^^^^^^^^^^^^^
  File "C:\Users\Dean\source\repos\deanable\synapic.net\build\_python\win-x64\python\Lib\subprocess.py", line 1026, in __init__
    self._execute_child(args, executable, preexec_fn, close_fds,
  File "C:\Users\Dean\source\repos\deanable\synapic.net\build\_python\win-x64\python\Lib\subprocess.py", line 1538, in _execute_child
    hp, ht, pid, tid = _winapi.CreateProcess(executable, args,
                       ^^^^^^^^^^^^^^^^^^^^^^^^^^^^^^^^^^^^^^^
FileNotFoundError: [WinError 2] The system cannot find the file specified
159418 INFO: Executing: strip C:\Users\Dean\AppData\Local\pyinstaller\bincache10py31164bit\api-ms-win-core-sysinfo-l1-1-0.dll
159419 WARNING: Failed to run strip on 'C:\\Users\\Dean\\AppData\\Local\\pyinstaller\\bincache10py31164bit\\api-ms-win-core-sysinfo-l1-1-0.dll'!
Traceback (most recent call last):
  File "C:\Users\Dean\source\repos\deanable\synapic.net\build\_python\win-x64\python\Lib\site-packages\PyInstaller\building\utils.py", line 250, in process_collected_binary
    p = subprocess.run(
        ^^^^^^^^^^^^^^^
  File "C:\Users\Dean\source\repos\deanable\synapic.net\build\_python\win-x64\python\Lib\subprocess.py", line 548, in run
    with Popen(*popenargs, **kwargs) as process:
         ^^^^^^^^^^^^^^^^^^^^^^^^^^^
  File "C:\Users\Dean\source\repos\deanable\synapic.net\build\_python\win-x64\python\Lib\subprocess.py", line 1026, in __init__
    self._execute_child(args, executable, preexec_fn, close_fds,
  File "C:\Users\Dean\source\repos\deanable\synapic.net\build\_python\win-x64\python\Lib\subprocess.py", line 1538, in _execute_child
    hp, ht, pid, tid = _winapi.CreateProcess(executable, args,
                       ^^^^^^^^^^^^^^^^^^^^^^^^^^^^^^^^^^^^^^^
FileNotFoundError: [WinError 2] The system cannot find the file specified
159426 INFO: Executing: strip C:\Users\Dean\AppData\Local\pyinstaller\bincache10py31164bit\api-ms-win-core-console-l1-1-0.dll
159428 WARNING: Failed to run strip on 'C:\\Users\\Dean\\AppData\\Local\\pyinstaller\\bincache10py31164bit\\api-ms-win-core-console-l1-1-0.dll'!
Traceback (most recent call last):
  File "C:\Users\Dean\source\repos\deanable\synapic.net\build\_python\win-x64\python\Lib\site-packages\PyInstaller\building\utils.py", line 250, in process_collected_binary
    p = subprocess.run(
        ^^^^^^^^^^^^^^^
  File "C:\Users\Dean\source\repos\deanable\synapic.net\build\_python\win-x64\python\Lib\subprocess.py", line 548, in run
    with Popen(*popenargs, **kwargs) as process:
         ^^^^^^^^^^^^^^^^^^^^^^^^^^^
  File "C:\Users\Dean\source\repos\deanable\synapic.net\build\_python\win-x64\python\Lib\subprocess.py", line 1026, in __init__
    self._execute_child(args, executable, preexec_fn, close_fds,
  File "C:\Users\Dean\source\repos\deanable\synapic.net\build\_python\win-x64\python\Lib\subprocess.py", line 1538, in _execute_child
    hp, ht, pid, tid = _winapi.CreateProcess(executable, args,
                       ^^^^^^^^^^^^^^^^^^^^^^^^^^^^^^^^^^^^^^^
FileNotFoundError: [WinError 2] The system cannot find the file specified
159435 INFO: Executing: strip C:\Users\Dean\AppData\Local\pyinstaller\bincache10py31164bit\api-ms-win-core-file-l1-2-0.dll
159436 WARNING: Failed to run strip on 'C:\\Users\\Dean\\AppData\\Local\\pyinstaller\\bincache10py31164bit\\api-ms-win-core-file-l1-2-0.dll'!
Traceback (most recent call last):
  File "C:\Users\Dean\source\repos\deanable\synapic.net\build\_python\win-x64\python\Lib\site-packages\PyInstaller\building\utils.py", line 250, in process_collected_binary
    p = subprocess.run(
        ^^^^^^^^^^^^^^^
  File "C:\Users\Dean\source\repos\deanable\synapic.net\build\_python\win-x64\python\Lib\subprocess.py", line 548, in run
    with Popen(*popenargs, **kwargs) as process:
         ^^^^^^^^^^^^^^^^^^^^^^^^^^^
  File "C:\Users\Dean\source\repos\deanable\synapic.net\build\_python\win-x64\python\Lib\subprocess.py", line 1026, in __init__
    self._execute_child(args, executable, preexec_fn, close_fds,
  File "C:\Users\Dean\source\repos\deanable\synapic.net\build\_python\win-x64\python\Lib\subprocess.py", line 1538, in _execute_child
    hp, ht, pid, tid = _winapi.CreateProcess(executable, args,
                       ^^^^^^^^^^^^^^^^^^^^^^^^^^^^^^^^^^^^^^^
FileNotFoundError: [WinError 2] The system cannot find the file specified
159443 INFO: Executing: strip C:\Users\Dean\AppData\Local\pyinstaller\bincache10py31164bit\api-ms-win-core-namedpipe-l1-1-0.dll
159445 WARNING: Failed to run strip on 'C:\\Users\\Dean\\AppData\\Local\\pyinstaller\\bincache10py31164bit\\api-ms-win-core-namedpipe-l1-1-0.dll'!
Traceback (most recent call last):
  File "C:\Users\Dean\source\repos\deanable\synapic.net\build\_python\win-x64\python\Lib\site-packages\PyInstaller\building\utils.py", line 250, in process_collected_binary
    p = subprocess.run(
        ^^^^^^^^^^^^^^^
  File "C:\Users\Dean\source\repos\deanable\synapic.net\build\_python\win-x64\python\Lib\subprocess.py", line 548, in run
    with Popen(*popenargs, **kwargs) as process:
         ^^^^^^^^^^^^^^^^^^^^^^^^^^^
  File "C:\Users\Dean\source\repos\deanable\synapic.net\build\_python\win-x64\python\Lib\subprocess.py", line 1026, in __init__
    self._execute_child(args, executable, preexec_fn, close_fds,
  File "C:\Users\Dean\source\repos\deanable\synapic.net\build\_python\win-x64\python\Lib\subprocess.py", line 1538, in _execute_child
    hp, ht, pid, tid = _winapi.CreateProcess(executable, args,
                       ^^^^^^^^^^^^^^^^^^^^^^^^^^^^^^^^^^^^^^^
FileNotFoundError: [WinError 2] The system cannot find the file specified
159453 INFO: Executing: strip C:\Users\Dean\AppData\Local\pyinstaller\bincache10py31164bit\api-ms-win-core-errorhandling-l1-1-0.dll
159455 WARNING: Failed to run strip on 'C:\\Users\\Dean\\AppData\\Local\\pyinstaller\\bincache10py31164bit\\api-ms-win-core-errorhandling-l1-1-0.dll'!
Traceback (most recent call last):
  File "C:\Users\Dean\source\repos\deanable\synapic.net\build\_python\win-x64\python\Lib\site-packages\PyInstaller\building\utils.py", line 250, in process_collected_binary
    p = subprocess.run(
        ^^^^^^^^^^^^^^^
  File "C:\Users\Dean\source\repos\deanable\synapic.net\build\_python\win-x64\python\Lib\subprocess.py", line 548, in run
    with Popen(*popenargs, **kwargs) as process:
         ^^^^^^^^^^^^^^^^^^^^^^^^^^^
  File "C:\Users\Dean\source\repos\deanable\synapic.net\build\_python\win-x64\python\Lib\subprocess.py", line 1026, in __init__
    self._execute_child(args, executable, preexec_fn, close_fds,
  File "C:\Users\Dean\source\repos\deanable\synapic.net\build\_python\win-x64\python\Lib\subprocess.py", line 1538, in _execute_child
    hp, ht, pid, tid = _winapi.CreateProcess(executable, args,
                       ^^^^^^^^^^^^^^^^^^^^^^^^^^^^^^^^^^^^^^^
FileNotFoundError: [WinError 2] The system cannot find the file specified
159462 INFO: Executing: strip C:\Users\Dean\AppData\Local\pyinstaller\bincache10py31164bit\api-ms-win-core-datetime-l1-1-0.dll
159464 WARNING: Failed to run strip on 'C:\\Users\\Dean\\AppData\\Local\\pyinstaller\\bincache10py31164bit\\api-ms-win-core-datetime-l1-1-0.dll'!
Traceback (most recent call last):
  File "C:\Users\Dean\source\repos\deanable\synapic.net\build\_python\win-x64\python\Lib\site-packages\PyInstaller\building\utils.py", line 250, in process_collected_binary
    p = subprocess.run(
        ^^^^^^^^^^^^^^^
  File "C:\Users\Dean\source\repos\deanable\synapic.net\build\_python\win-x64\python\Lib\subprocess.py", line 548, in run
    with Popen(*popenargs, **kwargs) as process:
         ^^^^^^^^^^^^^^^^^^^^^^^^^^^
  File "C:\Users\Dean\source\repos\deanable\synapic.net\build\_python\win-x64\python\Lib\subprocess.py", line 1026, in __init__
    self._execute_child(args, executable, preexec_fn, close_fds,
  File "C:\Users\Dean\source\repos\deanable\synapic.net\build\_python\win-x64\python\Lib\subprocess.py", line 1538, in _execute_child
    hp, ht, pid, tid = _winapi.CreateProcess(executable, args,
                       ^^^^^^^^^^^^^^^^^^^^^^^^^^^^^^^^^^^^^^^
FileNotFoundError: [WinError 2] The system cannot find the file specified
159471 INFO: Executing: strip C:\Users\Dean\AppData\Local\pyinstaller\bincache10py31164bit\api-ms-win-core-synch-l1-1-0.dll
159472 WARNING: Failed to run strip on 'C:\\Users\\Dean\\AppData\\Local\\pyinstaller\\bincache10py31164bit\\api-ms-win-core-synch-l1-1-0.dll'!
Traceback (most recent call last):
  File "C:\Users\Dean\source\repos\deanable\synapic.net\build\_python\win-x64\python\Lib\site-packages\PyInstaller\building\utils.py", line 250, in process_collected_binary
    p = subprocess.run(
        ^^^^^^^^^^^^^^^
  File "C:\Users\Dean\source\repos\deanable\synapic.net\build\_python\win-x64\python\Lib\subprocess.py", line 548, in run
    with Popen(*popenargs, **kwargs) as process:
         ^^^^^^^^^^^^^^^^^^^^^^^^^^^
  File "C:\Users\Dean\source\repos\deanable\synapic.net\build\_python\win-x64\python\Lib\subprocess.py", line 1026, in __init__
    self._execute_child(args, executable, preexec_fn, close_fds,
  File "C:\Users\Dean\source\repos\deanable\synapic.net\build\_python\win-x64\python\Lib\subprocess.py", line 1538, in _execute_child
    hp, ht, pid, tid = _winapi.CreateProcess(executable, args,
                       ^^^^^^^^^^^^^^^^^^^^^^^^^^^^^^^^^^^^^^^
FileNotFoundError: [WinError 2] The system cannot find the file specified
159480 INFO: Executing: strip C:\Users\Dean\AppData\Local\pyinstaller\bincache10py31164bit\api-ms-win-core-interlocked-l1-1-0.dll
159482 WARNING: Failed to run strip on 'C:\\Users\\Dean\\AppData\\Local\\pyinstaller\\bincache10py31164bit\\api-ms-win-core-interlocked-l1-1-0.dll'!
Traceback (most recent call last):
  File "C:\Users\Dean\source\repos\deanable\synapic.net\build\_python\win-x64\python\Lib\site-packages\PyInstaller\building\utils.py", line 250, in process_collected_binary
    p = subprocess.run(
        ^^^^^^^^^^^^^^^
  File "C:\Users\Dean\source\repos\deanable\synapic.net\build\_python\win-x64\python\Lib\subprocess.py", line 548, in run
    with Popen(*popenargs, **kwargs) as process:
         ^^^^^^^^^^^^^^^^^^^^^^^^^^^
  File "C:\Users\Dean\source\repos\deanable\synapic.net\build\_python\win-x64\python\Lib\subprocess.py", line 1026, in __init__
    self._execute_child(args, executable, preexec_fn, close_fds,
  File "C:\Users\Dean\source\repos\deanable\synapic.net\build\_python\win-x64\python\Lib\subprocess.py", line 1538, in _execute_child
    hp, ht, pid, tid = _winapi.CreateProcess(executable, args,
                       ^^^^^^^^^^^^^^^^^^^^^^^^^^^^^^^^^^^^^^^
FileNotFoundError: [WinError 2] The system cannot find the file specified
159488 INFO: Executing: strip C:\Users\Dean\AppData\Local\pyinstaller\bincache10py31164bit\api-ms-win-core-processthreads-l1-1-0.dll
159490 WARNING: Failed to run strip on 'C:\\Users\\Dean\\AppData\\Local\\pyinstaller\\bincache10py31164bit\\api-ms-win-core-processthreads-l1-1-0.dll'!
Traceback (most recent call last):
  File "C:\Users\Dean\source\repos\deanable\synapic.net\build\_python\win-x64\python\Lib\site-packages\PyInstaller\building\utils.py", line 250, in process_collected_binary
    p = subprocess.run(
        ^^^^^^^^^^^^^^^
  File "C:\Users\Dean\source\repos\deanable\synapic.net\build\_python\win-x64\python\Lib\subprocess.py", line 548, in run
    with Popen(*popenargs, **kwargs) as process:
         ^^^^^^^^^^^^^^^^^^^^^^^^^^^
  File "C:\Users\Dean\source\repos\deanable\synapic.net\build\_python\win-x64\python\Lib\subprocess.py", line 1026, in __init__
    self._execute_child(args, executable, preexec_fn, close_fds,
  File "C:\Users\Dean\source\repos\deanable\synapic.net\build\_python\win-x64\python\Lib\subprocess.py", line 1538, in _execute_child
    hp, ht, pid, tid = _winapi.CreateProcess(executable, args,
                       ^^^^^^^^^^^^^^^^^^^^^^^^^^^^^^^^^^^^^^^
FileNotFoundError: [WinError 2] The system cannot find the file specified
159498 INFO: Executing: strip C:\Users\Dean\AppData\Local\pyinstaller\bincache10py31164bit\api-ms-win-core-profile-l1-1-0.dll
159500 WARNING: Failed to run strip on 'C:\\Users\\Dean\\AppData\\Local\\pyinstaller\\bincache10py31164bit\\api-ms-win-core-profile-l1-1-0.dll'!
Traceback (most recent call last):
  File "C:\Users\Dean\source\repos\deanable\synapic.net\build\_python\win-x64\python\Lib\site-packages\PyInstaller\building\utils.py", line 250, in process_collected_binary
    p = subprocess.run(
        ^^^^^^^^^^^^^^^
  File "C:\Users\Dean\source\repos\deanable\synapic.net\build\_python\win-x64\python\Lib\subprocess.py", line 548, in run
    with Popen(*popenargs, **kwargs) as process:
         ^^^^^^^^^^^^^^^^^^^^^^^^^^^
  File "C:\Users\Dean\source\repos\deanable\synapic.net\build\_python\win-x64\python\Lib\subprocess.py", line 1026, in __init__
    self._execute_child(args, executable, preexec_fn, close_fds,
  File "C:\Users\Dean\source\repos\deanable\synapic.net\build\_python\win-x64\python\Lib\subprocess.py", line 1538, in _execute_child
    hp, ht, pid, tid = _winapi.CreateProcess(executable, args,
                       ^^^^^^^^^^^^^^^^^^^^^^^^^^^^^^^^^^^^^^^
FileNotFoundError: [WinError 2] The system cannot find the file specified
159508 INFO: Executing: strip C:\Users\Dean\AppData\Local\pyinstaller\bincache10py31164bit\api-ms-win-core-file-l1-1-0.dll
159509 WARNING: Failed to run strip on 'C:\\Users\\Dean\\AppData\\Local\\pyinstaller\\bincache10py31164bit\\api-ms-win-core-file-l1-1-0.dll'!
Traceback (most recent call last):
  File "C:\Users\Dean\source\repos\deanable\synapic.net\build\_python\win-x64\python\Lib\site-packages\PyInstaller\building\utils.py", line 250, in process_collected_binary
    p = subprocess.run(
        ^^^^^^^^^^^^^^^
  File "C:\Users\Dean\source\repos\deanable\synapic.net\build\_python\win-x64\python\Lib\subprocess.py", line 548, in run
    with Popen(*popenargs, **kwargs) as process:
         ^^^^^^^^^^^^^^^^^^^^^^^^^^^
  File "C:\Users\Dean\source\repos\deanable\synapic.net\build\_python\win-x64\python\Lib\subprocess.py", line 1026, in __init__
    self._execute_child(args, executable, preexec_fn, close_fds,
  File "C:\Users\Dean\source\repos\deanable\synapic.net\build\_python\win-x64\python\Lib\subprocess.py", line 1538, in _execute_child
    hp, ht, pid, tid = _winapi.CreateProcess(executable, args,
                       ^^^^^^^^^^^^^^^^^^^^^^^^^^^^^^^^^^^^^^^
FileNotFoundError: [WinError 2] The system cannot find the file specified
159517 INFO: Executing: strip C:\Users\Dean\AppData\Local\pyinstaller\bincache10py31164bit\api-ms-win-core-kernel32-legacy-l1-1-1.dll
159519 WARNING: Failed to run strip on 'C:\\Users\\Dean\\AppData\\Local\\pyinstaller\\bincache10py31164bit\\api-ms-win-core-kernel32-legacy-l1-1-1.dll'!
Traceback (most recent call last):
  File "C:\Users\Dean\source\repos\deanable\synapic.net\build\_python\win-x64\python\Lib\site-packages\PyInstaller\building\utils.py", line 250, in process_collected_binary
    p = subprocess.run(
        ^^^^^^^^^^^^^^^
  File "C:\Users\Dean\source\repos\deanable\synapic.net\build\_python\win-x64\python\Lib\subprocess.py", line 548, in run
    with Popen(*popenargs, **kwargs) as process:
         ^^^^^^^^^^^^^^^^^^^^^^^^^^^
  File "C:\Users\Dean\source\repos\deanable\synapic.net\build\_python\win-x64\python\Lib\subprocess.py", line 1026, in __init__
    self._execute_child(args, executable, preexec_fn, close_fds,
  File "C:\Users\Dean\source\repos\deanable\synapic.net\build\_python\win-x64\python\Lib\subprocess.py", line 1538, in _execute_child
    hp, ht, pid, tid = _winapi.CreateProcess(executable, args,
                       ^^^^^^^^^^^^^^^^^^^^^^^^^^^^^^^^^^^^^^^
FileNotFoundError: [WinError 2] The system cannot find the file specified
214578 INFO: Building PKG (CArchive) synapic-inference.pkg completed successfully.
214680 INFO: Bootloader C:\Users\Dean\source\repos\deanable\synapic.net\build\_python\win-x64\python\Lib\site-packages\PyInstaller\bootloader\Windows-64bit-intel\run.exe
214680 INFO: checking EXE
214680 INFO: Building EXE because EXE-00.toc is non existent
214680 INFO: Building EXE from EXE-00.toc
214705 INFO: Copying bootloader EXE to C:\Users\Dean\source\repos\deanable\synapic.net\artifacts\win-x64\synapic-inference.exe
214726 INFO: Copying icon to EXE
214760 INFO: Copying 0 resources to EXE
214760 INFO: Embedding manifest in EXE
214784 INFO: Appending PKG archive to EXE
215089 INFO: Fixing EXE headers
221508 INFO: Building EXE from EXE-00.toc completed successfully.
221607 INFO: Build complete! The results are available in: C:\Users\Dean\source\repos\deanable\synapic.net\artifacts\win-x64

Name                     Length
----                     ------
synapic-inference.exe 227390878


