OK: transformers 5.1.0 ties LFM2.5-VL word embeddings.
99 INFO: PyInstaller: 6.18.0, contrib hooks: 2026.7
99 INFO: Python: 3.11.16
119 INFO: Platform: Windows-10-10.0.26200-SP0
119 INFO: Python environment: C:\Users\Dean\source\repos\deanable\synapic.net\build\_python\win-x64-cuda\python
121 INFO: Removing temporary files and cleaning cache in C:\Users\Dean\AppData\Local\pyinstaller
1620 INFO: Module search paths (PYTHONPATH):
['C:\\Users\\Dean\\source\\repos\\deanable\\synapic.net',
 'C:\\Users\\Dean\\source\\repos\\deanable\\synapic.net\\build\\_python\\win-x64-cuda\\python\\python311.zip',
 'C:\\Users\\Dean\\source\\repos\\deanable\\synapic.net\\build\\_python\\win-x64-cuda\\python\\DLLs',
 'C:\\Users\\Dean\\source\\repos\\deanable\\synapic.net\\build\\_python\\win-x64-cuda\\python\\Lib',
 'C:\\Users\\Dean\\source\\repos\\deanable\\synapic.net\\build\\_python\\win-x64-cuda\\python',
 'C:\\Users\\Dean\\source\\repos\\deanable\\synapic.net\\build\\_python\\win-x64-cuda\\python\\Lib\\site-packages',
 'C:\\Users\\Dean\\source\\repos\\deanable\\synapic.net\\src',
 'C:\\Users\\Dean\\source\\repos\\deanable\\synapic.net\\src\\Synapic.Inference']
1879 INFO: Appending 'datas' from .spec
1880 INFO: checking Analysis
1880 INFO: Building Analysis because Analysis-00.toc is non existent
1880 INFO: Looking for Python shared library...
1880 INFO: Using Python shared library: C:\Users\Dean\source\repos\deanable\synapic.net\build\_python\win-x64-cuda\python\python311.dll
1881 INFO: Running Analysis Analysis-00.toc
1881 INFO: Target bytecode optimization level: 0
1881 INFO: Initializing module dependency graph...
1881 INFO: Initializing module graph hook caches...
1909 INFO: Analyzing modules for base_library.zip ...
2730 INFO: Processing standard module hook 'hook-heapq.py' from 'C:\\Users\\Dean\\source\\repos\\deanable\\synapic.net\\build\\_python\\win-x64-cuda\\python\\Lib\\site-packages\\PyInstaller\\hooks'
2775 INFO: Processing standard module hook 'hook-encodings.py' from 'C:\\Users\\Dean\\source\\repos\\deanable\\synapic.net\\build\\_python\\win-x64-cuda\\python\\Lib\\site-packages\\PyInstaller\\hooks'
4017 INFO: Processing standard module hook 'hook-pickle.py' from 'C:\\Users\\Dean\\source\\repos\\deanable\\synapic.net\\build\\_python\\win-x64-cuda\\python\\Lib\\site-packages\\PyInstaller\\hooks'
5435 INFO: Caching module dependency graph...
5476 INFO: Analyzing C:\Users\Dean\source\repos\deanable\synapic.net\src\Synapic.Inference\service.py
5489 INFO: Processing standard module hook 'hook-uvicorn.py' from 'C:\\Users\\Dean\\source\\repos\\deanable\\synapic.net\\build\\_python\\win-x64-cuda\\python\\Lib\\site-packages\\_pyinstaller_hooks_contrib\\stdhooks'
5904 INFO: Processing standard module hook 'hook-multiprocessing.util.py' from 'C:\\Users\\Dean\\source\\repos\\deanable\\synapic.net\\build\\_python\\win-x64-cuda\\python\\Lib\\site-packages\\PyInstaller\\hooks'
6050 INFO: Processing standard module hook 'hook-xml.py' from 'C:\\Users\\Dean\\source\\repos\\deanable\\synapic.net\\build\\_python\\win-x64-cuda\\python\\Lib\\site-packages\\PyInstaller\\hooks'
6251 INFO: Processing standard module hook 'hook-_ctypes.py' from 'C:\\Users\\Dean\\source\\repos\\deanable\\synapic.net\\build\\_python\\win-x64-cuda\\python\\Lib\\site-packages\\PyInstaller\\hooks'
6844 INFO: Processing standard module hook 'hook-platform.py' from 'C:\\Users\\Dean\\source\\repos\\deanable\\synapic.net\\build\\_python\\win-x64-cuda\\python\\Lib\\site-packages\\PyInstaller\\hooks'
6897 INFO: Processing pre-safe-import-module hook 'hook-typing_extensions.py' from 'C:\\Users\\Dean\\source\\repos\\deanable\\synapic.net\\build\\_python\\win-x64-cuda\\python\\Lib\\site-packages\\PyInstaller\\hooks\\pre_safe_import_module'
6899 INFO: SetuptoolsInfo: initializing cached setuptools info...
7413 INFO: Processing standard module hook 'hook-difflib.py' from 'C:\\Users\\Dean\\source\\repos\\deanable\\synapic.net\\build\\_python\\win-x64-cuda\\python\\Lib\\site-packages\\PyInstaller\\hooks'
8066 INFO: Processing standard module hook 'hook-pydantic.py' from 'C:\\Users\\Dean\\source\\repos\\deanable\\synapic.net\\build\\_python\\win-x64-cuda\\python\\Lib\\site-packages\\_pyinstaller_hooks_contrib\\stdhooks'
8645 INFO: Processing standard module hook 'hook-rich.py' from 'C:\\Users\\Dean\\source\\repos\\deanable\\synapic.net\\build\\_python\\win-x64-cuda\\python\\Lib\\site-packages\\_pyinstaller_hooks_contrib\\stdhooks'
9170 INFO: Processing standard module hook 'hook-pygments.py' from 'C:\\Users\\Dean\\source\\repos\\deanable\\synapic.net\\build\\_python\\win-x64-cuda\\python\\Lib\\site-packages\\PyInstaller\\hooks'
10563 INFO: Processing standard module hook 'hook-sysconfig.py' from 'C:\\Users\\Dean\\source\\repos\\deanable\\synapic.net\\build\\_python\\win-x64-cuda\\python\\Lib\\site-packages\\PyInstaller\\hooks'
10889 INFO: Processing standard module hook 'hook-zoneinfo.py' from 'C:\\Users\\Dean\\source\\repos\\deanable\\synapic.net\\build\\_python\\win-x64-cuda\\python\\Lib\\site-packages\\_pyinstaller_hooks_contrib\\stdhooks'
11749 INFO: Processing standard module hook 'hook-anyio.py' from 'C:\\Users\\Dean\\source\\repos\\deanable\\synapic.net\\build\\_python\\win-x64-cuda\\python\\Lib\\site-packages\\_pyinstaller_hooks_contrib\\stdhooks'
12926 INFO: Processing standard module hook 'hook-certifi.py' from 'C:\\Users\\Dean\\source\\repos\\deanable\\synapic.net\\build\\_python\\win-x64-cuda\\python\\Lib\\site-packages\\_pyinstaller_hooks_contrib\\stdhooks'
13677 INFO: Processing pre-safe-import-module hook 'hook-importlib_resources.py' from 'C:\\Users\\Dean\\source\\repos\\deanable\\synapic.net\\build\\_python\\win-x64-cuda\\python\\Lib\\site-packages\\PyInstaller\\hooks\\pre_safe_import_module'
13712 INFO: Processing standard module hook 'hook-numpy.py' from 'C:\\Users\\Dean\\source\\repos\\deanable\\synapic.net\\build\\_python\\win-x64-cuda\\python\\Lib\\site-packages\\PyInstaller\\hooks'
14778 INFO: Processing standard module hook 'hook-psutil.py' from 'C:\\Users\\Dean\\source\\repos\\deanable\\synapic.net\\build\\_python\\win-x64-cuda\\python\\Lib\\site-packages\\_pyinstaller_hooks_contrib\\stdhooks'
15850 INFO: Processing standard module hook 'hook-charset_normalizer.py' from 'C:\\Users\\Dean\\source\\repos\\deanable\\synapic.net\\build\\_python\\win-x64-cuda\\python\\Lib\\site-packages\\_pyinstaller_hooks_contrib\\stdhooks'
16416 INFO: Processing standard module hook 'hook-sqlite3.py' from 'C:\\Users\\Dean\\source\\repos\\deanable\\synapic.net\\build\\_python\\win-x64-cuda\\python\\Lib\\site-packages\\PyInstaller\\hooks'
17004 INFO: Processing standard module hook 'hook-PIL.py' from 'C:\\Users\\Dean\\source\\repos\\deanable\\synapic.net\\build\\_python\\win-x64-cuda\\python\\Lib\\site-packages\\PyInstaller\\hooks'
17352 INFO: Processing standard module hook 'hook-PIL.Image.py' from 'C:\\Users\\Dean\\source\\repos\\deanable\\synapic.net\\build\\_python\\win-x64-cuda\\python\\Lib\\site-packages\\PyInstaller\\hooks'
17619 INFO: Processing standard module hook 'hook-xml.etree.cElementTree.py' from 'C:\\Users\\Dean\\source\\repos\\deanable\\synapic.net\\build\\_python\\win-x64-cuda\\python\\Lib\\site-packages\\PyInstaller\\hooks'
17812 INFO: Processing standard module hook 'hook-PIL.ImageFilter.py' from 'C:\\Users\\Dean\\source\\repos\\deanable\\synapic.net\\build\\_python\\win-x64-cuda\\python\\Lib\\site-packages\\PyInstaller\\hooks'
18644 INFO: Processing standard module hook 'hook-jinja2.py' from 'C:\\Users\\Dean\\source\\repos\\deanable\\synapic.net\\build\\_python\\win-x64-cuda\\python\\Lib\\site-packages\\_pyinstaller_hooks_contrib\\stdhooks'
19054 INFO: Processing standard module hook 'hook-torch.py' from 'C:\\Users\\Dean\\source\\repos\\deanable\\synapic.net\\build\\_python\\win-x64-cuda\\python\\Lib\\site-packages\\_pyinstaller_hooks_contrib\\stdhooks'
1366 WARNING: Failed to collect submodules for 'torch.utils.tensorboard' because importing 'torch.utils.tensorboard' raised: ModuleNotFoundError: No module named 'tensorboard'
W0920 15:36:27.243000 26792 build\_python\win-x64-cuda\python\Lib\site-packages\torch\distributed\elastic\multiprocessing\redirects.py:29] NOTE: Redirects are currently not supported in Windows or MacOs.
C:\Users\Dean\source\repos\deanable\synapic.net\build\_python\win-x64-cuda\python\Lib\site-packages\PyInstaller\utils\hooks\__init__.py:665: DeprecationWarning: `torch.distributed._sharding_spec` will be deprecated, use `torch.distributed._shard.sharding_spec` instead
  __import__(name)
C:\Users\Dean\source\repos\deanable\synapic.net\build\_python\win-x64-cuda\python\Lib\site-packages\PyInstaller\utils\hooks\__init__.py:665: DeprecationWarning: `torch.distributed._sharded_tensor` will be deprecated, use `torch.distributed._shard.sharded_tensor` instead
  __import__(name)
C:\Users\Dean\source\repos\deanable\synapic.net\build\_python\win-x64-cuda\python\Lib\site-packages\PyInstaller\utils\hooks\__init__.py:665: DeprecationWarning: `torch.distributed._shard.checkpoint` will be deprecated, use `torch.distributed.checkpoint` instead
  __import__(name)
33888 INFO: hook-torch: this torch build does not depend on MKL...
35349 INFO: Processing standard module hook 'hook-py.py' from 'C:\\Users\\Dean\\source\\repos\\deanable\\synapic.net\\build\\_python\\win-x64-cuda\\python\\Lib\\site-packages\\_pyinstaller_hooks_contrib\\stdhooks'
35655 INFO: Processing pre-safe-import-module hook 'hook-packaging.py' from 'C:\\Users\\Dean\\source\\repos\\deanable\\synapic.net\\build\\_python\\win-x64-cuda\\python\\Lib\\site-packages\\PyInstaller\\hooks\\pre_safe_import_module'
35872 INFO: Processing pre-safe-import-module hook 'hook-tomli.py' from 'C:\\Users\\Dean\\source\\repos\\deanable\\synapic.net\\build\\_python\\win-x64-cuda\\python\\Lib\\site-packages\\PyInstaller\\hooks\\pre_safe_import_module'
35872 INFO: Setuptools: 'tomli' appears to be a setuptools-vendored copy - creating alias to 'setuptools._vendor.tomli'!
35877 INFO: Processing standard module hook 'hook-setuptools.py' from 'C:\\Users\\Dean\\source\\repos\\deanable\\synapic.net\\build\\_python\\win-x64-cuda\\python\\Lib\\site-packages\\PyInstaller\\hooks'
35889 INFO: Processing pre-safe-import-module hook 'hook-distutils.py' from 'C:\\Users\\Dean\\source\\repos\\deanable\\synapic.net\\build\\_python\\win-x64-cuda\\python\\Lib\\site-packages\\PyInstaller\\hooks\\pre_safe_import_module'
35889 INFO: Processing pre-find-module-path hook 'hook-distutils.py' from 'C:\\Users\\Dean\\source\\repos\\deanable\\synapic.net\\build\\_python\\win-x64-cuda\\python\\Lib\\site-packages\\PyInstaller\\hooks\\pre_find_module_path'
36144 INFO: Processing standard module hook 'hook-distutils.py' from 'C:\\Users\\Dean\\source\\repos\\deanable\\synapic.net\\build\\_python\\win-x64-cuda\\python\\Lib\\site-packages\\PyInstaller\\hooks'
36156 INFO: Processing standard module hook 'hook-distutils.util.py' from 'C:\\Users\\Dean\\source\\repos\\deanable\\synapic.net\\build\\_python\\win-x64-cuda\\python\\Lib\\site-packages\\PyInstaller\\hooks'
36191 INFO: Processing standard module hook 'hook-_osx_support.py' from 'C:\\Users\\Dean\\source\\repos\\deanable\\synapic.net\\build\\_python\\win-x64-cuda\\python\\Lib\\site-packages\\PyInstaller\\hooks'
36593 INFO: Processing pre-safe-import-module hook 'hook-jaraco.py' from 'C:\\Users\\Dean\\source\\repos\\deanable\\synapic.net\\build\\_python\\win-x64-cuda\\python\\Lib\\site-packages\\PyInstaller\\hooks\\pre_safe_import_module'
36594 INFO: Setuptools: 'jaraco' appears to be a full setuptools-vendored copy - creating alias to 'setuptools._vendor.jaraco'!
36604 INFO: Processing standard module hook 'hook-setuptools._vendor.jaraco.text.py' from 'C:\\Users\\Dean\\source\\repos\\deanable\\synapic.net\\build\\_python\\win-x64-cuda\\python\\Lib\\site-packages\\PyInstaller\\hooks'
36612 INFO: Processing pre-safe-import-module hook 'hook-backports.py' from 'C:\\Users\\Dean\\source\\repos\\deanable\\synapic.net\\build\\_python\\win-x64-cuda\\python\\Lib\\site-packages\\PyInstaller\\hooks\\pre_safe_import_module'
36612 INFO: Setuptools: 'backports' appears to be a full setuptools-vendored copy - creating alias to 'setuptools._vendor.backports'!
36694 INFO: Processing pre-safe-import-module hook 'hook-more_itertools.py' from 'C:\\Users\\Dean\\source\\repos\\deanable\\synapic.net\\build\\_python\\win-x64-cuda\\python\\Lib\\site-packages\\PyInstaller\\hooks\\pre_safe_import_module'
36695 INFO: Setuptools: 'more_itertools' appears to be a setuptools-vendored copy - creating alias to 'setuptools._vendor.more_itertools'!
37659 INFO: Processing pre-safe-import-module hook 'hook-wheel.py' from 'C:\\Users\\Dean\\source\\repos\\deanable\\synapic.net\\build\\_python\\win-x64-cuda\\python\\Lib\\site-packages\\PyInstaller\\hooks\\pre_safe_import_module'
49454 INFO: Processing standard module hook 'hook-xml.dom.domreg.py' from 'C:\\Users\\Dean\\source\\repos\\deanable\\synapic.net\\build\\_python\\win-x64-cuda\\python\\Lib\\site-packages\\PyInstaller\\hooks'
55559 INFO: Processing pre-safe-import-module hook 'hook-win32com.py' from 'C:\\Users\\Dean\\source\\repos\\deanable\\synapic.net\\build\\_python\\win-x64-cuda\\python\\Lib\\site-packages\\_pyinstaller_hooks_contrib\\pre_safe_import_module'
72048 INFO: Processing standard module hook 'hook-fsspec.py' from 'C:\\Users\\Dean\\source\\repos\\deanable\\synapic.net\\build\\_python\\win-x64-cuda\\python\\Lib\\site-packages\\_pyinstaller_hooks_contrib\\stdhooks'
73008 INFO: Processing pre-safe-import-module hook 'hook-importlib_metadata.py' from 'C:\\Users\\Dean\\source\\repos\\deanable\\synapic.net\\build\\_python\\win-x64-cuda\\python\\Lib\\site-packages\\PyInstaller\\hooks\\pre_safe_import_module'
73008 INFO: Setuptools: 'importlib_metadata' appears to be a setuptools-vendored copy - creating alias to 'setuptools._vendor.importlib_metadata'!
73029 INFO: Processing standard module hook 'hook-setuptools._vendor.importlib_metadata.py' from 'C:\\Users\\Dean\\source\\repos\\deanable\\synapic.net\\build\\_python\\win-x64-cuda\\python\\Lib\\site-packages\\PyInstaller\\hooks'
73055 INFO: Processing pre-safe-import-module hook 'hook-zipp.py' from 'C:\\Users\\Dean\\source\\repos\\deanable\\synapic.net\\build\\_python\\win-x64-cuda\\python\\Lib\\site-packages\\PyInstaller\\hooks\\pre_safe_import_module'
73055 INFO: Setuptools: 'zipp' appears to be a setuptools-vendored copy - creating alias to 'setuptools._vendor.zipp'!
73122 INFO: Processing standard module hook 'hook-urllib3.py' from 'C:\\Users\\Dean\\source\\repos\\deanable\\synapic.net\\build\\_python\\win-x64-cuda\\python\\Lib\\site-packages\\_pyinstaller_hooks_contrib\\stdhooks'
74200 INFO: Processing standard module hook 'hook-torchvision.py' from 'C:\\Users\\Dean\\source\\repos\\deanable\\synapic.net\\build\\_python\\win-x64-cuda\\python\\Lib\\site-packages\\_pyinstaller_hooks_contrib\\stdhooks'
74274 INFO: Processing standard module hook 'hook-torchvision.io.image.py' from 'C:\\Users\\Dean\\source\\repos\\deanable\\synapic.net\\build\\_python\\win-x64-cuda\\python\\Lib\\site-packages\\_pyinstaller_hooks_contrib\\stdhooks'
75881 INFO: Processing standard module hook 'hook-av.py' from 'C:\\Users\\Dean\\source\\repos\\deanable\\synapic.net\\build\\_python\\win-x64-cuda\\python\\Lib\\site-packages\\_pyinstaller_hooks_contrib\\stdhooks'
80975 INFO: Processing standard module hook 'hook-transformers.py' from 'C:\\Users\\Dean\\source\\repos\\deanable\\synapic.net\\build\\_python\\win-x64-cuda\\python\\Lib\\site-packages\\_pyinstaller_hooks_contrib\\stdhooks'
83630 INFO: Processing standard module hook 'hook-regex.py' from 'C:\\Users\\Dean\\source\\repos\\deanable\\synapic.net\\build\\_python\\win-x64-cuda\\python\\Lib\\site-packages\\_pyinstaller_hooks_contrib\\stdhooks'
84781 INFO: Processing standard module hook 'hook-timm.py' from 'C:\\Users\\Dean\\source\\repos\\deanable\\synapic.net\\build\\_python\\win-x64-cuda\\python\\Lib\\site-packages\\_pyinstaller_hooks_contrib\\stdhooks'
85386 INFO: Processing pre-safe-import-module hook 'hook-tensorflow.py' from 'C:\\Users\\Dean\\source\\repos\\deanable\\synapic.net\\build\\_python\\win-x64-cuda\\python\\Lib\\site-packages\\_pyinstaller_hooks_contrib\\pre_safe_import_module'
114961 INFO: Analyzing hidden import 'qwen_vl_utils'
115275 INFO: Processing module hooks (post-graph stage)...
124466 WARNING: Hidden import "tzdata" not found!
124716 INFO: Processing standard module hook 'hook-PIL.SpiderImagePlugin.py' from 'C:\\Users\\Dean\\source\\repos\\deanable\\synapic.net\\build\\_python\\win-x64-cuda\\python\\Lib\\site-packages\\PyInstaller\\hooks'
127371 INFO: Performing binary vs. data reclassification (284 entries)
127551 INFO: Looking for ctypes DLLs
127922 WARNING: Ignoring /usr/lib64/libgomp.so.1 imported from C:\Users\Dean\source\repos\deanable\synapic.net\build\_python\win-x64-cuda\python\Lib\site-packages\torch\_inductor\codecache.py - only basenames are supported with ctypes imports!
128389 INFO: Analyzing run-time hooks ...
128419 INFO: Including run-time hook 'pyi_rth_inspect.py' from 'C:\\Users\\Dean\\source\\repos\\deanable\\synapic.net\\build\\_python\\win-x64-cuda\\python\\Lib\\site-packages\\PyInstaller\\hooks\\rthooks'
128422 INFO: Including run-time hook 'pyi_rth_pkgutil.py' from 'C:\\Users\\Dean\\source\\repos\\deanable\\synapic.net\\build\\_python\\win-x64-cuda\\python\\Lib\\site-packages\\PyInstaller\\hooks\\rthooks'
128424 INFO: Including run-time hook 'pyi_rth_multiprocessing.py' from 'C:\\Users\\Dean\\source\\repos\\deanable\\synapic.net\\build\\_python\\win-x64-cuda\\python\\Lib\\site-packages\\PyInstaller\\hooks\\rthooks'
128425 INFO: Including run-time hook 'pyi_rth_setuptools.py' from 'C:\\Users\\Dean\\source\\repos\\deanable\\synapic.net\\build\\_python\\win-x64-cuda\\python\\Lib\\site-packages\\PyInstaller\\hooks\\rthooks'
128552 INFO: Creating base_library.zip...
128577 INFO: Looking for dynamic libraries
W0920 15:38:10.019000 40808 build\_python\win-x64-cuda\python\Lib\site-packages\torch\distributed\elastic\multiprocessing\redirects.py:29] NOTE: Redirects are currently not supported in Windows or MacOs.
C:\Users\Dean\source\repos\deanable\synapic.net\build\_python\win-x64-cuda\python\Lib\site-packages\PyInstaller\building\build_main.py:227: DeprecationWarning: `torch.distributed._sharding_spec` will be deprecated, use `torch.distributed._shard.sharding_spec` instead
  __import__(package)
C:\Users\Dean\source\repos\deanable\synapic.net\build\_python\win-x64-cuda\python\Lib\site-packages\PyInstaller\building\build_main.py:227: DeprecationWarning: `torch.distributed._sharded_tensor` will be deprecated, use `torch.distributed._shard.sharded_tensor` instead
  __import__(package)
C:\Users\Dean\source\repos\deanable\synapic.net\build\_python\win-x64-cuda\python\Lib\site-packages\PyInstaller\building\build_main.py:227: DeprecationWarning: `torch.distributed._shard.checkpoint` will be deprecated, use `torch.distributed.checkpoint` instead
  __import__(package)
sys:1: DeprecationWarning: builtin type swigvarlink has no __module__ attribute
142233 INFO: Extra DLL search directories (AddDllDirectory): ['C:\\Users\\Dean\\source\\repos\\deanable\\synapic.net\\build\\_python\\win-x64-cuda\\python\\Lib\\site-packages\\numpy.libs', 'C:\\Users\\Dean\\source\\repos\\deanable\\synapic.net\\build\\_python\\win-x64-cuda\\python\\Lib\\site-packages\\torch\\lib', 'C:\\Users\\Dean\\source\\repos\\deanable\\synapic.net\\build\\_python\\win-x64-cuda\\python\\Lib\\site-packages\\torchvision', 'C:\\Users\\Dean\\source\\repos\\deanable\\synapic.net\\build\\_python\\win-x64-cuda\\python\\Lib\\site-packages\\torchvision', 'C:\\Users\\Dean\\source\\repos\\deanable\\synapic.net\\build\\_python\\win-x64-cuda\\python\\Lib\\site-packages\\torchvision', 'C:\\Users\\Dean\\source\\repos\\deanable\\synapic.net\\build\\_python\\win-x64-cuda\\python\\Lib\\site-packages\\torchvision', 'C:\\Users\\Dean\\source\\repos\\deanable\\synapic.net\\build\\_python\\win-x64-cuda\\python\\Lib\\site-packages\\av.libs']
142233 INFO: Extra DLL search directories (PATH): []
145379 INFO: Warnings written to C:\Users\Dean\source\repos\deanable\synapic.net\build\_work\win-x64-cuda\synapic-inference\warn-synapic-inference.txt
146226 INFO: Graph cross-reference written to C:\Users\Dean\source\repos\deanable\synapic.net\build\_work\win-x64-cuda\synapic-inference\xref-synapic-inference.html
146511 INFO: checking PYZ
146512 INFO: Building PYZ because PYZ-00.toc is non existent
146512 INFO: Building PYZ (ZlibArchive) C:\Users\Dean\source\repos\deanable\synapic.net\build\_work\win-x64-cuda\synapic-inference\PYZ-00.pyz
152542 INFO: Building PYZ (ZlibArchive) C:\Users\Dean\source\repos\deanable\synapic.net\build\_work\win-x64-cuda\synapic-inference\PYZ-00.pyz completed successfully.
152914 INFO: checking PKG
152914 INFO: Building PKG because PKG-00.toc is non existent
152914 INFO: Building PKG (CArchive) synapic-inference.pkg
152927 INFO: Executing: strip C:\Users\Dean\AppData\Local\pyinstaller\bincache10py31164bit\av.libs\avutil-60-cc1777f859dcfd98b8019bdf459e774e.dll
152928 WARNING: Failed to run strip on 'C:\\Users\\Dean\\AppData\\Local\\pyinstaller\\bincache10py31164bit\\av.libs\\avutil-60-cc1777f859dcfd98b8019bdf459e774e.dll'!
Traceback (most recent call last):
  File "C:\Users\Dean\source\repos\deanable\synapic.net\build\_python\win-x64-cuda\python\Lib\site-packages\PyInstaller\building\utils.py", line 250, in process_collected_binary
    p = subprocess.run(
        ^^^^^^^^^^^^^^^
  File "C:\Users\Dean\source\repos\deanable\synapic.net\build\_python\win-x64-cuda\python\Lib\subprocess.py", line 548, in run
    with Popen(*popenargs, **kwargs) as process:
         ^^^^^^^^^^^^^^^^^^^^^^^^^^^
  File "C:\Users\Dean\source\repos\deanable\synapic.net\build\_python\win-x64-cuda\python\Lib\subprocess.py", line 1026, in __init__
    self._execute_child(args, executable, preexec_fn, close_fds,
  File "C:\Users\Dean\source\repos\deanable\synapic.net\build\_python\win-x64-cuda\python\Lib\subprocess.py", line 1538, in _execute_child
    hp, ht, pid, tid = _winapi.CreateProcess(executable, args,
                       ^^^^^^^^^^^^^^^^^^^^^^^^^^^^^^^^^^^^^^^
FileNotFoundError: [WinError 2] The system cannot find the file specified
152941 INFO: Executing: strip C:\Users\Dean\AppData\Local\pyinstaller\bincache10py31164bit\av.libs\libx264-165-f3a909470ddc2d85ed21eda3d0fb7954.dll
152943 WARNING: Failed to run strip on 'C:\\Users\\Dean\\AppData\\Local\\pyinstaller\\bincache10py31164bit\\av.libs\\libx264-165-f3a909470ddc2d85ed21eda3d0fb7954.dll'!
Traceback (most recent call last):
  File "C:\Users\Dean\source\repos\deanable\synapic.net\build\_python\win-x64-cuda\python\Lib\site-packages\PyInstaller\building\utils.py", line 250, in process_collected_binary
    p = subprocess.run(
        ^^^^^^^^^^^^^^^
  File "C:\Users\Dean\source\repos\deanable\synapic.net\build\_python\win-x64-cuda\python\Lib\subprocess.py", line 548, in run
    with Popen(*popenargs, **kwargs) as process:
         ^^^^^^^^^^^^^^^^^^^^^^^^^^^
  File "C:\Users\Dean\source\repos\deanable\synapic.net\build\_python\win-x64-cuda\python\Lib\subprocess.py", line 1026, in __init__
    self._execute_child(args, executable, preexec_fn, close_fds,
  File "C:\Users\Dean\source\repos\deanable\synapic.net\build\_python\win-x64-cuda\python\Lib\subprocess.py", line 1538, in _execute_child
    hp, ht, pid, tid = _winapi.CreateProcess(executable, args,
                       ^^^^^^^^^^^^^^^^^^^^^^^^^^^^^^^^^^^^^^^
FileNotFoundError: [WinError 2] The system cannot find the file specified
152961 INFO: Executing: strip C:\Users\Dean\AppData\Local\pyinstaller\bincache10py31164bit\av.libs\avformat-62-b6d6bb16ff0b7753371e2d0b285c9dc0.dll
152962 WARNING: Failed to run strip on 'C:\\Users\\Dean\\AppData\\Local\\pyinstaller\\bincache10py31164bit\\av.libs\\avformat-62-b6d6bb16ff0b7753371e2d0b285c9dc0.dll'!
Traceback (most recent call last):
  File "C:\Users\Dean\source\repos\deanable\synapic.net\build\_python\win-x64-cuda\python\Lib\site-packages\PyInstaller\building\utils.py", line 250, in process_collected_binary
    p = subprocess.run(
        ^^^^^^^^^^^^^^^
  File "C:\Users\Dean\source\repos\deanable\synapic.net\build\_python\win-x64-cuda\python\Lib\subprocess.py", line 548, in run
    with Popen(*popenargs, **kwargs) as process:
         ^^^^^^^^^^^^^^^^^^^^^^^^^^^
  File "C:\Users\Dean\source\repos\deanable\synapic.net\build\_python\win-x64-cuda\python\Lib\subprocess.py", line 1026, in __init__
    self._execute_child(args, executable, preexec_fn, close_fds,
  File "C:\Users\Dean\source\repos\deanable\synapic.net\build\_python\win-x64-cuda\python\Lib\subprocess.py", line 1538, in _execute_child
    hp, ht, pid, tid = _winapi.CreateProcess(executable, args,
                       ^^^^^^^^^^^^^^^^^^^^^^^^^^^^^^^^^^^^^^^
FileNotFoundError: [WinError 2] The system cannot find the file specified
152967 INFO: Executing: strip C:\Users\Dean\AppData\Local\pyinstaller\bincache10py31164bit\av.libs\libvpl-969a52d626b0390fc34f6a4fb0b08d7e.dll
152968 WARNING: Failed to run strip on 'C:\\Users\\Dean\\AppData\\Local\\pyinstaller\\bincache10py31164bit\\av.libs\\libvpl-969a52d626b0390fc34f6a4fb0b08d7e.dll'!
Traceback (most recent call last):
  File "C:\Users\Dean\source\repos\deanable\synapic.net\build\_python\win-x64-cuda\python\Lib\site-packages\PyInstaller\building\utils.py", line 250, in process_collected_binary
    p = subprocess.run(
        ^^^^^^^^^^^^^^^
  File "C:\Users\Dean\source\repos\deanable\synapic.net\build\_python\win-x64-cuda\python\Lib\subprocess.py", line 548, in run
    with Popen(*popenargs, **kwargs) as process:
         ^^^^^^^^^^^^^^^^^^^^^^^^^^^
  File "C:\Users\Dean\source\repos\deanable\synapic.net\build\_python\win-x64-cuda\python\Lib\subprocess.py", line 1026, in __init__
    self._execute_child(args, executable, preexec_fn, close_fds,
  File "C:\Users\Dean\source\repos\deanable\synapic.net\build\_python\win-x64-cuda\python\Lib\subprocess.py", line 1538, in _execute_child
    hp, ht, pid, tid = _winapi.CreateProcess(executable, args,
                       ^^^^^^^^^^^^^^^^^^^^^^^^^^^^^^^^^^^^^^^
FileNotFoundError: [WinError 2] The system cannot find the file specified
152973 INFO: Executing: strip C:\Users\Dean\AppData\Local\pyinstaller\bincache10py31164bit\av.libs\libopus-0-4369edc456631a3cc933d7918747e5d2.dll
152974 WARNING: Failed to run strip on 'C:\\Users\\Dean\\AppData\\Local\\pyinstaller\\bincache10py31164bit\\av.libs\\libopus-0-4369edc456631a3cc933d7918747e5d2.dll'!
Traceback (most recent call last):
  File "C:\Users\Dean\source\repos\deanable\synapic.net\build\_python\win-x64-cuda\python\Lib\site-packages\PyInstaller\building\utils.py", line 250, in process_collected_binary
    p = subprocess.run(
        ^^^^^^^^^^^^^^^
  File "C:\Users\Dean\source\repos\deanable\synapic.net\build\_python\win-x64-cuda\python\Lib\subprocess.py", line 548, in run
    with Popen(*popenargs, **kwargs) as process:
         ^^^^^^^^^^^^^^^^^^^^^^^^^^^
  File "C:\Users\Dean\source\repos\deanable\synapic.net\build\_python\win-x64-cuda\python\Lib\subprocess.py", line 1026, in __init__
    self._execute_child(args, executable, preexec_fn, close_fds,
  File "C:\Users\Dean\source\repos\deanable\synapic.net\build\_python\win-x64-cuda\python\Lib\subprocess.py", line 1538, in _execute_child
    hp, ht, pid, tid = _winapi.CreateProcess(executable, args,
                       ^^^^^^^^^^^^^^^^^^^^^^^^^^^^^^^^^^^^^^^
FileNotFoundError: [WinError 2] The system cannot find the file specified
152985 INFO: Executing: strip C:\Users\Dean\AppData\Local\pyinstaller\bincache10py31164bit\av.libs\libdav1d-959ebc1340f7dfcbcf8e299a26281738.dll
152986 WARNING: Failed to run strip on 'C:\\Users\\Dean\\AppData\\Local\\pyinstaller\\bincache10py31164bit\\av.libs\\libdav1d-959ebc1340f7dfcbcf8e299a26281738.dll'!
Traceback (most recent call last):
  File "C:\Users\Dean\source\repos\deanable\synapic.net\build\_python\win-x64-cuda\python\Lib\site-packages\PyInstaller\building\utils.py", line 250, in process_collected_binary
    p = subprocess.run(
        ^^^^^^^^^^^^^^^
  File "C:\Users\Dean\source\repos\deanable\synapic.net\build\_python\win-x64-cuda\python\Lib\subprocess.py", line 548, in run
    with Popen(*popenargs, **kwargs) as process:
         ^^^^^^^^^^^^^^^^^^^^^^^^^^^
  File "C:\Users\Dean\source\repos\deanable\synapic.net\build\_python\win-x64-cuda\python\Lib\subprocess.py", line 1026, in __init__
    self._execute_child(args, executable, preexec_fn, close_fds,
  File "C:\Users\Dean\source\repos\deanable\synapic.net\build\_python\win-x64-cuda\python\Lib\subprocess.py", line 1538, in _execute_child
    hp, ht, pid, tid = _winapi.CreateProcess(executable, args,
                       ^^^^^^^^^^^^^^^^^^^^^^^^^^^^^^^^^^^^^^^
FileNotFoundError: [WinError 2] The system cannot find the file specified
153035 INFO: Executing: strip C:\Users\Dean\AppData\Local\pyinstaller\bincache10py31164bit\av.libs\libx265-efe48a158520a59ef99c0a0b3eb835ae.dll
153037 WARNING: Failed to run strip on 'C:\\Users\\Dean\\AppData\\Local\\pyinstaller\\bincache10py31164bit\\av.libs\\libx265-efe48a158520a59ef99c0a0b3eb835ae.dll'!
Traceback (most recent call last):
  File "C:\Users\Dean\source\repos\deanable\synapic.net\build\_python\win-x64-cuda\python\Lib\site-packages\PyInstaller\building\utils.py", line 250, in process_collected_binary
    p = subprocess.run(
        ^^^^^^^^^^^^^^^
  File "C:\Users\Dean\source\repos\deanable\synapic.net\build\_python\win-x64-cuda\python\Lib\subprocess.py", line 548, in run
    with Popen(*popenargs, **kwargs) as process:
         ^^^^^^^^^^^^^^^^^^^^^^^^^^^
  File "C:\Users\Dean\source\repos\deanable\synapic.net\build\_python\win-x64-cuda\python\Lib\subprocess.py", line 1026, in __init__
    self._execute_child(args, executable, preexec_fn, close_fds,
  File "C:\Users\Dean\source\repos\deanable\synapic.net\build\_python\win-x64-cuda\python\Lib\subprocess.py", line 1538, in _execute_child
    hp, ht, pid, tid = _winapi.CreateProcess(executable, args,
                       ^^^^^^^^^^^^^^^^^^^^^^^^^^^^^^^^^^^^^^^
FileNotFoundError: [WinError 2] The system cannot find the file specified
153042 INFO: Executing: strip C:\Users\Dean\AppData\Local\pyinstaller\bincache10py31164bit\av.libs\libwinpthread-1-02332fab016bf884a2a7a7b2ece22ffe.dll
153044 WARNING: Failed to run strip on 'C:\\Users\\Dean\\AppData\\Local\\pyinstaller\\bincache10py31164bit\\av.libs\\libwinpthread-1-02332fab016bf884a2a7a7b2ece22ffe.dll'!
Traceback (most recent call last):
  File "C:\Users\Dean\source\repos\deanable\synapic.net\build\_python\win-x64-cuda\python\Lib\site-packages\PyInstaller\building\utils.py", line 250, in process_collected_binary
    p = subprocess.run(
        ^^^^^^^^^^^^^^^
  File "C:\Users\Dean\source\repos\deanable\synapic.net\build\_python\win-x64-cuda\python\Lib\subprocess.py", line 548, in run
    with Popen(*popenargs, **kwargs) as process:
         ^^^^^^^^^^^^^^^^^^^^^^^^^^^
  File "C:\Users\Dean\source\repos\deanable\synapic.net\build\_python\win-x64-cuda\python\Lib\subprocess.py", line 1026, in __init__
    self._execute_child(args, executable, preexec_fn, close_fds,
  File "C:\Users\Dean\source\repos\deanable\synapic.net\build\_python\win-x64-cuda\python\Lib\subprocess.py", line 1538, in _execute_child
    hp, ht, pid, tid = _winapi.CreateProcess(executable, args,
                       ^^^^^^^^^^^^^^^^^^^^^^^^^^^^^^^^^^^^^^^
FileNotFoundError: [WinError 2] The system cannot find the file specified
153050 INFO: Executing: strip C:\Users\Dean\AppData\Local\pyinstaller\bincache10py31164bit\av.libs\libopencore-amrnb-0-b8933128305cd084d40426d0d2c0d9ef.dll
153050 WARNING: Failed to run strip on 'C:\\Users\\Dean\\AppData\\Local\\pyinstaller\\bincache10py31164bit\\av.libs\\libopencore-amrnb-0-b8933128305cd084d40426d0d2c0d9ef.dll'!
Traceback (most recent call last):
  File "C:\Users\Dean\source\repos\deanable\synapic.net\build\_python\win-x64-cuda\python\Lib\site-packages\PyInstaller\building\utils.py", line 250, in process_collected_binary
    p = subprocess.run(
        ^^^^^^^^^^^^^^^
  File "C:\Users\Dean\source\repos\deanable\synapic.net\build\_python\win-x64-cuda\python\Lib\subprocess.py", line 548, in run
    with Popen(*popenargs, **kwargs) as process:
         ^^^^^^^^^^^^^^^^^^^^^^^^^^^
  File "C:\Users\Dean\source\repos\deanable\synapic.net\build\_python\win-x64-cuda\python\Lib\subprocess.py", line 1026, in __init__
    self._execute_child(args, executable, preexec_fn, close_fds,
  File "C:\Users\Dean\source\repos\deanable\synapic.net\build\_python\win-x64-cuda\python\Lib\subprocess.py", line 1538, in _execute_child
    hp, ht, pid, tid = _winapi.CreateProcess(executable, args,
                       ^^^^^^^^^^^^^^^^^^^^^^^^^^^^^^^^^^^^^^^
FileNotFoundError: [WinError 2] The system cannot find the file specified
153059 INFO: Executing: strip C:\Users\Dean\AppData\Local\pyinstaller\bincache10py31164bit\av.libs\libiconv-2-6ce5f4ff92ada49d6f23a8e413455502.dll
153061 WARNING: Failed to run strip on 'C:\\Users\\Dean\\AppData\\Local\\pyinstaller\\bincache10py31164bit\\av.libs\\libiconv-2-6ce5f4ff92ada49d6f23a8e413455502.dll'!
Traceback (most recent call last):
  File "C:\Users\Dean\source\repos\deanable\synapic.net\build\_python\win-x64-cuda\python\Lib\site-packages\PyInstaller\building\utils.py", line 250, in process_collected_binary
    p = subprocess.run(
        ^^^^^^^^^^^^^^^
  File "C:\Users\Dean\source\repos\deanable\synapic.net\build\_python\win-x64-cuda\python\Lib\subprocess.py", line 548, in run
    with Popen(*popenargs, **kwargs) as process:
         ^^^^^^^^^^^^^^^^^^^^^^^^^^^
  File "C:\Users\Dean\source\repos\deanable\synapic.net\build\_python\win-x64-cuda\python\Lib\subprocess.py", line 1026, in __init__
    self._execute_child(args, executable, preexec_fn, close_fds,
  File "C:\Users\Dean\source\repos\deanable\synapic.net\build\_python\win-x64-cuda\python\Lib\subprocess.py", line 1538, in _execute_child
    hp, ht, pid, tid = _winapi.CreateProcess(executable, args,
                       ^^^^^^^^^^^^^^^^^^^^^^^^^^^^^^^^^^^^^^^
FileNotFoundError: [WinError 2] The system cannot find the file specified
153098 INFO: Executing: strip C:\Users\Dean\AppData\Local\pyinstaller\bincache10py31164bit\av.libs\avfilter-11-aef80fc767dc77e0319469b5bdcdf998.dll
153102 WARNING: Failed to run strip on 'C:\\Users\\Dean\\AppData\\Local\\pyinstaller\\bincache10py31164bit\\av.libs\\avfilter-11-aef80fc767dc77e0319469b5bdcdf998.dll'!
Traceback (most recent call last):
  File "C:\Users\Dean\source\repos\deanable\synapic.net\build\_python\win-x64-cuda\python\Lib\site-packages\PyInstaller\building\utils.py", line 250, in process_collected_binary
    p = subprocess.run(
        ^^^^^^^^^^^^^^^
  File "C:\Users\Dean\source\repos\deanable\synapic.net\build\_python\win-x64-cuda\python\Lib\subprocess.py", line 548, in run
    with Popen(*popenargs, **kwargs) as process:
         ^^^^^^^^^^^^^^^^^^^^^^^^^^^
  File "C:\Users\Dean\source\repos\deanable\synapic.net\build\_python\win-x64-cuda\python\Lib\subprocess.py", line 1026, in __init__
    self._execute_child(args, executable, preexec_fn, close_fds,
  File "C:\Users\Dean\source\repos\deanable\synapic.net\build\_python\win-x64-cuda\python\Lib\subprocess.py", line 1538, in _execute_child
    hp, ht, pid, tid = _winapi.CreateProcess(executable, args,
                       ^^^^^^^^^^^^^^^^^^^^^^^^^^^^^^^^^^^^^^^
FileNotFoundError: [WinError 2] The system cannot find the file specified
153125 INFO: Executing: strip C:\Users\Dean\AppData\Local\pyinstaller\bincache10py31164bit\av.libs\libstdc++-6-2d5c346d47ad531ef9f5185db0e8cef3.dll
153127 WARNING: Failed to run strip on 'C:\\Users\\Dean\\AppData\\Local\\pyinstaller\\bincache10py31164bit\\av.libs\\libstdc++-6-2d5c346d47ad531ef9f5185db0e8cef3.dll'!
Traceback (most recent call last):
  File "C:\Users\Dean\source\repos\deanable\synapic.net\build\_python\win-x64-cuda\python\Lib\site-packages\PyInstaller\building\utils.py", line 250, in process_collected_binary
    p = subprocess.run(
        ^^^^^^^^^^^^^^^
  File "C:\Users\Dean\source\repos\deanable\synapic.net\build\_python\win-x64-cuda\python\Lib\subprocess.py", line 548, in run
    with Popen(*popenargs, **kwargs) as process:
         ^^^^^^^^^^^^^^^^^^^^^^^^^^^
  File "C:\Users\Dean\source\repos\deanable\synapic.net\build\_python\win-x64-cuda\python\Lib\subprocess.py", line 1026, in __init__
    self._execute_child(args, executable, preexec_fn, close_fds,
  File "C:\Users\Dean\source\repos\deanable\synapic.net\build\_python\win-x64-cuda\python\Lib\subprocess.py", line 1538, in _execute_child
    hp, ht, pid, tid = _winapi.CreateProcess(executable, args,
                       ^^^^^^^^^^^^^^^^^^^^^^^^^^^^^^^^^^^^^^^
FileNotFoundError: [WinError 2] The system cannot find the file specified
153132 INFO: Executing: strip C:\Users\Dean\AppData\Local\pyinstaller\bincache10py31164bit\av.libs\libsharpyuv-8b869e30854bf3db317a2a93d0782c3d.dll
153133 WARNING: Failed to run strip on 'C:\\Users\\Dean\\AppData\\Local\\pyinstaller\\bincache10py31164bit\\av.libs\\libsharpyuv-8b869e30854bf3db317a2a93d0782c3d.dll'!
Traceback (most recent call last):
  File "C:\Users\Dean\source\repos\deanable\synapic.net\build\_python\win-x64-cuda\python\Lib\site-packages\PyInstaller\building\utils.py", line 250, in process_collected_binary
    p = subprocess.run(
        ^^^^^^^^^^^^^^^
  File "C:\Users\Dean\source\repos\deanable\synapic.net\build\_python\win-x64-cuda\python\Lib\subprocess.py", line 548, in run
    with Popen(*popenargs, **kwargs) as process:
         ^^^^^^^^^^^^^^^^^^^^^^^^^^^
  File "C:\Users\Dean\source\repos\deanable\synapic.net\build\_python\win-x64-cuda\python\Lib\subprocess.py", line 1026, in __init__
    self._execute_child(args, executable, preexec_fn, close_fds,
  File "C:\Users\Dean\source\repos\deanable\synapic.net\build\_python\win-x64-cuda\python\Lib\subprocess.py", line 1538, in _execute_child
    hp, ht, pid, tid = _winapi.CreateProcess(executable, args,
                       ^^^^^^^^^^^^^^^^^^^^^^^^^^^^^^^^^^^^^^^
FileNotFoundError: [WinError 2] The system cannot find the file specified
153216 INFO: Executing: strip C:\Users\Dean\AppData\Local\pyinstaller\bincache10py31164bit\av.libs\avcodec-62-984de33114b7fa384296817dec999c9d.dll
153218 WARNING: Failed to run strip on 'C:\\Users\\Dean\\AppData\\Local\\pyinstaller\\bincache10py31164bit\\av.libs\\avcodec-62-984de33114b7fa384296817dec999c9d.dll'!
Traceback (most recent call last):
  File "C:\Users\Dean\source\repos\deanable\synapic.net\build\_python\win-x64-cuda\python\Lib\site-packages\PyInstaller\building\utils.py", line 250, in process_collected_binary
    p = subprocess.run(
        ^^^^^^^^^^^^^^^
  File "C:\Users\Dean\source\repos\deanable\synapic.net\build\_python\win-x64-cuda\python\Lib\subprocess.py", line 548, in run
    with Popen(*popenargs, **kwargs) as process:
         ^^^^^^^^^^^^^^^^^^^^^^^^^^^
  File "C:\Users\Dean\source\repos\deanable\synapic.net\build\_python\win-x64-cuda\python\Lib\subprocess.py", line 1026, in __init__
    self._execute_child(args, executable, preexec_fn, close_fds,
  File "C:\Users\Dean\source\repos\deanable\synapic.net\build\_python\win-x64-cuda\python\Lib\subprocess.py", line 1538, in _execute_child
    hp, ht, pid, tid = _winapi.CreateProcess(executable, args,
                       ^^^^^^^^^^^^^^^^^^^^^^^^^^^^^^^^^^^^^^^
FileNotFoundError: [WinError 2] The system cannot find the file specified
153228 INFO: Executing: strip C:\Users\Dean\AppData\Local\pyinstaller\bincache10py31164bit\av.libs\libwebp-4bf4e57964c7a01c09ce39470d6b67ca.dll
153229 WARNING: Failed to run strip on 'C:\\Users\\Dean\\AppData\\Local\\pyinstaller\\bincache10py31164bit\\av.libs\\libwebp-4bf4e57964c7a01c09ce39470d6b67ca.dll'!
Traceback (most recent call last):
  File "C:\Users\Dean\source\repos\deanable\synapic.net\build\_python\win-x64-cuda\python\Lib\site-packages\PyInstaller\building\utils.py", line 250, in process_collected_binary
    p = subprocess.run(
        ^^^^^^^^^^^^^^^
  File "C:\Users\Dean\source\repos\deanable\synapic.net\build\_python\win-x64-cuda\python\Lib\subprocess.py", line 548, in run
    with Popen(*popenargs, **kwargs) as process:
         ^^^^^^^^^^^^^^^^^^^^^^^^^^^
  File "C:\Users\Dean\source\repos\deanable\synapic.net\build\_python\win-x64-cuda\python\Lib\subprocess.py", line 1026, in __init__
    self._execute_child(args, executable, preexec_fn, close_fds,
  File "C:\Users\Dean\source\repos\deanable\synapic.net\build\_python\win-x64-cuda\python\Lib\subprocess.py", line 1538, in _execute_child
    hp, ht, pid, tid = _winapi.CreateProcess(executable, args,
                       ^^^^^^^^^^^^^^^^^^^^^^^^^^^^^^^^^^^^^^^
FileNotFoundError: [WinError 2] The system cannot find the file specified
153248 INFO: Executing: strip C:\Users\Dean\AppData\Local\pyinstaller\bincache10py31164bit\av.libs\libvpx-1-d869f8b2cb42d58b35545ffbfb0f7509.dll
153251 WARNING: Failed to run strip on 'C:\\Users\\Dean\\AppData\\Local\\pyinstaller\\bincache10py31164bit\\av.libs\\libvpx-1-d869f8b2cb42d58b35545ffbfb0f7509.dll'!
Traceback (most recent call last):
  File "C:\Users\Dean\source\repos\deanable\synapic.net\build\_python\win-x64-cuda\python\Lib\site-packages\PyInstaller\building\utils.py", line 250, in process_collected_binary
    p = subprocess.run(
        ^^^^^^^^^^^^^^^
  File "C:\Users\Dean\source\repos\deanable\synapic.net\build\_python\win-x64-cuda\python\Lib\subprocess.py", line 548, in run
    with Popen(*popenargs, **kwargs) as process:
         ^^^^^^^^^^^^^^^^^^^^^^^^^^^
  File "C:\Users\Dean\source\repos\deanable\synapic.net\build\_python\win-x64-cuda\python\Lib\subprocess.py", line 1026, in __init__
    self._execute_child(args, executable, preexec_fn, close_fds,
  File "C:\Users\Dean\source\repos\deanable\synapic.net\build\_python\win-x64-cuda\python\Lib\subprocess.py", line 1538, in _execute_child
    hp, ht, pid, tid = _winapi.CreateProcess(executable, args,
                       ^^^^^^^^^^^^^^^^^^^^^^^^^^^^^^^^^^^^^^^
FileNotFoundError: [WinError 2] The system cannot find the file specified
153260 INFO: Executing: strip C:\Users\Dean\AppData\Local\pyinstaller\bincache10py31164bit\av.libs\avdevice-62-bf7a3ffbb6a4b577f24a39ea98a958d5.dll
153261 WARNING: Failed to run strip on 'C:\\Users\\Dean\\AppData\\Local\\pyinstaller\\bincache10py31164bit\\av.libs\\avdevice-62-bf7a3ffbb6a4b577f24a39ea98a958d5.dll'!
Traceback (most recent call last):
  File "C:\Users\Dean\source\repos\deanable\synapic.net\build\_python\win-x64-cuda\python\Lib\site-packages\PyInstaller\building\utils.py", line 250, in process_collected_binary
    p = subprocess.run(
        ^^^^^^^^^^^^^^^
  File "C:\Users\Dean\source\repos\deanable\synapic.net\build\_python\win-x64-cuda\python\Lib\subprocess.py", line 548, in run
    with Popen(*popenargs, **kwargs) as process:
         ^^^^^^^^^^^^^^^^^^^^^^^^^^^
  File "C:\Users\Dean\source\repos\deanable\synapic.net\build\_python\win-x64-cuda\python\Lib\subprocess.py", line 1026, in __init__
    self._execute_child(args, executable, preexec_fn, close_fds,
  File "C:\Users\Dean\source\repos\deanable\synapic.net\build\_python\win-x64-cuda\python\Lib\subprocess.py", line 1538, in _execute_child
    hp, ht, pid, tid = _winapi.CreateProcess(executable, args,
                       ^^^^^^^^^^^^^^^^^^^^^^^^^^^^^^^^^^^^^^^
FileNotFoundError: [WinError 2] The system cannot find the file specified
153266 INFO: Executing: strip C:\Users\Dean\AppData\Local\pyinstaller\bincache10py31164bit\av.libs\libopencore-amrwb-0-49da3acfc50704f92538d74aca03c3b8.dll
153267 WARNING: Failed to run strip on 'C:\\Users\\Dean\\AppData\\Local\\pyinstaller\\bincache10py31164bit\\av.libs\\libopencore-amrwb-0-49da3acfc50704f92538d74aca03c3b8.dll'!
Traceback (most recent call last):
  File "C:\Users\Dean\source\repos\deanable\synapic.net\build\_python\win-x64-cuda\python\Lib\site-packages\PyInstaller\building\utils.py", line 250, in process_collected_binary
    p = subprocess.run(
        ^^^^^^^^^^^^^^^
  File "C:\Users\Dean\source\repos\deanable\synapic.net\build\_python\win-x64-cuda\python\Lib\subprocess.py", line 548, in run
    with Popen(*popenargs, **kwargs) as process:
         ^^^^^^^^^^^^^^^^^^^^^^^^^^^
  File "C:\Users\Dean\source\repos\deanable\synapic.net\build\_python\win-x64-cuda\python\Lib\subprocess.py", line 1026, in __init__
    self._execute_child(args, executable, preexec_fn, close_fds,
  File "C:\Users\Dean\source\repos\deanable\synapic.net\build\_python\win-x64-cuda\python\Lib\subprocess.py", line 1538, in _execute_child
    hp, ht, pid, tid = _winapi.CreateProcess(executable, args,
                       ^^^^^^^^^^^^^^^^^^^^^^^^^^^^^^^^^^^^^^^
FileNotFoundError: [WinError 2] The system cannot find the file specified
153273 INFO: Executing: strip C:\Users\Dean\AppData\Local\pyinstaller\bincache10py31164bit\av.libs\swresample-6-0158536d5c4197d7d623445553ce9472.dll
153274 WARNING: Failed to run strip on 'C:\\Users\\Dean\\AppData\\Local\\pyinstaller\\bincache10py31164bit\\av.libs\\swresample-6-0158536d5c4197d7d623445553ce9472.dll'!
Traceback (most recent call last):
  File "C:\Users\Dean\source\repos\deanable\synapic.net\build\_python\win-x64-cuda\python\Lib\site-packages\PyInstaller\building\utils.py", line 250, in process_collected_binary
    p = subprocess.run(
        ^^^^^^^^^^^^^^^
  File "C:\Users\Dean\source\repos\deanable\synapic.net\build\_python\win-x64-cuda\python\Lib\subprocess.py", line 548, in run
    with Popen(*popenargs, **kwargs) as process:
         ^^^^^^^^^^^^^^^^^^^^^^^^^^^
  File "C:\Users\Dean\source\repos\deanable\synapic.net\build\_python\win-x64-cuda\python\Lib\subprocess.py", line 1026, in __init__
    self._execute_child(args, executable, preexec_fn, close_fds,
  File "C:\Users\Dean\source\repos\deanable\synapic.net\build\_python\win-x64-cuda\python\Lib\subprocess.py", line 1538, in _execute_child
    hp, ht, pid, tid = _winapi.CreateProcess(executable, args,
                       ^^^^^^^^^^^^^^^^^^^^^^^^^^^^^^^^^^^^^^^
FileNotFoundError: [WinError 2] The system cannot find the file specified
153281 INFO: Executing: strip C:\Users\Dean\AppData\Local\pyinstaller\bincache10py31164bit\av.libs\libmp3lame-0-da02696cc34a9bbc1d1d4f67a85cfbef.dll
153282 WARNING: Failed to run strip on 'C:\\Users\\Dean\\AppData\\Local\\pyinstaller\\bincache10py31164bit\\av.libs\\libmp3lame-0-da02696cc34a9bbc1d1d4f67a85cfbef.dll'!
Traceback (most recent call last):
  File "C:\Users\Dean\source\repos\deanable\synapic.net\build\_python\win-x64-cuda\python\Lib\site-packages\PyInstaller\building\utils.py", line 250, in process_collected_binary
    p = subprocess.run(
        ^^^^^^^^^^^^^^^
  File "C:\Users\Dean\source\repos\deanable\synapic.net\build\_python\win-x64-cuda\python\Lib\subprocess.py", line 548, in run
    with Popen(*popenargs, **kwargs) as process:
         ^^^^^^^^^^^^^^^^^^^^^^^^^^^
  File "C:\Users\Dean\source\repos\deanable\synapic.net\build\_python\win-x64-cuda\python\Lib\subprocess.py", line 1026, in __init__
    self._execute_child(args, executable, preexec_fn, close_fds,
  File "C:\Users\Dean\source\repos\deanable\synapic.net\build\_python\win-x64-cuda\python\Lib\subprocess.py", line 1538, in _execute_child
    hp, ht, pid, tid = _winapi.CreateProcess(executable, args,
                       ^^^^^^^^^^^^^^^^^^^^^^^^^^^^^^^^^^^^^^^
FileNotFoundError: [WinError 2] The system cannot find the file specified
153287 INFO: Executing: strip C:\Users\Dean\AppData\Local\pyinstaller\bincache10py31164bit\av.libs\zlib1-79e0c4f9db71cb511398c504b832d395.dll
153287 WARNING: Failed to run strip on 'C:\\Users\\Dean\\AppData\\Local\\pyinstaller\\bincache10py31164bit\\av.libs\\zlib1-79e0c4f9db71cb511398c504b832d395.dll'!
Traceback (most recent call last):
  File "C:\Users\Dean\source\repos\deanable\synapic.net\build\_python\win-x64-cuda\python\Lib\site-packages\PyInstaller\building\utils.py", line 250, in process_collected_binary
    p = subprocess.run(
        ^^^^^^^^^^^^^^^
  File "C:\Users\Dean\source\repos\deanable\synapic.net\build\_python\win-x64-cuda\python\Lib\subprocess.py", line 548, in run
    with Popen(*popenargs, **kwargs) as process:
         ^^^^^^^^^^^^^^^^^^^^^^^^^^^
  File "C:\Users\Dean\source\repos\deanable\synapic.net\build\_python\win-x64-cuda\python\Lib\subprocess.py", line 1026, in __init__
    self._execute_child(args, executable, preexec_fn, close_fds,
  File "C:\Users\Dean\source\repos\deanable\synapic.net\build\_python\win-x64-cuda\python\Lib\subprocess.py", line 1538, in _execute_child
    hp, ht, pid, tid = _winapi.CreateProcess(executable, args,
                       ^^^^^^^^^^^^^^^^^^^^^^^^^^^^^^^^^^^^^^^
FileNotFoundError: [WinError 2] The system cannot find the file specified
153292 INFO: Executing: strip C:\Users\Dean\AppData\Local\pyinstaller\bincache10py31164bit\av.libs\libgcc_s_seh-1-4c0a762e4178b574f72d1ef1f8bb5fc9.dll
153293 WARNING: Failed to run strip on 'C:\\Users\\Dean\\AppData\\Local\\pyinstaller\\bincache10py31164bit\\av.libs\\libgcc_s_seh-1-4c0a762e4178b574f72d1ef1f8bb5fc9.dll'!
Traceback (most recent call last):
  File "C:\Users\Dean\source\repos\deanable\synapic.net\build\_python\win-x64-cuda\python\Lib\site-packages\PyInstaller\building\utils.py", line 250, in process_collected_binary
    p = subprocess.run(
        ^^^^^^^^^^^^^^^
  File "C:\Users\Dean\source\repos\deanable\synapic.net\build\_python\win-x64-cuda\python\Lib\subprocess.py", line 548, in run
    with Popen(*popenargs, **kwargs) as process:
         ^^^^^^^^^^^^^^^^^^^^^^^^^^^
  File "C:\Users\Dean\source\repos\deanable\synapic.net\build\_python\win-x64-cuda\python\Lib\subprocess.py", line 1026, in __init__
    self._execute_child(args, executable, preexec_fn, close_fds,
  File "C:\Users\Dean\source\repos\deanable\synapic.net\build\_python\win-x64-cuda\python\Lib\subprocess.py", line 1538, in _execute_child
    hp, ht, pid, tid = _winapi.CreateProcess(executable, args,
                       ^^^^^^^^^^^^^^^^^^^^^^^^^^^^^^^^^^^^^^^
FileNotFoundError: [WinError 2] The system cannot find the file specified
153295 INFO: Executing: strip C:\Users\Dean\AppData\Local\pyinstaller\bincache10py31164bit\av.libs\libwebpmux-9cf6581f8709616d9591befbb1a2264b.dll
153297 WARNING: Failed to run strip on 'C:\\Users\\Dean\\AppData\\Local\\pyinstaller\\bincache10py31164bit\\av.libs\\libwebpmux-9cf6581f8709616d9591befbb1a2264b.dll'!
Traceback (most recent call last):
  File "C:\Users\Dean\source\repos\deanable\synapic.net\build\_python\win-x64-cuda\python\Lib\site-packages\PyInstaller\building\utils.py", line 250, in process_collected_binary
    p = subprocess.run(
        ^^^^^^^^^^^^^^^
  File "C:\Users\Dean\source\repos\deanable\synapic.net\build\_python\win-x64-cuda\python\Lib\subprocess.py", line 548, in run
    with Popen(*popenargs, **kwargs) as process:
         ^^^^^^^^^^^^^^^^^^^^^^^^^^^
  File "C:\Users\Dean\source\repos\deanable\synapic.net\build\_python\win-x64-cuda\python\Lib\subprocess.py", line 1026, in __init__
    self._execute_child(args, executable, preexec_fn, close_fds,
  File "C:\Users\Dean\source\repos\deanable\synapic.net\build\_python\win-x64-cuda\python\Lib\subprocess.py", line 1538, in _execute_child
    hp, ht, pid, tid = _winapi.CreateProcess(executable, args,
                       ^^^^^^^^^^^^^^^^^^^^^^^^^^^^^^^^^^^^^^^
FileNotFoundError: [WinError 2] The system cannot find the file specified
153329 INFO: Executing: strip C:\Users\Dean\AppData\Local\pyinstaller\bincache10py31164bit\av.libs\libSvtAv1Enc-c4dd99c98ddcdb013e820dbd68a30e26.dll
153331 WARNING: Failed to run strip on 'C:\\Users\\Dean\\AppData\\Local\\pyinstaller\\bincache10py31164bit\\av.libs\\libSvtAv1Enc-c4dd99c98ddcdb013e820dbd68a30e26.dll'!
Traceback (most recent call last):
  File "C:\Users\Dean\source\repos\deanable\synapic.net\build\_python\win-x64-cuda\python\Lib\site-packages\PyInstaller\building\utils.py", line 250, in process_collected_binary
    p = subprocess.run(
        ^^^^^^^^^^^^^^^
  File "C:\Users\Dean\source\repos\deanable\synapic.net\build\_python\win-x64-cuda\python\Lib\subprocess.py", line 548, in run
    with Popen(*popenargs, **kwargs) as process:
         ^^^^^^^^^^^^^^^^^^^^^^^^^^^
  File "C:\Users\Dean\source\repos\deanable\synapic.net\build\_python\win-x64-cuda\python\Lib\subprocess.py", line 1026, in __init__
    self._execute_child(args, executable, preexec_fn, close_fds,
  File "C:\Users\Dean\source\repos\deanable\synapic.net\build\_python\win-x64-cuda\python\Lib\subprocess.py", line 1538, in _execute_child
    hp, ht, pid, tid = _winapi.CreateProcess(executable, args,
                       ^^^^^^^^^^^^^^^^^^^^^^^^^^^^^^^^^^^^^^^
FileNotFoundError: [WinError 2] The system cannot find the file specified
153348 INFO: Executing: strip C:\Users\Dean\AppData\Local\pyinstaller\bincache10py31164bit\av.libs\swscale-9-0c9886c118598c54e159ef2267ff99f3.dll
153349 WARNING: Failed to run strip on 'C:\\Users\\Dean\\AppData\\Local\\pyinstaller\\bincache10py31164bit\\av.libs\\swscale-9-0c9886c118598c54e159ef2267ff99f3.dll'!
Traceback (most recent call last):
  File "C:\Users\Dean\source\repos\deanable\synapic.net\build\_python\win-x64-cuda\python\Lib\site-packages\PyInstaller\building\utils.py", line 250, in process_collected_binary
    p = subprocess.run(
        ^^^^^^^^^^^^^^^
  File "C:\Users\Dean\source\repos\deanable\synapic.net\build\_python\win-x64-cuda\python\Lib\subprocess.py", line 548, in run
    with Popen(*popenargs, **kwargs) as process:
         ^^^^^^^^^^^^^^^^^^^^^^^^^^^
  File "C:\Users\Dean\source\repos\deanable\synapic.net\build\_python\win-x64-cuda\python\Lib\subprocess.py", line 1026, in __init__
    self._execute_child(args, executable, preexec_fn, close_fds,
  File "C:\Users\Dean\source\repos\deanable\synapic.net\build\_python\win-x64-cuda\python\Lib\subprocess.py", line 1538, in _execute_child
    hp, ht, pid, tid = _winapi.CreateProcess(executable, args,
                       ^^^^^^^^^^^^^^^^^^^^^^^^^^^^^^^^^^^^^^^
FileNotFoundError: [WinError 2] The system cannot find the file specified
153354 INFO: Executing: strip C:\Users\Dean\AppData\Local\pyinstaller\bincache10py31164bit\torch\lib\c10.dll
153354 WARNING: Failed to run strip on 'C:\\Users\\Dean\\AppData\\Local\\pyinstaller\\bincache10py31164bit\\torch\\lib\\c10.dll'!
Traceback (most recent call last):
  File "C:\Users\Dean\source\repos\deanable\synapic.net\build\_python\win-x64-cuda\python\Lib\site-packages\PyInstaller\building\utils.py", line 250, in process_collected_binary
    p = subprocess.run(
        ^^^^^^^^^^^^^^^
  File "C:\Users\Dean\source\repos\deanable\synapic.net\build\_python\win-x64-cuda\python\Lib\subprocess.py", line 548, in run
    with Popen(*popenargs, **kwargs) as process:
         ^^^^^^^^^^^^^^^^^^^^^^^^^^^
  File "C:\Users\Dean\source\repos\deanable\synapic.net\build\_python\win-x64-cuda\python\Lib\subprocess.py", line 1026, in __init__
    self._execute_child(args, executable, preexec_fn, close_fds,
  File "C:\Users\Dean\source\repos\deanable\synapic.net\build\_python\win-x64-cuda\python\Lib\subprocess.py", line 1538, in _execute_child
    hp, ht, pid, tid = _winapi.CreateProcess(executable, args,
                       ^^^^^^^^^^^^^^^^^^^^^^^^^^^^^^^^^^^^^^^
FileNotFoundError: [WinError 2] The system cannot find the file specified
153357 INFO: Executing: strip C:\Users\Dean\AppData\Local\pyinstaller\bincache10py31164bit\torch\lib\torch_global_deps.dll
153358 WARNING: Failed to run strip on 'C:\\Users\\Dean\\AppData\\Local\\pyinstaller\\bincache10py31164bit\\torch\\lib\\torch_global_deps.dll'!
Traceback (most recent call last):
  File "C:\Users\Dean\source\repos\deanable\synapic.net\build\_python\win-x64-cuda\python\Lib\site-packages\PyInstaller\building\utils.py", line 250, in process_collected_binary
    p = subprocess.run(
        ^^^^^^^^^^^^^^^
  File "C:\Users\Dean\source\repos\deanable\synapic.net\build\_python\win-x64-cuda\python\Lib\subprocess.py", line 548, in run
    with Popen(*popenargs, **kwargs) as process:
         ^^^^^^^^^^^^^^^^^^^^^^^^^^^
  File "C:\Users\Dean\source\repos\deanable\synapic.net\build\_python\win-x64-cuda\python\Lib\subprocess.py", line 1026, in __init__
    self._execute_child(args, executable, preexec_fn, close_fds,
  File "C:\Users\Dean\source\repos\deanable\synapic.net\build\_python\win-x64-cuda\python\Lib\subprocess.py", line 1538, in _execute_child
    hp, ht, pid, tid = _winapi.CreateProcess(executable, args,
                       ^^^^^^^^^^^^^^^^^^^^^^^^^^^^^^^^^^^^^^^
FileNotFoundError: [WinError 2] The system cannot find the file specified
153363 INFO: Executing: strip C:\Users\Dean\AppData\Local\pyinstaller\bincache10py31164bit\torch\lib\shm.dll
153363 WARNING: Failed to run strip on 'C:\\Users\\Dean\\AppData\\Local\\pyinstaller\\bincache10py31164bit\\torch\\lib\\shm.dll'!
Traceback (most recent call last):
  File "C:\Users\Dean\source\repos\deanable\synapic.net\build\_python\win-x64-cuda\python\Lib\site-packages\PyInstaller\building\utils.py", line 250, in process_collected_binary
    p = subprocess.run(
        ^^^^^^^^^^^^^^^
  File "C:\Users\Dean\source\repos\deanable\synapic.net\build\_python\win-x64-cuda\python\Lib\subprocess.py", line 548, in run
    with Popen(*popenargs, **kwargs) as process:
         ^^^^^^^^^^^^^^^^^^^^^^^^^^^
  File "C:\Users\Dean\source\repos\deanable\synapic.net\build\_python\win-x64-cuda\python\Lib\subprocess.py", line 1026, in __init__
    self._execute_child(args, executable, preexec_fn, close_fds,
  File "C:\Users\Dean\source\repos\deanable\synapic.net\build\_python\win-x64-cuda\python\Lib\subprocess.py", line 1538, in _execute_child
    hp, ht, pid, tid = _winapi.CreateProcess(executable, args,
                       ^^^^^^^^^^^^^^^^^^^^^^^^^^^^^^^^^^^^^^^
FileNotFoundError: [WinError 2] The system cannot find the file specified
154486 INFO: Executing: strip C:\Users\Dean\AppData\Local\pyinstaller\bincache10py31164bit\torch\lib\cudnn_engines_precompiled64_9.dll
154488 WARNING: Failed to run strip on 'C:\\Users\\Dean\\AppData\\Local\\pyinstaller\\bincache10py31164bit\\torch\\lib\\cudnn_engines_precompiled64_9.dll'!
Traceback (most recent call last):
  File "C:\Users\Dean\source\repos\deanable\synapic.net\build\_python\win-x64-cuda\python\Lib\site-packages\PyInstaller\building\utils.py", line 250, in process_collected_binary
    p = subprocess.run(
        ^^^^^^^^^^^^^^^
  File "C:\Users\Dean\source\repos\deanable\synapic.net\build\_python\win-x64-cuda\python\Lib\subprocess.py", line 548, in run
    with Popen(*popenargs, **kwargs) as process:
         ^^^^^^^^^^^^^^^^^^^^^^^^^^^
  File "C:\Users\Dean\source\repos\deanable\synapic.net\build\_python\win-x64-cuda\python\Lib\subprocess.py", line 1026, in __init__
    self._execute_child(args, executable, preexec_fn, close_fds,
  File "C:\Users\Dean\source\repos\deanable\synapic.net\build\_python\win-x64-cuda\python\Lib\subprocess.py", line 1538, in _execute_child
    hp, ht, pid, tid = _winapi.CreateProcess(executable, args,
                       ^^^^^^^^^^^^^^^^^^^^^^^^^^^^^^^^^^^^^^^
FileNotFoundError: [WinError 2] The system cannot find the file specified
155034 INFO: Executing: strip C:\Users\Dean\AppData\Local\pyinstaller\bincache10py31164bit\torch\lib\cufft64_11.dll
155036 WARNING: Failed to run strip on 'C:\\Users\\Dean\\AppData\\Local\\pyinstaller\\bincache10py31164bit\\torch\\lib\\cufft64_11.dll'!
Traceback (most recent call last):
  File "C:\Users\Dean\source\repos\deanable\synapic.net\build\_python\win-x64-cuda\python\Lib\site-packages\PyInstaller\building\utils.py", line 250, in process_collected_binary
    p = subprocess.run(
        ^^^^^^^^^^^^^^^
  File "C:\Users\Dean\source\repos\deanable\synapic.net\build\_python\win-x64-cuda\python\Lib\subprocess.py", line 548, in run
    with Popen(*popenargs, **kwargs) as process:
         ^^^^^^^^^^^^^^^^^^^^^^^^^^^
  File "C:\Users\Dean\source\repos\deanable\synapic.net\build\_python\win-x64-cuda\python\Lib\subprocess.py", line 1026, in __init__
    self._execute_child(args, executable, preexec_fn, close_fds,
  File "C:\Users\Dean\source\repos\deanable\synapic.net\build\_python\win-x64-cuda\python\Lib\subprocess.py", line 1538, in _execute_child
    hp, ht, pid, tid = _winapi.CreateProcess(executable, args,
                       ^^^^^^^^^^^^^^^^^^^^^^^^^^^^^^^^^^^^^^^
FileNotFoundError: [WinError 2] The system cannot find the file specified
155174 INFO: Executing: strip C:\Users\Dean\AppData\Local\pyinstaller\bincache10py31164bit\torch\lib\cudnn_heuristic64_9.dll
155176 WARNING: Failed to run strip on 'C:\\Users\\Dean\\AppData\\Local\\pyinstaller\\bincache10py31164bit\\torch\\lib\\cudnn_heuristic64_9.dll'!
Traceback (most recent call last):
  File "C:\Users\Dean\source\repos\deanable\synapic.net\build\_python\win-x64-cuda\python\Lib\site-packages\PyInstaller\building\utils.py", line 250, in process_collected_binary
    p = subprocess.run(
        ^^^^^^^^^^^^^^^
  File "C:\Users\Dean\source\repos\deanable\synapic.net\build\_python\win-x64-cuda\python\Lib\subprocess.py", line 548, in run
    with Popen(*popenargs, **kwargs) as process:
         ^^^^^^^^^^^^^^^^^^^^^^^^^^^
  File "C:\Users\Dean\source\repos\deanable\synapic.net\build\_python\win-x64-cuda\python\Lib\subprocess.py", line 1026, in __init__
    self._execute_child(args, executable, preexec_fn, close_fds,
  File "C:\Users\Dean\source\repos\deanable\synapic.net\build\_python\win-x64-cuda\python\Lib\subprocess.py", line 1538, in _execute_child
    hp, ht, pid, tid = _winapi.CreateProcess(executable, args,
                       ^^^^^^^^^^^^^^^^^^^^^^^^^^^^^^^^^^^^^^^
FileNotFoundError: [WinError 2] The system cannot find the file specified
155183 INFO: Executing: strip C:\Users\Dean\AppData\Local\pyinstaller\bincache10py31164bit\torch\lib\cufftw64_11.dll
155185 WARNING: Failed to run strip on 'C:\\Users\\Dean\\AppData\\Local\\pyinstaller\\bincache10py31164bit\\torch\\lib\\cufftw64_11.dll'!
Traceback (most recent call last):
  File "C:\Users\Dean\source\repos\deanable\synapic.net\build\_python\win-x64-cuda\python\Lib\site-packages\PyInstaller\building\utils.py", line 250, in process_collected_binary
    p = subprocess.run(
        ^^^^^^^^^^^^^^^
  File "C:\Users\Dean\source\repos\deanable\synapic.net\build\_python\win-x64-cuda\python\Lib\subprocess.py", line 548, in run
    with Popen(*popenargs, **kwargs) as process:
         ^^^^^^^^^^^^^^^^^^^^^^^^^^^
  File "C:\Users\Dean\source\repos\deanable\synapic.net\build\_python\win-x64-cuda\python\Lib\subprocess.py", line 1026, in __init__
    self._execute_child(args, executable, preexec_fn, close_fds,
  File "C:\Users\Dean\source\repos\deanable\synapic.net\build\_python\win-x64-cuda\python\Lib\subprocess.py", line 1538, in _execute_child
    hp, ht, pid, tid = _winapi.CreateProcess(executable, args,
                       ^^^^^^^^^^^^^^^^^^^^^^^^^^^^^^^^^^^^^^^
FileNotFoundError: [WinError 2] The system cannot find the file specified
155191 INFO: Executing: strip C:\Users\Dean\AppData\Local\pyinstaller\bincache10py31164bit\torch\lib\nvToolsExt64_1.dll
155192 WARNING: Failed to run strip on 'C:\\Users\\Dean\\AppData\\Local\\pyinstaller\\bincache10py31164bit\\torch\\lib\\nvToolsExt64_1.dll'!
Traceback (most recent call last):
  File "C:\Users\Dean\source\repos\deanable\synapic.net\build\_python\win-x64-cuda\python\Lib\site-packages\PyInstaller\building\utils.py", line 250, in process_collected_binary
    p = subprocess.run(
        ^^^^^^^^^^^^^^^
  File "C:\Users\Dean\source\repos\deanable\synapic.net\build\_python\win-x64-cuda\python\Lib\subprocess.py", line 548, in run
    with Popen(*popenargs, **kwargs) as process:
         ^^^^^^^^^^^^^^^^^^^^^^^^^^^
  File "C:\Users\Dean\source\repos\deanable\synapic.net\build\_python\win-x64-cuda\python\Lib\subprocess.py", line 1026, in __init__
    self._execute_child(args, executable, preexec_fn, close_fds,
  File "C:\Users\Dean\source\repos\deanable\synapic.net\build\_python\win-x64-cuda\python\Lib\subprocess.py", line 1538, in _execute_child
    hp, ht, pid, tid = _winapi.CreateProcess(executable, args,
                       ^^^^^^^^^^^^^^^^^^^^^^^^^^^^^^^^^^^^^^^
FileNotFoundError: [WinError 2] The system cannot find the file specified
155208 INFO: Executing: strip C:\Users\Dean\AppData\Local\pyinstaller\bincache10py31164bit\torch\lib\nvrtc-builtins64_126.dll
155208 WARNING: Failed to run strip on 'C:\\Users\\Dean\\AppData\\Local\\pyinstaller\\bincache10py31164bit\\torch\\lib\\nvrtc-builtins64_126.dll'!
Traceback (most recent call last):
  File "C:\Users\Dean\source\repos\deanable\synapic.net\build\_python\win-x64-cuda\python\Lib\site-packages\PyInstaller\building\utils.py", line 250, in process_collected_binary
    p = subprocess.run(
        ^^^^^^^^^^^^^^^
  File "C:\Users\Dean\source\repos\deanable\synapic.net\build\_python\win-x64-cuda\python\Lib\subprocess.py", line 548, in run
    with Popen(*popenargs, **kwargs) as process:
         ^^^^^^^^^^^^^^^^^^^^^^^^^^^
  File "C:\Users\Dean\source\repos\deanable\synapic.net\build\_python\win-x64-cuda\python\Lib\subprocess.py", line 1026, in __init__
    self._execute_child(args, executable, preexec_fn, close_fds,
  File "C:\Users\Dean\source\repos\deanable\synapic.net\build\_python\win-x64-cuda\python\Lib\subprocess.py", line 1538, in _execute_child
    hp, ht, pid, tid = _winapi.CreateProcess(executable, args,
                       ^^^^^^^^^^^^^^^^^^^^^^^^^^^^^^^^^^^^^^^
FileNotFoundError: [WinError 2] The system cannot find the file specified
155219 INFO: Executing: strip C:\Users\Dean\AppData\Local\pyinstaller\bincache10py31164bit\torch\lib\cudnn_graph64_9.dll
155220 WARNING: Failed to run strip on 'C:\\Users\\Dean\\AppData\\Local\\pyinstaller\\bincache10py31164bit\\torch\\lib\\cudnn_graph64_9.dll'!
Traceback (most recent call last):
  File "C:\Users\Dean\source\repos\deanable\synapic.net\build\_python\win-x64-cuda\python\Lib\site-packages\PyInstaller\building\utils.py", line 250, in process_collected_binary
    p = subprocess.run(
        ^^^^^^^^^^^^^^^
  File "C:\Users\Dean\source\repos\deanable\synapic.net\build\_python\win-x64-cuda\python\Lib\subprocess.py", line 548, in run
    with Popen(*popenargs, **kwargs) as process:
         ^^^^^^^^^^^^^^^^^^^^^^^^^^^
  File "C:\Users\Dean\source\repos\deanable\synapic.net\build\_python\win-x64-cuda\python\Lib\subprocess.py", line 1026, in __init__
    self._execute_child(args, executable, preexec_fn, close_fds,
  File "C:\Users\Dean\source\repos\deanable\synapic.net\build\_python\win-x64-cuda\python\Lib\subprocess.py", line 1538, in _execute_child
    hp, ht, pid, tid = _winapi.CreateProcess(executable, args,
                       ^^^^^^^^^^^^^^^^^^^^^^^^^^^^^^^^^^^^^^^
FileNotFoundError: [WinError 2] The system cannot find the file specified
155226 INFO: Executing: strip C:\Users\Dean\AppData\Local\pyinstaller\bincache10py31164bit\torch\lib\cudnn64_9.dll
155227 WARNING: Failed to run strip on 'C:\\Users\\Dean\\AppData\\Local\\pyinstaller\\bincache10py31164bit\\torch\\lib\\cudnn64_9.dll'!
Traceback (most recent call last):
  File "C:\Users\Dean\source\repos\deanable\synapic.net\build\_python\win-x64-cuda\python\Lib\site-packages\PyInstaller\building\utils.py", line 250, in process_collected_binary
    p = subprocess.run(
        ^^^^^^^^^^^^^^^
  File "C:\Users\Dean\source\repos\deanable\synapic.net\build\_python\win-x64-cuda\python\Lib\subprocess.py", line 548, in run
    with Popen(*popenargs, **kwargs) as process:
         ^^^^^^^^^^^^^^^^^^^^^^^^^^^
  File "C:\Users\Dean\source\repos\deanable\synapic.net\build\_python\win-x64-cuda\python\Lib\subprocess.py", line 1026, in __init__
    self._execute_child(args, executable, preexec_fn, close_fds,
  File "C:\Users\Dean\source\repos\deanable\synapic.net\build\_python\win-x64-cuda\python\Lib\subprocess.py", line 1538, in _execute_child
    hp, ht, pid, tid = _winapi.CreateProcess(executable, args,
                       ^^^^^^^^^^^^^^^^^^^^^^^^^^^^^^^^^^^^^^^
FileNotFoundError: [WinError 2] The system cannot find the file specified
156286 INFO: Executing: strip C:\Users\Dean\AppData\Local\pyinstaller\bincache10py31164bit\torch\lib\cublasLt64_12.dll
156287 WARNING: Failed to run strip on 'C:\\Users\\Dean\\AppData\\Local\\pyinstaller\\bincache10py31164bit\\torch\\lib\\cublasLt64_12.dll'!
Traceback (most recent call last):
  File "C:\Users\Dean\source\repos\deanable\synapic.net\build\_python\win-x64-cuda\python\Lib\site-packages\PyInstaller\building\utils.py", line 250, in process_collected_binary
    p = subprocess.run(
        ^^^^^^^^^^^^^^^
  File "C:\Users\Dean\source\repos\deanable\synapic.net\build\_python\win-x64-cuda\python\Lib\subprocess.py", line 548, in run
    with Popen(*popenargs, **kwargs) as process:
         ^^^^^^^^^^^^^^^^^^^^^^^^^^^
  File "C:\Users\Dean\source\repos\deanable\synapic.net\build\_python\win-x64-cuda\python\Lib\subprocess.py", line 1026, in __init__
    self._execute_child(args, executable, preexec_fn, close_fds,
  File "C:\Users\Dean\source\repos\deanable\synapic.net\build\_python\win-x64-cuda\python\Lib\subprocess.py", line 1538, in _execute_child
    hp, ht, pid, tid = _winapi.CreateProcess(executable, args,
                       ^^^^^^^^^^^^^^^^^^^^^^^^^^^^^^^^^^^^^^^
FileNotFoundError: [WinError 2] The system cannot find the file specified
156300 INFO: Executing: strip C:\Users\Dean\AppData\Local\pyinstaller\bincache10py31164bit\torch\bin\protoc.exe
156301 WARNING: Failed to run strip on 'C:\\Users\\Dean\\AppData\\Local\\pyinstaller\\bincache10py31164bit\\torch\\bin\\protoc.exe'!
Traceback (most recent call last):
  File "C:\Users\Dean\source\repos\deanable\synapic.net\build\_python\win-x64-cuda\python\Lib\site-packages\PyInstaller\building\utils.py", line 250, in process_collected_binary
    p = subprocess.run(
        ^^^^^^^^^^^^^^^
  File "C:\Users\Dean\source\repos\deanable\synapic.net\build\_python\win-x64-cuda\python\Lib\subprocess.py", line 548, in run
    with Popen(*popenargs, **kwargs) as process:
         ^^^^^^^^^^^^^^^^^^^^^^^^^^^
  File "C:\Users\Dean\source\repos\deanable\synapic.net\build\_python\win-x64-cuda\python\Lib\subprocess.py", line 1026, in __init__
    self._execute_child(args, executable, preexec_fn, close_fds,
  File "C:\Users\Dean\source\repos\deanable\synapic.net\build\_python\win-x64-cuda\python\Lib\subprocess.py", line 1538, in _execute_child
    hp, ht, pid, tid = _winapi.CreateProcess(executable, args,
                       ^^^^^^^^^^^^^^^^^^^^^^^^^^^^^^^^^^^^^^^
FileNotFoundError: [WinError 2] The system cannot find the file specified
156306 INFO: Executing: strip C:\Users\Dean\AppData\Local\pyinstaller\bincache10py31164bit\torch\lib\caffe2_nvrtc.dll
156308 WARNING: Failed to run strip on 'C:\\Users\\Dean\\AppData\\Local\\pyinstaller\\bincache10py31164bit\\torch\\lib\\caffe2_nvrtc.dll'!
Traceback (most recent call last):
  File "C:\Users\Dean\source\repos\deanable\synapic.net\build\_python\win-x64-cuda\python\Lib\site-packages\PyInstaller\building\utils.py", line 250, in process_collected_binary
    p = subprocess.run(
        ^^^^^^^^^^^^^^^
  File "C:\Users\Dean\source\repos\deanable\synapic.net\build\_python\win-x64-cuda\python\Lib\subprocess.py", line 548, in run
    with Popen(*popenargs, **kwargs) as process:
         ^^^^^^^^^^^^^^^^^^^^^^^^^^^
  File "C:\Users\Dean\source\repos\deanable\synapic.net\build\_python\win-x64-cuda\python\Lib\subprocess.py", line 1026, in __init__
    self._execute_child(args, executable, preexec_fn, close_fds,
  File "C:\Users\Dean\source\repos\deanable\synapic.net\build\_python\win-x64-cuda\python\Lib\subprocess.py", line 1538, in _execute_child
    hp, ht, pid, tid = _winapi.CreateProcess(executable, args,
                       ^^^^^^^^^^^^^^^^^^^^^^^^^^^^^^^^^^^^^^^
FileNotFoundError: [WinError 2] The system cannot find the file specified
156454 INFO: Executing: strip C:\Users\Dean\AppData\Local\pyinstaller\bincache10py31164bit\torch\lib\nvrtc64_120_0.dll
156456 WARNING: Failed to run strip on 'C:\\Users\\Dean\\AppData\\Local\\pyinstaller\\bincache10py31164bit\\torch\\lib\\nvrtc64_120_0.dll'!
Traceback (most recent call last):
  File "C:\Users\Dean\source\repos\deanable\synapic.net\build\_python\win-x64-cuda\python\Lib\site-packages\PyInstaller\building\utils.py", line 250, in process_collected_binary
    p = subprocess.run(
        ^^^^^^^^^^^^^^^
  File "C:\Users\Dean\source\repos\deanable\synapic.net\build\_python\win-x64-cuda\python\Lib\subprocess.py", line 548, in run
    with Popen(*popenargs, **kwargs) as process:
         ^^^^^^^^^^^^^^^^^^^^^^^^^^^
  File "C:\Users\Dean\source\repos\deanable\synapic.net\build\_python\win-x64-cuda\python\Lib\subprocess.py", line 1026, in __init__
    self._execute_child(args, executable, preexec_fn, close_fds,
  File "C:\Users\Dean\source\repos\deanable\synapic.net\build\_python\win-x64-cuda\python\Lib\subprocess.py", line 1538, in _execute_child
    hp, ht, pid, tid = _winapi.CreateProcess(executable, args,
                       ^^^^^^^^^^^^^^^^^^^^^^^^^^^^^^^^^^^^^^^
FileNotFoundError: [WinError 2] The system cannot find the file specified
159618 INFO: Executing: strip C:\Users\Dean\AppData\Local\pyinstaller\bincache10py31164bit\torch\lib\torch_cuda.dll
159624 WARNING: Failed to run strip on 'C:\\Users\\Dean\\AppData\\Local\\pyinstaller\\bincache10py31164bit\\torch\\lib\\torch_cuda.dll'!
Traceback (most recent call last):
  File "C:\Users\Dean\source\repos\deanable\synapic.net\build\_python\win-x64-cuda\python\Lib\site-packages\PyInstaller\building\utils.py", line 250, in process_collected_binary
    p = subprocess.run(
        ^^^^^^^^^^^^^^^
  File "C:\Users\Dean\source\repos\deanable\synapic.net\build\_python\win-x64-cuda\python\Lib\subprocess.py", line 548, in run
    with Popen(*popenargs, **kwargs) as process:
         ^^^^^^^^^^^^^^^^^^^^^^^^^^^
  File "C:\Users\Dean\source\repos\deanable\synapic.net\build\_python\win-x64-cuda\python\Lib\subprocess.py", line 1026, in __init__
    self._execute_child(args, executable, preexec_fn, close_fds,
  File "C:\Users\Dean\source\repos\deanable\synapic.net\build\_python\win-x64-cuda\python\Lib\subprocess.py", line 1538, in _execute_child
    hp, ht, pid, tid = _winapi.CreateProcess(executable, args,
                       ^^^^^^^^^^^^^^^^^^^^^^^^^^^^^^^^^^^^^^^
FileNotFoundError: [WinError 2] The system cannot find the file specified
159666 INFO: Executing: strip C:\Users\Dean\AppData\Local\pyinstaller\bincache10py31164bit\torch\lib\nvperf_host.dll
159668 WARNING: Failed to run strip on 'C:\\Users\\Dean\\AppData\\Local\\pyinstaller\\bincache10py31164bit\\torch\\lib\\nvperf_host.dll'!
Traceback (most recent call last):
  File "C:\Users\Dean\source\repos\deanable\synapic.net\build\_python\win-x64-cuda\python\Lib\site-packages\PyInstaller\building\utils.py", line 250, in process_collected_binary
    p = subprocess.run(
        ^^^^^^^^^^^^^^^
  File "C:\Users\Dean\source\repos\deanable\synapic.net\build\_python\win-x64-cuda\python\Lib\subprocess.py", line 548, in run
    with Popen(*popenargs, **kwargs) as process:
         ^^^^^^^^^^^^^^^^^^^^^^^^^^^
  File "C:\Users\Dean\source\repos\deanable\synapic.net\build\_python\win-x64-cuda\python\Lib\subprocess.py", line 1026, in __init__
    self._execute_child(args, executable, preexec_fn, close_fds,
  File "C:\Users\Dean\source\repos\deanable\synapic.net\build\_python\win-x64-cuda\python\Lib\subprocess.py", line 1538, in _execute_child
    hp, ht, pid, tid = _winapi.CreateProcess(executable, args,
                       ^^^^^^^^^^^^^^^^^^^^^^^^^^^^^^^^^^^^^^^
FileNotFoundError: [WinError 2] The system cannot find the file specified
159682 INFO: Executing: strip C:\Users\Dean\AppData\Local\pyinstaller\bincache10py31164bit\torch\lib\cudnn_cnn64_9.dll
159684 WARNING: Failed to run strip on 'C:\\Users\\Dean\\AppData\\Local\\pyinstaller\\bincache10py31164bit\\torch\\lib\\cudnn_cnn64_9.dll'!
Traceback (most recent call last):
  File "C:\Users\Dean\source\repos\deanable\synapic.net\build\_python\win-x64-cuda\python\Lib\site-packages\PyInstaller\building\utils.py", line 250, in process_collected_binary
    p = subprocess.run(
        ^^^^^^^^^^^^^^^
  File "C:\Users\Dean\source\repos\deanable\synapic.net\build\_python\win-x64-cuda\python\Lib\subprocess.py", line 548, in run
    with Popen(*popenargs, **kwargs) as process:
         ^^^^^^^^^^^^^^^^^^^^^^^^^^^
  File "C:\Users\Dean\source\repos\deanable\synapic.net\build\_python\win-x64-cuda\python\Lib\subprocess.py", line 1026, in __init__
    self._execute_child(args, executable, preexec_fn, close_fds,
  File "C:\Users\Dean\source\repos\deanable\synapic.net\build\_python\win-x64-cuda\python\Lib\subprocess.py", line 1538, in _execute_child
    hp, ht, pid, tid = _winapi.CreateProcess(executable, args,
                       ^^^^^^^^^^^^^^^^^^^^^^^^^^^^^^^^^^^^^^^
FileNotFoundError: [WinError 2] The system cannot find the file specified
159716 INFO: Executing: strip C:\Users\Dean\AppData\Local\pyinstaller\bincache10py31164bit\torch\lib\torch_python.dll
159717 WARNING: Failed to run strip on 'C:\\Users\\Dean\\AppData\\Local\\pyinstaller\\bincache10py31164bit\\torch\\lib\\torch_python.dll'!
Traceback (most recent call last):
  File "C:\Users\Dean\source\repos\deanable\synapic.net\build\_python\win-x64-cuda\python\Lib\site-packages\PyInstaller\building\utils.py", line 250, in process_collected_binary
    p = subprocess.run(
        ^^^^^^^^^^^^^^^
  File "C:\Users\Dean\source\repos\deanable\synapic.net\build\_python\win-x64-cuda\python\Lib\subprocess.py", line 548, in run
    with Popen(*popenargs, **kwargs) as process:
         ^^^^^^^^^^^^^^^^^^^^^^^^^^^
  File "C:\Users\Dean\source\repos\deanable\synapic.net\build\_python\win-x64-cuda\python\Lib\subprocess.py", line 1026, in __init__
    self._execute_child(args, executable, preexec_fn, close_fds,
  File "C:\Users\Dean\source\repos\deanable\synapic.net\build\_python\win-x64-cuda\python\Lib\subprocess.py", line 1538, in _execute_child
    hp, ht, pid, tid = _winapi.CreateProcess(executable, args,
                       ^^^^^^^^^^^^^^^^^^^^^^^^^^^^^^^^^^^^^^^
FileNotFoundError: [WinError 2] The system cannot find the file specified
159727 INFO: Executing: strip C:\Users\Dean\AppData\Local\pyinstaller\bincache10py31164bit\torch\lib\libiomp5md.dll
159728 WARNING: Failed to run strip on 'C:\\Users\\Dean\\AppData\\Local\\pyinstaller\\bincache10py31164bit\\torch\\lib\\libiomp5md.dll'!
Traceback (most recent call last):
  File "C:\Users\Dean\source\repos\deanable\synapic.net\build\_python\win-x64-cuda\python\Lib\site-packages\PyInstaller\building\utils.py", line 250, in process_collected_binary
    p = subprocess.run(
        ^^^^^^^^^^^^^^^
  File "C:\Users\Dean\source\repos\deanable\synapic.net\build\_python\win-x64-cuda\python\Lib\subprocess.py", line 548, in run
    with Popen(*popenargs, **kwargs) as process:
         ^^^^^^^^^^^^^^^^^^^^^^^^^^^
  File "C:\Users\Dean\source\repos\deanable\synapic.net\build\_python\win-x64-cuda\python\Lib\subprocess.py", line 1026, in __init__
    self._execute_child(args, executable, preexec_fn, close_fds,
  File "C:\Users\Dean\source\repos\deanable\synapic.net\build\_python\win-x64-cuda\python\Lib\subprocess.py", line 1538, in _execute_child
    hp, ht, pid, tid = _winapi.CreateProcess(executable, args,
                       ^^^^^^^^^^^^^^^^^^^^^^^^^^^^^^^^^^^^^^^
FileNotFoundError: [WinError 2] The system cannot find the file specified
160328 INFO: Executing: strip C:\Users\Dean\AppData\Local\pyinstaller\bincache10py31164bit\torch\lib\cusparse64_12.dll
160330 WARNING: Failed to run strip on 'C:\\Users\\Dean\\AppData\\Local\\pyinstaller\\bincache10py31164bit\\torch\\lib\\cusparse64_12.dll'!
Traceback (most recent call last):
  File "C:\Users\Dean\source\repos\deanable\synapic.net\build\_python\win-x64-cuda\python\Lib\site-packages\PyInstaller\building\utils.py", line 250, in process_collected_binary
    p = subprocess.run(
        ^^^^^^^^^^^^^^^
  File "C:\Users\Dean\source\repos\deanable\synapic.net\build\_python\win-x64-cuda\python\Lib\subprocess.py", line 548, in run
    with Popen(*popenargs, **kwargs) as process:
         ^^^^^^^^^^^^^^^^^^^^^^^^^^^
  File "C:\Users\Dean\source\repos\deanable\synapic.net\build\_python\win-x64-cuda\python\Lib\subprocess.py", line 1026, in __init__
    self._execute_child(args, executable, preexec_fn, close_fds,
  File "C:\Users\Dean\source\repos\deanable\synapic.net\build\_python\win-x64-cuda\python\Lib\subprocess.py", line 1538, in _execute_child
    hp, ht, pid, tid = _winapi.CreateProcess(executable, args,
                       ^^^^^^^^^^^^^^^^^^^^^^^^^^^^^^^^^^^^^^^
FileNotFoundError: [WinError 2] The system cannot find the file specified
160416 INFO: Executing: strip C:\Users\Dean\AppData\Local\pyinstaller\bincache10py31164bit\torch\lib\nvJitLink_120_0.dll
160417 WARNING: Failed to run strip on 'C:\\Users\\Dean\\AppData\\Local\\pyinstaller\\bincache10py31164bit\\torch\\lib\\nvJitLink_120_0.dll'!
Traceback (most recent call last):
  File "C:\Users\Dean\source\repos\deanable\synapic.net\build\_python\win-x64-cuda\python\Lib\site-packages\PyInstaller\building\utils.py", line 250, in process_collected_binary
    p = subprocess.run(
        ^^^^^^^^^^^^^^^
  File "C:\Users\Dean\source\repos\deanable\synapic.net\build\_python\win-x64-cuda\python\Lib\subprocess.py", line 548, in run
    with Popen(*popenargs, **kwargs) as process:
         ^^^^^^^^^^^^^^^^^^^^^^^^^^^
  File "C:\Users\Dean\source\repos\deanable\synapic.net\build\_python\win-x64-cuda\python\Lib\subprocess.py", line 1026, in __init__
    self._execute_child(args, executable, preexec_fn, close_fds,
  File "C:\Users\Dean\source\repos\deanable\synapic.net\build\_python\win-x64-cuda\python\Lib\subprocess.py", line 1538, in _execute_child
    hp, ht, pid, tid = _winapi.CreateProcess(executable, args,
                       ^^^^^^^^^^^^^^^^^^^^^^^^^^^^^^^^^^^^^^^
FileNotFoundError: [WinError 2] The system cannot find the file specified
160463 INFO: Executing: strip C:\Users\Dean\AppData\Local\pyinstaller\bincache10py31164bit\torch\lib\cudnn_engines_runtime_compiled64_9.dll
160465 WARNING: Failed to run strip on 'C:\\Users\\Dean\\AppData\\Local\\pyinstaller\\bincache10py31164bit\\torch\\lib\\cudnn_engines_runtime_compiled64_9.dll'!
Traceback (most recent call last):
  File "C:\Users\Dean\source\repos\deanable\synapic.net\build\_python\win-x64-cuda\python\Lib\site-packages\PyInstaller\building\utils.py", line 250, in process_collected_binary
    p = subprocess.run(
        ^^^^^^^^^^^^^^^
  File "C:\Users\Dean\source\repos\deanable\synapic.net\build\_python\win-x64-cuda\python\Lib\subprocess.py", line 548, in run
    with Popen(*popenargs, **kwargs) as process:
         ^^^^^^^^^^^^^^^^^^^^^^^^^^^
  File "C:\Users\Dean\source\repos\deanable\synapic.net\build\_python\win-x64-cuda\python\Lib\subprocess.py", line 1026, in __init__
    self._execute_child(args, executable, preexec_fn, close_fds,
  File "C:\Users\Dean\source\repos\deanable\synapic.net\build\_python\win-x64-cuda\python\Lib\subprocess.py", line 1538, in _execute_child
    hp, ht, pid, tid = _winapi.CreateProcess(executable, args,
                       ^^^^^^^^^^^^^^^^^^^^^^^^^^^^^^^^^^^^^^^
FileNotFoundError: [WinError 2] The system cannot find the file specified
160707 INFO: Executing: strip C:\Users\Dean\AppData\Local\pyinstaller\bincache10py31164bit\torch\lib\cublas64_12.dll
160710 WARNING: Failed to run strip on 'C:\\Users\\Dean\\AppData\\Local\\pyinstaller\\bincache10py31164bit\\torch\\lib\\cublas64_12.dll'!
Traceback (most recent call last):
  File "C:\Users\Dean\source\repos\deanable\synapic.net\build\_python\win-x64-cuda\python\Lib\site-packages\PyInstaller\building\utils.py", line 250, in process_collected_binary
    p = subprocess.run(
        ^^^^^^^^^^^^^^^
  File "C:\Users\Dean\source\repos\deanable\synapic.net\build\_python\win-x64-cuda\python\Lib\subprocess.py", line 548, in run
    with Popen(*popenargs, **kwargs) as process:
         ^^^^^^^^^^^^^^^^^^^^^^^^^^^
  File "C:\Users\Dean\source\repos\deanable\synapic.net\build\_python\win-x64-cuda\python\Lib\subprocess.py", line 1026, in __init__
    self._execute_child(args, executable, preexec_fn, close_fds,
  File "C:\Users\Dean\source\repos\deanable\synapic.net\build\_python\win-x64-cuda\python\Lib\subprocess.py", line 1538, in _execute_child
    hp, ht, pid, tid = _winapi.CreateProcess(executable, args,
                       ^^^^^^^^^^^^^^^^^^^^^^^^^^^^^^^^^^^^^^^
FileNotFoundError: [WinError 2] The system cannot find the file specified
160880 INFO: Executing: strip C:\Users\Dean\AppData\Local\pyinstaller\bincache10py31164bit\torch\lib\cusolverMg64_11.dll
160881 WARNING: Failed to run strip on 'C:\\Users\\Dean\\AppData\\Local\\pyinstaller\\bincache10py31164bit\\torch\\lib\\cusolverMg64_11.dll'!
Traceback (most recent call last):
  File "C:\Users\Dean\source\repos\deanable\synapic.net\build\_python\win-x64-cuda\python\Lib\site-packages\PyInstaller\building\utils.py", line 250, in process_collected_binary
    p = subprocess.run(
        ^^^^^^^^^^^^^^^
  File "C:\Users\Dean\source\repos\deanable\synapic.net\build\_python\win-x64-cuda\python\Lib\subprocess.py", line 548, in run
    with Popen(*popenargs, **kwargs) as process:
         ^^^^^^^^^^^^^^^^^^^^^^^^^^^
  File "C:\Users\Dean\source\repos\deanable\synapic.net\build\_python\win-x64-cuda\python\Lib\subprocess.py", line 1026, in __init__
    self._execute_child(args, executable, preexec_fn, close_fds,
  File "C:\Users\Dean\source\repos\deanable\synapic.net\build\_python\win-x64-cuda\python\Lib\subprocess.py", line 1538, in _execute_child
    hp, ht, pid, tid = _winapi.CreateProcess(executable, args,
                       ^^^^^^^^^^^^^^^^^^^^^^^^^^^^^^^^^^^^^^^
FileNotFoundError: [WinError 2] The system cannot find the file specified
160957 INFO: Executing: strip C:\Users\Dean\AppData\Local\pyinstaller\bincache10py31164bit\torch\lib\nvrtc64_120_0.alt.dll
160958 WARNING: Failed to run strip on 'C:\\Users\\Dean\\AppData\\Local\\pyinstaller\\bincache10py31164bit\\torch\\lib\\nvrtc64_120_0.alt.dll'!
Traceback (most recent call last):
  File "C:\Users\Dean\source\repos\deanable\synapic.net\build\_python\win-x64-cuda\python\Lib\site-packages\PyInstaller\building\utils.py", line 250, in process_collected_binary
    p = subprocess.run(
        ^^^^^^^^^^^^^^^
  File "C:\Users\Dean\source\repos\deanable\synapic.net\build\_python\win-x64-cuda\python\Lib\subprocess.py", line 548, in run
    with Popen(*popenargs, **kwargs) as process:
         ^^^^^^^^^^^^^^^^^^^^^^^^^^^
  File "C:\Users\Dean\source\repos\deanable\synapic.net\build\_python\win-x64-cuda\python\Lib\subprocess.py", line 1026, in __init__
    self._execute_child(args, executable, preexec_fn, close_fds,
  File "C:\Users\Dean\source\repos\deanable\synapic.net\build\_python\win-x64-cuda\python\Lib\subprocess.py", line 1538, in _execute_child
    hp, ht, pid, tid = _winapi.CreateProcess(executable, args,
                       ^^^^^^^^^^^^^^^^^^^^^^^^^^^^^^^^^^^^^^^
FileNotFoundError: [WinError 2] The system cannot find the file specified
160962 INFO: Executing: strip C:\Users\Dean\AppData\Local\pyinstaller\bincache10py31164bit\torch\lib\zlibwapi.dll
160963 WARNING: Failed to run strip on 'C:\\Users\\Dean\\AppData\\Local\\pyinstaller\\bincache10py31164bit\\torch\\lib\\zlibwapi.dll'!
Traceback (most recent call last):
  File "C:\Users\Dean\source\repos\deanable\synapic.net\build\_python\win-x64-cuda\python\Lib\site-packages\PyInstaller\building\utils.py", line 250, in process_collected_binary
    p = subprocess.run(
        ^^^^^^^^^^^^^^^
  File "C:\Users\Dean\source\repos\deanable\synapic.net\build\_python\win-x64-cuda\python\Lib\subprocess.py", line 548, in run
    with Popen(*popenargs, **kwargs) as process:
         ^^^^^^^^^^^^^^^^^^^^^^^^^^^
  File "C:\Users\Dean\source\repos\deanable\synapic.net\build\_python\win-x64-cuda\python\Lib\subprocess.py", line 1026, in __init__
    self._execute_child(args, executable, preexec_fn, close_fds,
  File "C:\Users\Dean\source\repos\deanable\synapic.net\build\_python\win-x64-cuda\python\Lib\subprocess.py", line 1538, in _execute_child
    hp, ht, pid, tid = _winapi.CreateProcess(executable, args,
                       ^^^^^^^^^^^^^^^^^^^^^^^^^^^^^^^^^^^^^^^
FileNotFoundError: [WinError 2] The system cannot find the file specified
161246 INFO: Executing: strip C:\Users\Dean\AppData\Local\pyinstaller\bincache10py31164bit\torch\lib\cusolver64_11.dll
161248 WARNING: Failed to run strip on 'C:\\Users\\Dean\\AppData\\Local\\pyinstaller\\bincache10py31164bit\\torch\\lib\\cusolver64_11.dll'!
Traceback (most recent call last):
  File "C:\Users\Dean\source\repos\deanable\synapic.net\build\_python\win-x64-cuda\python\Lib\site-packages\PyInstaller\building\utils.py", line 250, in process_collected_binary
    p = subprocess.run(
        ^^^^^^^^^^^^^^^
  File "C:\Users\Dean\source\repos\deanable\synapic.net\build\_python\win-x64-cuda\python\Lib\subprocess.py", line 548, in run
    with Popen(*popenargs, **kwargs) as process:
         ^^^^^^^^^^^^^^^^^^^^^^^^^^^
  File "C:\Users\Dean\source\repos\deanable\synapic.net\build\_python\win-x64-cuda\python\Lib\subprocess.py", line 1026, in __init__
    self._execute_child(args, executable, preexec_fn, close_fds,
  File "C:\Users\Dean\source\repos\deanable\synapic.net\build\_python\win-x64-cuda\python\Lib\subprocess.py", line 1538, in _execute_child
    hp, ht, pid, tid = _winapi.CreateProcess(executable, args,
                       ^^^^^^^^^^^^^^^^^^^^^^^^^^^^^^^^^^^^^^^
FileNotFoundError: [WinError 2] The system cannot find the file specified
161270 INFO: Executing: strip C:\Users\Dean\AppData\Local\pyinstaller\bincache10py31164bit\torch\lib\cupti64_2024.3.2.dll
161271 WARNING: Failed to run strip on 'C:\\Users\\Dean\\AppData\\Local\\pyinstaller\\bincache10py31164bit\\torch\\lib\\cupti64_2024.3.2.dll'!
Traceback (most recent call last):
  File "C:\Users\Dean\source\repos\deanable\synapic.net\build\_python\win-x64-cuda\python\Lib\site-packages\PyInstaller\building\utils.py", line 250, in process_collected_binary
    p = subprocess.run(
        ^^^^^^^^^^^^^^^
  File "C:\Users\Dean\source\repos\deanable\synapic.net\build\_python\win-x64-cuda\python\Lib\subprocess.py", line 548, in run
    with Popen(*popenargs, **kwargs) as process:
         ^^^^^^^^^^^^^^^^^^^^^^^^^^^
  File "C:\Users\Dean\source\repos\deanable\synapic.net\build\_python\win-x64-cuda\python\Lib\subprocess.py", line 1026, in __init__
    self._execute_child(args, executable, preexec_fn, close_fds,
  File "C:\Users\Dean\source\repos\deanable\synapic.net\build\_python\win-x64-cuda\python\Lib\subprocess.py", line 1538, in _execute_child
    hp, ht, pid, tid = _winapi.CreateProcess(executable, args,
                       ^^^^^^^^^^^^^^^^^^^^^^^^^^^^^^^^^^^^^^^
FileNotFoundError: [WinError 2] The system cannot find the file specified
161278 INFO: Executing: strip C:\Users\Dean\AppData\Local\pyinstaller\bincache10py31164bit\torch\lib\libiompstubs5md.dll
161280 WARNING: Failed to run strip on 'C:\\Users\\Dean\\AppData\\Local\\pyinstaller\\bincache10py31164bit\\torch\\lib\\libiompstubs5md.dll'!
Traceback (most recent call last):
  File "C:\Users\Dean\source\repos\deanable\synapic.net\build\_python\win-x64-cuda\python\Lib\site-packages\PyInstaller\building\utils.py", line 250, in process_collected_binary
    p = subprocess.run(
        ^^^^^^^^^^^^^^^
  File "C:\Users\Dean\source\repos\deanable\synapic.net\build\_python\win-x64-cuda\python\Lib\subprocess.py", line 548, in run
    with Popen(*popenargs, **kwargs) as process:
         ^^^^^^^^^^^^^^^^^^^^^^^^^^^
  File "C:\Users\Dean\source\repos\deanable\synapic.net\build\_python\win-x64-cuda\python\Lib\subprocess.py", line 1026, in __init__
    self._execute_child(args, executable, preexec_fn, close_fds,
  File "C:\Users\Dean\source\repos\deanable\synapic.net\build\_python\win-x64-cuda\python\Lib\subprocess.py", line 1538, in _execute_child
    hp, ht, pid, tid = _winapi.CreateProcess(executable, args,
                       ^^^^^^^^^^^^^^^^^^^^^^^^^^^^^^^^^^^^^^^
FileNotFoundError: [WinError 2] The system cannot find the file specified
161857 INFO: Executing: strip C:\Users\Dean\AppData\Local\pyinstaller\bincache10py31164bit\torch\lib\cudnn_adv64_9.dll
161859 WARNING: Failed to run strip on 'C:\\Users\\Dean\\AppData\\Local\\pyinstaller\\bincache10py31164bit\\torch\\lib\\cudnn_adv64_9.dll'!
Traceback (most recent call last):
  File "C:\Users\Dean\source\repos\deanable\synapic.net\build\_python\win-x64-cuda\python\Lib\site-packages\PyInstaller\building\utils.py", line 250, in process_collected_binary
    p = subprocess.run(
        ^^^^^^^^^^^^^^^
  File "C:\Users\Dean\source\repos\deanable\synapic.net\build\_python\win-x64-cuda\python\Lib\subprocess.py", line 548, in run
    with Popen(*popenargs, **kwargs) as process:
         ^^^^^^^^^^^^^^^^^^^^^^^^^^^
  File "C:\Users\Dean\source\repos\deanable\synapic.net\build\_python\win-x64-cuda\python\Lib\subprocess.py", line 1026, in __init__
    self._execute_child(args, executable, preexec_fn, close_fds,
  File "C:\Users\Dean\source\repos\deanable\synapic.net\build\_python\win-x64-cuda\python\Lib\subprocess.py", line 1538, in _execute_child
    hp, ht, pid, tid = _winapi.CreateProcess(executable, args,
                       ^^^^^^^^^^^^^^^^^^^^^^^^^^^^^^^^^^^^^^^
FileNotFoundError: [WinError 2] The system cannot find the file specified
161866 INFO: Executing: strip C:\Users\Dean\AppData\Local\pyinstaller\bincache10py31164bit\torch\lib\c10_cuda.dll
161868 WARNING: Failed to run strip on 'C:\\Users\\Dean\\AppData\\Local\\pyinstaller\\bincache10py31164bit\\torch\\lib\\c10_cuda.dll'!
Traceback (most recent call last):
  File "C:\Users\Dean\source\repos\deanable\synapic.net\build\_python\win-x64-cuda\python\Lib\site-packages\PyInstaller\building\utils.py", line 250, in process_collected_binary
    p = subprocess.run(
        ^^^^^^^^^^^^^^^
  File "C:\Users\Dean\source\repos\deanable\synapic.net\build\_python\win-x64-cuda\python\Lib\subprocess.py", line 548, in run
    with Popen(*popenargs, **kwargs) as process:
         ^^^^^^^^^^^^^^^^^^^^^^^^^^^
  File "C:\Users\Dean\source\repos\deanable\synapic.net\build\_python\win-x64-cuda\python\Lib\subprocess.py", line 1026, in __init__
    self._execute_child(args, executable, preexec_fn, close_fds,
  File "C:\Users\Dean\source\repos\deanable\synapic.net\build\_python\win-x64-cuda\python\Lib\subprocess.py", line 1538, in _execute_child
    hp, ht, pid, tid = _winapi.CreateProcess(executable, args,
                       ^^^^^^^^^^^^^^^^^^^^^^^^^^^^^^^^^^^^^^^
FileNotFoundError: [WinError 2] The system cannot find the file specified
163337 INFO: Executing: strip C:\Users\Dean\AppData\Local\pyinstaller\bincache10py31164bit\torch\lib\torch_cpu.dll
163533 WARNING: Failed to run strip on 'C:\\Users\\Dean\\AppData\\Local\\pyinstaller\\bincache10py31164bit\\torch\\lib\\torch_cpu.dll'!
Traceback (most recent call last):
  File "C:\Users\Dean\source\repos\deanable\synapic.net\build\_python\win-x64-cuda\python\Lib\site-packages\PyInstaller\building\utils.py", line 250, in process_collected_binary
    p = subprocess.run(
        ^^^^^^^^^^^^^^^
  File "C:\Users\Dean\source\repos\deanable\synapic.net\build\_python\win-x64-cuda\python\Lib\subprocess.py", line 548, in run
    with Popen(*popenargs, **kwargs) as process:
         ^^^^^^^^^^^^^^^^^^^^^^^^^^^
  File "C:\Users\Dean\source\repos\deanable\synapic.net\build\_python\win-x64-cuda\python\Lib\subprocess.py", line 1026, in __init__
    self._execute_child(args, executable, preexec_fn, close_fds,
  File "C:\Users\Dean\source\repos\deanable\synapic.net\build\_python\win-x64-cuda\python\Lib\subprocess.py", line 1538, in _execute_child
    hp, ht, pid, tid = _winapi.CreateProcess(executable, args,
                       ^^^^^^^^^^^^^^^^^^^^^^^^^^^^^^^^^^^^^^^
FileNotFoundError: [WinError 2] The system cannot find the file specified
163548 INFO: Executing: strip C:\Users\Dean\AppData\Local\pyinstaller\bincache10py31164bit\torch\lib\torch.dll
163549 WARNING: Failed to run strip on 'C:\\Users\\Dean\\AppData\\Local\\pyinstaller\\bincache10py31164bit\\torch\\lib\\torch.dll'!
Traceback (most recent call last):
  File "C:\Users\Dean\source\repos\deanable\synapic.net\build\_python\win-x64-cuda\python\Lib\site-packages\PyInstaller\building\utils.py", line 250, in process_collected_binary
    p = subprocess.run(
        ^^^^^^^^^^^^^^^
  File "C:\Users\Dean\source\repos\deanable\synapic.net\build\_python\win-x64-cuda\python\Lib\subprocess.py", line 548, in run
    with Popen(*popenargs, **kwargs) as process:
         ^^^^^^^^^^^^^^^^^^^^^^^^^^^
  File "C:\Users\Dean\source\repos\deanable\synapic.net\build\_python\win-x64-cuda\python\Lib\subprocess.py", line 1026, in __init__
    self._execute_child(args, executable, preexec_fn, close_fds,
  File "C:\Users\Dean\source\repos\deanable\synapic.net\build\_python\win-x64-cuda\python\Lib\subprocess.py", line 1538, in _execute_child
    hp, ht, pid, tid = _winapi.CreateProcess(executable, args,
                       ^^^^^^^^^^^^^^^^^^^^^^^^^^^^^^^^^^^^^^^
FileNotFoundError: [WinError 2] The system cannot find the file specified
163557 INFO: Executing: strip C:\Users\Dean\AppData\Local\pyinstaller\bincache10py31164bit\torch\lib\cudart64_12.dll
163558 WARNING: Failed to run strip on 'C:\\Users\\Dean\\AppData\\Local\\pyinstaller\\bincache10py31164bit\\torch\\lib\\cudart64_12.dll'!
Traceback (most recent call last):
  File "C:\Users\Dean\source\repos\deanable\synapic.net\build\_python\win-x64-cuda\python\Lib\site-packages\PyInstaller\building\utils.py", line 250, in process_collected_binary
    p = subprocess.run(
        ^^^^^^^^^^^^^^^
  File "C:\Users\Dean\source\repos\deanable\synapic.net\build\_python\win-x64-cuda\python\Lib\subprocess.py", line 548, in run
    with Popen(*popenargs, **kwargs) as process:
         ^^^^^^^^^^^^^^^^^^^^^^^^^^^
  File "C:\Users\Dean\source\repos\deanable\synapic.net\build\_python\win-x64-cuda\python\Lib\subprocess.py", line 1026, in __init__
    self._execute_child(args, executable, preexec_fn, close_fds,
  File "C:\Users\Dean\source\repos\deanable\synapic.net\build\_python\win-x64-cuda\python\Lib\subprocess.py", line 1538, in _execute_child
    hp, ht, pid, tid = _winapi.CreateProcess(executable, args,
                       ^^^^^^^^^^^^^^^^^^^^^^^^^^^^^^^^^^^^^^^
FileNotFoundError: [WinError 2] The system cannot find the file specified
242971 INFO: Executing: strip C:\Users\Dean\AppData\Local\pyinstaller\bincache10py31164bit\torch\lib\cudnn_ops64_9.dll
242972 WARNING: Failed to run strip on 'C:\\Users\\Dean\\AppData\\Local\\pyinstaller\\bincache10py31164bit\\torch\\lib\\cudnn_ops64_9.dll'!
Traceback (most recent call last):
  File "C:\Users\Dean\source\repos\deanable\synapic.net\build\_python\win-x64-cuda\python\Lib\site-packages\PyInstaller\building\utils.py", line 250, in process_collected_binary
    p = subprocess.run(
        ^^^^^^^^^^^^^^^
  File "C:\Users\Dean\source\repos\deanable\synapic.net\build\_python\win-x64-cuda\python\Lib\subprocess.py", line 548, in run
    with Popen(*popenargs, **kwargs) as process:
         ^^^^^^^^^^^^^^^^^^^^^^^^^^^
  File "C:\Users\Dean\source\repos\deanable\synapic.net\build\_python\win-x64-cuda\python\Lib\subprocess.py", line 1026, in __init__
    self._execute_child(args, executable, preexec_fn, close_fds,
  File "C:\Users\Dean\source\repos\deanable\synapic.net\build\_python\win-x64-cuda\python\Lib\subprocess.py", line 1538, in _execute_child
    hp, ht, pid, tid = _winapi.CreateProcess(executable, args,
                       ^^^^^^^^^^^^^^^^^^^^^^^^^^^^^^^^^^^^^^^
FileNotFoundError: [WinError 2] The system cannot find the file specified
243434 INFO: Executing: strip C:\Users\Dean\AppData\Local\pyinstaller\bincache10py31164bit\torch\lib\curand64_10.dll
243435 WARNING: Failed to run strip on 'C:\\Users\\Dean\\AppData\\Local\\pyinstaller\\bincache10py31164bit\\torch\\lib\\curand64_10.dll'!
Traceback (most recent call last):
  File "C:\Users\Dean\source\repos\deanable\synapic.net\build\_python\win-x64-cuda\python\Lib\site-packages\PyInstaller\building\utils.py", line 250, in process_collected_binary
    p = subprocess.run(
        ^^^^^^^^^^^^^^^
  File "C:\Users\Dean\source\repos\deanable\synapic.net\build\_python\win-x64-cuda\python\Lib\subprocess.py", line 548, in run
    with Popen(*popenargs, **kwargs) as process:
         ^^^^^^^^^^^^^^^^^^^^^^^^^^^
  File "C:\Users\Dean\source\repos\deanable\synapic.net\build\_python\win-x64-cuda\python\Lib\subprocess.py", line 1026, in __init__
    self._execute_child(args, executable, preexec_fn, close_fds,
  File "C:\Users\Dean\source\repos\deanable\synapic.net\build\_python\win-x64-cuda\python\Lib\subprocess.py", line 1538, in _execute_child
    hp, ht, pid, tid = _winapi.CreateProcess(executable, args,
                       ^^^^^^^^^^^^^^^^^^^^^^^^^^^^^^^^^^^^^^^
FileNotFoundError: [WinError 2] The system cannot find the file specified
243812 INFO: Executing: strip C:\Users\Dean\AppData\Local\pyinstaller\bincache10py31164bit\torch\lib\uv.dll
243813 WARNING: Failed to run strip on 'C:\\Users\\Dean\\AppData\\Local\\pyinstaller\\bincache10py31164bit\\torch\\lib\\uv.dll'!
Traceback (most recent call last):
  File "C:\Users\Dean\source\repos\deanable\synapic.net\build\_python\win-x64-cuda\python\Lib\site-packages\PyInstaller\building\utils.py", line 250, in process_collected_binary
    p = subprocess.run(
        ^^^^^^^^^^^^^^^
  File "C:\Users\Dean\source\repos\deanable\synapic.net\build\_python\win-x64-cuda\python\Lib\subprocess.py", line 548, in run
    with Popen(*popenargs, **kwargs) as process:
         ^^^^^^^^^^^^^^^^^^^^^^^^^^^
  File "C:\Users\Dean\source\repos\deanable\synapic.net\build\_python\win-x64-cuda\python\Lib\subprocess.py", line 1026, in __init__
    self._execute_child(args, executable, preexec_fn, close_fds,
  File "C:\Users\Dean\source\repos\deanable\synapic.net\build\_python\win-x64-cuda\python\Lib\subprocess.py", line 1538, in _execute_child
    hp, ht, pid, tid = _winapi.CreateProcess(executable, args,
                       ^^^^^^^^^^^^^^^^^^^^^^^^^^^^^^^^^^^^^^^
FileNotFoundError: [WinError 2] The system cannot find the file specified
249533 INFO: Executing: strip C:\Users\Dean\AppData\Local\pyinstaller\bincache10py31164bit\python311.dll
249534 WARNING: Failed to run strip on 'C:\\Users\\Dean\\AppData\\Local\\pyinstaller\\bincache10py31164bit\\python311.dll'!
Traceback (most recent call last):
  File "C:\Users\Dean\source\repos\deanable\synapic.net\build\_python\win-x64-cuda\python\Lib\site-packages\PyInstaller\building\utils.py", line 250, in process_collected_binary
    p = subprocess.run(
        ^^^^^^^^^^^^^^^
  File "C:\Users\Dean\source\repos\deanable\synapic.net\build\_python\win-x64-cuda\python\Lib\subprocess.py", line 548, in run
    with Popen(*popenargs, **kwargs) as process:
         ^^^^^^^^^^^^^^^^^^^^^^^^^^^
  File "C:\Users\Dean\source\repos\deanable\synapic.net\build\_python\win-x64-cuda\python\Lib\subprocess.py", line 1026, in __init__
    self._execute_child(args, executable, preexec_fn, close_fds,
  File "C:\Users\Dean\source\repos\deanable\synapic.net\build\_python\win-x64-cuda\python\Lib\subprocess.py", line 1538, in _execute_child
    hp, ht, pid, tid = _winapi.CreateProcess(executable, args,
                       ^^^^^^^^^^^^^^^^^^^^^^^^^^^^^^^^^^^^^^^
FileNotFoundError: [WinError 2] The system cannot find the file specified
249538 INFO: Executing: strip C:\Users\Dean\AppData\Local\pyinstaller\bincache10py31164bit\numpy.libs\msvcp140-a4c2229bdc2a2a630acdc095b4d86008.dll
249540 WARNING: Failed to run strip on 'C:\\Users\\Dean\\AppData\\Local\\pyinstaller\\bincache10py31164bit\\numpy.libs\\msvcp140-a4c2229bdc2a2a630acdc095b4d86008.dll'!
Traceback (most recent call last):
  File "C:\Users\Dean\source\repos\deanable\synapic.net\build\_python\win-x64-cuda\python\Lib\site-packages\PyInstaller\building\utils.py", line 250, in process_collected_binary
    p = subprocess.run(
        ^^^^^^^^^^^^^^^
  File "C:\Users\Dean\source\repos\deanable\synapic.net\build\_python\win-x64-cuda\python\Lib\subprocess.py", line 548, in run
    with Popen(*popenargs, **kwargs) as process:
         ^^^^^^^^^^^^^^^^^^^^^^^^^^^
  File "C:\Users\Dean\source\repos\deanable\synapic.net\build\_python\win-x64-cuda\python\Lib\subprocess.py", line 1026, in __init__
    self._execute_child(args, executable, preexec_fn, close_fds,
  File "C:\Users\Dean\source\repos\deanable\synapic.net\build\_python\win-x64-cuda\python\Lib\subprocess.py", line 1538, in _execute_child
    hp, ht, pid, tid = _winapi.CreateProcess(executable, args,
                       ^^^^^^^^^^^^^^^^^^^^^^^^^^^^^^^^^^^^^^^
FileNotFoundError: [WinError 2] The system cannot find the file specified
249930 INFO: Executing: strip C:\Users\Dean\AppData\Local\pyinstaller\bincache10py31164bit\numpy.libs\libscipy_openblas64_-63c857e738469261263c764a36be9436.dll
249931 WARNING: Failed to run strip on 'C:\\Users\\Dean\\AppData\\Local\\pyinstaller\\bincache10py31164bit\\numpy.libs\\libscipy_openblas64_-63c857e738469261263c764a36be9436.dll'!
Traceback (most recent call last):
  File "C:\Users\Dean\source\repos\deanable\synapic.net\build\_python\win-x64-cuda\python\Lib\site-packages\PyInstaller\building\utils.py", line 250, in process_collected_binary
    p = subprocess.run(
        ^^^^^^^^^^^^^^^
  File "C:\Users\Dean\source\repos\deanable\synapic.net\build\_python\win-x64-cuda\python\Lib\subprocess.py", line 548, in run
    with Popen(*popenargs, **kwargs) as process:
         ^^^^^^^^^^^^^^^^^^^^^^^^^^^
  File "C:\Users\Dean\source\repos\deanable\synapic.net\build\_python\win-x64-cuda\python\Lib\subprocess.py", line 1026, in __init__
    self._execute_child(args, executable, preexec_fn, close_fds,
  File "C:\Users\Dean\source\repos\deanable\synapic.net\build\_python\win-x64-cuda\python\Lib\subprocess.py", line 1538, in _execute_child
    hp, ht, pid, tid = _winapi.CreateProcess(executable, args,
                       ^^^^^^^^^^^^^^^^^^^^^^^^^^^^^^^^^^^^^^^
FileNotFoundError: [WinError 2] The system cannot find the file specified
250531 INFO: Executing: strip C:\Users\Dean\AppData\Local\pyinstaller\bincache10py31164bit\vcruntime140.dll
250534 WARNING: Failed to run strip on 'C:\\Users\\Dean\\AppData\\Local\\pyinstaller\\bincache10py31164bit\\vcruntime140.dll'!
Traceback (most recent call last):
  File "C:\Users\Dean\source\repos\deanable\synapic.net\build\_python\win-x64-cuda\python\Lib\site-packages\PyInstaller\building\utils.py", line 250, in process_collected_binary
    p = subprocess.run(
        ^^^^^^^^^^^^^^^
  File "C:\Users\Dean\source\repos\deanable\synapic.net\build\_python\win-x64-cuda\python\Lib\subprocess.py", line 548, in run
    with Popen(*popenargs, **kwargs) as process:
         ^^^^^^^^^^^^^^^^^^^^^^^^^^^
  File "C:\Users\Dean\source\repos\deanable\synapic.net\build\_python\win-x64-cuda\python\Lib\subprocess.py", line 1026, in __init__
    self._execute_child(args, executable, preexec_fn, close_fds,
  File "C:\Users\Dean\source\repos\deanable\synapic.net\build\_python\win-x64-cuda\python\Lib\subprocess.py", line 1538, in _execute_child
    hp, ht, pid, tid = _winapi.CreateProcess(executable, args,
                       ^^^^^^^^^^^^^^^^^^^^^^^^^^^^^^^^^^^^^^^
FileNotFoundError: [WinError 2] The system cannot find the file specified
251281 INFO: Executing: strip C:\Users\Dean\AppData\Local\pyinstaller\bincache10py31164bit\msvcp140.dll
251282 WARNING: Failed to run strip on 'C:\\Users\\Dean\\AppData\\Local\\pyinstaller\\bincache10py31164bit\\msvcp140.dll'!
Traceback (most recent call last):
  File "C:\Users\Dean\source\repos\deanable\synapic.net\build\_python\win-x64-cuda\python\Lib\site-packages\PyInstaller\building\utils.py", line 250, in process_collected_binary
    p = subprocess.run(
        ^^^^^^^^^^^^^^^
  File "C:\Users\Dean\source\repos\deanable\synapic.net\build\_python\win-x64-cuda\python\Lib\subprocess.py", line 548, in run
    with Popen(*popenargs, **kwargs) as process:
         ^^^^^^^^^^^^^^^^^^^^^^^^^^^
  File "C:\Users\Dean\source\repos\deanable\synapic.net\build\_python\win-x64-cuda\python\Lib\subprocess.py", line 1026, in __init__
    self._execute_child(args, executable, preexec_fn, close_fds,
  File "C:\Users\Dean\source\repos\deanable\synapic.net\build\_python\win-x64-cuda\python\Lib\subprocess.py", line 1538, in _execute_child
    hp, ht, pid, tid = _winapi.CreateProcess(executable, args,
                       ^^^^^^^^^^^^^^^^^^^^^^^^^^^^^^^^^^^^^^^
FileNotFoundError: [WinError 2] The system cannot find the file specified
251402 INFO: Executing: strip C:\Users\Dean\AppData\Local\pyinstaller\bincache10py31164bit\vcruntime140_1.dll
251405 WARNING: Failed to run strip on 'C:\\Users\\Dean\\AppData\\Local\\pyinstaller\\bincache10py31164bit\\vcruntime140_1.dll'!
Traceback (most recent call last):
  File "C:\Users\Dean\source\repos\deanable\synapic.net\build\_python\win-x64-cuda\python\Lib\site-packages\PyInstaller\building\utils.py", line 250, in process_collected_binary
    p = subprocess.run(
        ^^^^^^^^^^^^^^^
  File "C:\Users\Dean\source\repos\deanable\synapic.net\build\_python\win-x64-cuda\python\Lib\subprocess.py", line 548, in run
    with Popen(*popenargs, **kwargs) as process:
         ^^^^^^^^^^^^^^^^^^^^^^^^^^^
  File "C:\Users\Dean\source\repos\deanable\synapic.net\build\_python\win-x64-cuda\python\Lib\subprocess.py", line 1026, in __init__
    self._execute_child(args, executable, preexec_fn, close_fds,
  File "C:\Users\Dean\source\repos\deanable\synapic.net\build\_python\win-x64-cuda\python\Lib\subprocess.py", line 1538, in _execute_child
    hp, ht, pid, tid = _winapi.CreateProcess(executable, args,
                       ^^^^^^^^^^^^^^^^^^^^^^^^^^^^^^^^^^^^^^^
FileNotFoundError: [WinError 2] The system cannot find the file specified
251780 INFO: Executing: strip C:\Users\Dean\AppData\Local\pyinstaller\bincache10py31164bit\_decimal.pyd
251782 WARNING: Failed to run strip on 'C:\\Users\\Dean\\AppData\\Local\\pyinstaller\\bincache10py31164bit\\_decimal.pyd'!
Traceback (most recent call last):
  File "C:\Users\Dean\source\repos\deanable\synapic.net\build\_python\win-x64-cuda\python\Lib\site-packages\PyInstaller\building\utils.py", line 250, in process_collected_binary
    p = subprocess.run(
        ^^^^^^^^^^^^^^^
  File "C:\Users\Dean\source\repos\deanable\synapic.net\build\_python\win-x64-cuda\python\Lib\subprocess.py", line 548, in run
    with Popen(*popenargs, **kwargs) as process:
         ^^^^^^^^^^^^^^^^^^^^^^^^^^^
  File "C:\Users\Dean\source\repos\deanable\synapic.net\build\_python\win-x64-cuda\python\Lib\subprocess.py", line 1026, in __init__
    self._execute_child(args, executable, preexec_fn, close_fds,
  File "C:\Users\Dean\source\repos\deanable\synapic.net\build\_python\win-x64-cuda\python\Lib\subprocess.py", line 1538, in _execute_child
    hp, ht, pid, tid = _winapi.CreateProcess(executable, args,
                       ^^^^^^^^^^^^^^^^^^^^^^^^^^^^^^^^^^^^^^^
FileNotFoundError: [WinError 2] The system cannot find the file specified
252142 INFO: Executing: strip C:\Users\Dean\AppData\Local\pyinstaller\bincache10py31164bit\_hashlib.pyd
252144 WARNING: Failed to run strip on 'C:\\Users\\Dean\\AppData\\Local\\pyinstaller\\bincache10py31164bit\\_hashlib.pyd'!
Traceback (most recent call last):
  File "C:\Users\Dean\source\repos\deanable\synapic.net\build\_python\win-x64-cuda\python\Lib\site-packages\PyInstaller\building\utils.py", line 250, in process_collected_binary
    p = subprocess.run(
        ^^^^^^^^^^^^^^^
  File "C:\Users\Dean\source\repos\deanable\synapic.net\build\_python\win-x64-cuda\python\Lib\subprocess.py", line 548, in run
    with Popen(*popenargs, **kwargs) as process:
         ^^^^^^^^^^^^^^^^^^^^^^^^^^^
  File "C:\Users\Dean\source\repos\deanable\synapic.net\build\_python\win-x64-cuda\python\Lib\subprocess.py", line 1026, in __init__
    self._execute_child(args, executable, preexec_fn, close_fds,
  File "C:\Users\Dean\source\repos\deanable\synapic.net\build\_python\win-x64-cuda\python\Lib\subprocess.py", line 1538, in _execute_child
    hp, ht, pid, tid = _winapi.CreateProcess(executable, args,
                       ^^^^^^^^^^^^^^^^^^^^^^^^^^^^^^^^^^^^^^^
FileNotFoundError: [WinError 2] The system cannot find the file specified
252625 INFO: Executing: strip C:\Users\Dean\AppData\Local\pyinstaller\bincache10py31164bit\unicodedata.pyd
252627 WARNING: Failed to run strip on 'C:\\Users\\Dean\\AppData\\Local\\pyinstaller\\bincache10py31164bit\\unicodedata.pyd'!
Traceback (most recent call last):
  File "C:\Users\Dean\source\repos\deanable\synapic.net\build\_python\win-x64-cuda\python\Lib\site-packages\PyInstaller\building\utils.py", line 250, in process_collected_binary
    p = subprocess.run(
        ^^^^^^^^^^^^^^^
  File "C:\Users\Dean\source\repos\deanable\synapic.net\build\_python\win-x64-cuda\python\Lib\subprocess.py", line 548, in run
    with Popen(*popenargs, **kwargs) as process:
         ^^^^^^^^^^^^^^^^^^^^^^^^^^^
  File "C:\Users\Dean\source\repos\deanable\synapic.net\build\_python\win-x64-cuda\python\Lib\subprocess.py", line 1026, in __init__
    self._execute_child(args, executable, preexec_fn, close_fds,
  File "C:\Users\Dean\source\repos\deanable\synapic.net\build\_python\win-x64-cuda\python\Lib\subprocess.py", line 1538, in _execute_child
    hp, ht, pid, tid = _winapi.CreateProcess(executable, args,
                       ^^^^^^^^^^^^^^^^^^^^^^^^^^^^^^^^^^^^^^^
FileNotFoundError: [WinError 2] The system cannot find the file specified
253112 INFO: Executing: strip C:\Users\Dean\AppData\Local\pyinstaller\bincache10py31164bit\_lzma.pyd
253116 WARNING: Failed to run strip on 'C:\\Users\\Dean\\AppData\\Local\\pyinstaller\\bincache10py31164bit\\_lzma.pyd'!
Traceback (most recent call last):
  File "C:\Users\Dean\source\repos\deanable\synapic.net\build\_python\win-x64-cuda\python\Lib\site-packages\PyInstaller\building\utils.py", line 250, in process_collected_binary
    p = subprocess.run(
        ^^^^^^^^^^^^^^^
  File "C:\Users\Dean\source\repos\deanable\synapic.net\build\_python\win-x64-cuda\python\Lib\subprocess.py", line 548, in run
    with Popen(*popenargs, **kwargs) as process:
         ^^^^^^^^^^^^^^^^^^^^^^^^^^^
  File "C:\Users\Dean\source\repos\deanable\synapic.net\build\_python\win-x64-cuda\python\Lib\subprocess.py", line 1026, in __init__
    self._execute_child(args, executable, preexec_fn, close_fds,
  File "C:\Users\Dean\source\repos\deanable\synapic.net\build\_python\win-x64-cuda\python\Lib\subprocess.py", line 1538, in _execute_child
    hp, ht, pid, tid = _winapi.CreateProcess(executable, args,
                       ^^^^^^^^^^^^^^^^^^^^^^^^^^^^^^^^^^^^^^^
FileNotFoundError: [WinError 2] The system cannot find the file specified
253541 INFO: Executing: strip C:\Users\Dean\AppData\Local\pyinstaller\bincache10py31164bit\_bz2.pyd
253548 WARNING: Failed to run strip on 'C:\\Users\\Dean\\AppData\\Local\\pyinstaller\\bincache10py31164bit\\_bz2.pyd'!
Traceback (most recent call last):
  File "C:\Users\Dean\source\repos\deanable\synapic.net\build\_python\win-x64-cuda\python\Lib\site-packages\PyInstaller\building\utils.py", line 250, in process_collected_binary
    p = subprocess.run(
        ^^^^^^^^^^^^^^^
  File "C:\Users\Dean\source\repos\deanable\synapic.net\build\_python\win-x64-cuda\python\Lib\subprocess.py", line 548, in run
    with Popen(*popenargs, **kwargs) as process:
         ^^^^^^^^^^^^^^^^^^^^^^^^^^^
  File "C:\Users\Dean\source\repos\deanable\synapic.net\build\_python\win-x64-cuda\python\Lib\subprocess.py", line 1026, in __init__
    self._execute_child(args, executable, preexec_fn, close_fds,
  File "C:\Users\Dean\source\repos\deanable\synapic.net\build\_python\win-x64-cuda\python\Lib\subprocess.py", line 1538, in _execute_child
    hp, ht, pid, tid = _winapi.CreateProcess(executable, args,
                       ^^^^^^^^^^^^^^^^^^^^^^^^^^^^^^^^^^^^^^^
FileNotFoundError: [WinError 2] The system cannot find the file specified
254037 INFO: Executing: strip C:\Users\Dean\AppData\Local\pyinstaller\bincache10py31164bit\_ctypes.pyd
254039 WARNING: Failed to run strip on 'C:\\Users\\Dean\\AppData\\Local\\pyinstaller\\bincache10py31164bit\\_ctypes.pyd'!
Traceback (most recent call last):
  File "C:\Users\Dean\source\repos\deanable\synapic.net\build\_python\win-x64-cuda\python\Lib\site-packages\PyInstaller\building\utils.py", line 250, in process_collected_binary
    p = subprocess.run(
        ^^^^^^^^^^^^^^^
  File "C:\Users\Dean\source\repos\deanable\synapic.net\build\_python\win-x64-cuda\python\Lib\subprocess.py", line 548, in run
    with Popen(*popenargs, **kwargs) as process:
         ^^^^^^^^^^^^^^^^^^^^^^^^^^^
  File "C:\Users\Dean\source\repos\deanable\synapic.net\build\_python\win-x64-cuda\python\Lib\subprocess.py", line 1026, in __init__
    self._execute_child(args, executable, preexec_fn, close_fds,
  File "C:\Users\Dean\source\repos\deanable\synapic.net\build\_python\win-x64-cuda\python\Lib\subprocess.py", line 1538, in _execute_child
    hp, ht, pid, tid = _winapi.CreateProcess(executable, args,
                       ^^^^^^^^^^^^^^^^^^^^^^^^^^^^^^^^^^^^^^^
FileNotFoundError: [WinError 2] The system cannot find the file specified
255466 INFO: Executing: strip C:\Users\Dean\AppData\Local\pyinstaller\bincache10py31164bit\_socket.pyd
255719 WARNING: Failed to run strip on 'C:\\Users\\Dean\\AppData\\Local\\pyinstaller\\bincache10py31164bit\\_socket.pyd'!
Traceback (most recent call last):
  File "C:\Users\Dean\source\repos\deanable\synapic.net\build\_python\win-x64-cuda\python\Lib\site-packages\PyInstaller\building\utils.py", line 250, in process_collected_binary
    p = subprocess.run(
        ^^^^^^^^^^^^^^^
  File "C:\Users\Dean\source\repos\deanable\synapic.net\build\_python\win-x64-cuda\python\Lib\subprocess.py", line 548, in run
    with Popen(*popenargs, **kwargs) as process:
         ^^^^^^^^^^^^^^^^^^^^^^^^^^^
  File "C:\Users\Dean\source\repos\deanable\synapic.net\build\_python\win-x64-cuda\python\Lib\subprocess.py", line 1026, in __init__
    self._execute_child(args, executable, preexec_fn, close_fds,
  File "C:\Users\Dean\source\repos\deanable\synapic.net\build\_python\win-x64-cuda\python\Lib\subprocess.py", line 1538, in _execute_child
    hp, ht, pid, tid = _winapi.CreateProcess(executable, args,
                       ^^^^^^^^^^^^^^^^^^^^^^^^^^^^^^^^^^^^^^^
FileNotFoundError: [WinError 2] The system cannot find the file specified
256233 INFO: Executing: strip C:\Users\Dean\AppData\Local\pyinstaller\bincache10py31164bit\select.pyd
256234 WARNING: Failed to run strip on 'C:\\Users\\Dean\\AppData\\Local\\pyinstaller\\bincache10py31164bit\\select.pyd'!
Traceback (most recent call last):
  File "C:\Users\Dean\source\repos\deanable\synapic.net\build\_python\win-x64-cuda\python\Lib\site-packages\PyInstaller\building\utils.py", line 250, in process_collected_binary
    p = subprocess.run(
        ^^^^^^^^^^^^^^^
  File "C:\Users\Dean\source\repos\deanable\synapic.net\build\_python\win-x64-cuda\python\Lib\subprocess.py", line 548, in run
    with Popen(*popenargs, **kwargs) as process:
         ^^^^^^^^^^^^^^^^^^^^^^^^^^^
  File "C:\Users\Dean\source\repos\deanable\synapic.net\build\_python\win-x64-cuda\python\Lib\subprocess.py", line 1026, in __init__
    self._execute_child(args, executable, preexec_fn, close_fds,
  File "C:\Users\Dean\source\repos\deanable\synapic.net\build\_python\win-x64-cuda\python\Lib\subprocess.py", line 1538, in _execute_child
    hp, ht, pid, tid = _winapi.CreateProcess(executable, args,
                       ^^^^^^^^^^^^^^^^^^^^^^^^^^^^^^^^^^^^^^^
FileNotFoundError: [WinError 2] The system cannot find the file specified
256975 INFO: Executing: strip C:\Users\Dean\AppData\Local\pyinstaller\bincache10py31164bit\_overlapped.pyd
256979 WARNING: Failed to run strip on 'C:\\Users\\Dean\\AppData\\Local\\pyinstaller\\bincache10py31164bit\\_overlapped.pyd'!
Traceback (most recent call last):
  File "C:\Users\Dean\source\repos\deanable\synapic.net\build\_python\win-x64-cuda\python\Lib\site-packages\PyInstaller\building\utils.py", line 250, in process_collected_binary
    p = subprocess.run(
        ^^^^^^^^^^^^^^^
  File "C:\Users\Dean\source\repos\deanable\synapic.net\build\_python\win-x64-cuda\python\Lib\subprocess.py", line 548, in run
    with Popen(*popenargs, **kwargs) as process:
         ^^^^^^^^^^^^^^^^^^^^^^^^^^^
  File "C:\Users\Dean\source\repos\deanable\synapic.net\build\_python\win-x64-cuda\python\Lib\subprocess.py", line 1026, in __init__
    self._execute_child(args, executable, preexec_fn, close_fds,
  File "C:\Users\Dean\source\repos\deanable\synapic.net\build\_python\win-x64-cuda\python\Lib\subprocess.py", line 1538, in _execute_child
    hp, ht, pid, tid = _winapi.CreateProcess(executable, args,
                       ^^^^^^^^^^^^^^^^^^^^^^^^^^^^^^^^^^^^^^^
FileNotFoundError: [WinError 2] The system cannot find the file specified
257600 INFO: Executing: strip C:\Users\Dean\AppData\Local\pyinstaller\bincache10py31164bit\_ssl.pyd
257601 WARNING: Failed to run strip on 'C:\\Users\\Dean\\AppData\\Local\\pyinstaller\\bincache10py31164bit\\_ssl.pyd'!
Traceback (most recent call last):
  File "C:\Users\Dean\source\repos\deanable\synapic.net\build\_python\win-x64-cuda\python\Lib\site-packages\PyInstaller\building\utils.py", line 250, in process_collected_binary
    p = subprocess.run(
        ^^^^^^^^^^^^^^^
  File "C:\Users\Dean\source\repos\deanable\synapic.net\build\_python\win-x64-cuda\python\Lib\subprocess.py", line 548, in run
    with Popen(*popenargs, **kwargs) as process:
         ^^^^^^^^^^^^^^^^^^^^^^^^^^^
  File "C:\Users\Dean\source\repos\deanable\synapic.net\build\_python\win-x64-cuda\python\Lib\subprocess.py", line 1026, in __init__
    self._execute_child(args, executable, preexec_fn, close_fds,
  File "C:\Users\Dean\source\repos\deanable\synapic.net\build\_python\win-x64-cuda\python\Lib\subprocess.py", line 1538, in _execute_child
    hp, ht, pid, tid = _winapi.CreateProcess(executable, args,
                       ^^^^^^^^^^^^^^^^^^^^^^^^^^^^^^^^^^^^^^^
FileNotFoundError: [WinError 2] The system cannot find the file specified
257855 INFO: Executing: strip C:\Users\Dean\AppData\Local\pyinstaller\bincache10py31164bit\_queue.pyd
257859 WARNING: Failed to run strip on 'C:\\Users\\Dean\\AppData\\Local\\pyinstaller\\bincache10py31164bit\\_queue.pyd'!
Traceback (most recent call last):
  File "C:\Users\Dean\source\repos\deanable\synapic.net\build\_python\win-x64-cuda\python\Lib\site-packages\PyInstaller\building\utils.py", line 250, in process_collected_binary
    p = subprocess.run(
        ^^^^^^^^^^^^^^^
  File "C:\Users\Dean\source\repos\deanable\synapic.net\build\_python\win-x64-cuda\python\Lib\subprocess.py", line 548, in run
    with Popen(*popenargs, **kwargs) as process:
         ^^^^^^^^^^^^^^^^^^^^^^^^^^^
  File "C:\Users\Dean\source\repos\deanable\synapic.net\build\_python\win-x64-cuda\python\Lib\subprocess.py", line 1026, in __init__
    self._execute_child(args, executable, preexec_fn, close_fds,
  File "C:\Users\Dean\source\repos\deanable\synapic.net\build\_python\win-x64-cuda\python\Lib\subprocess.py", line 1538, in _execute_child
    hp, ht, pid, tid = _winapi.CreateProcess(executable, args,
                       ^^^^^^^^^^^^^^^^^^^^^^^^^^^^^^^^^^^^^^^
FileNotFoundError: [WinError 2] The system cannot find the file specified
258579 INFO: Executing: strip C:\Users\Dean\AppData\Local\pyinstaller\bincache10py31164bit\_multiprocessing.pyd
258584 WARNING: Failed to run strip on 'C:\\Users\\Dean\\AppData\\Local\\pyinstaller\\bincache10py31164bit\\_multiprocessing.pyd'!
Traceback (most recent call last):
  File "C:\Users\Dean\source\repos\deanable\synapic.net\build\_python\win-x64-cuda\python\Lib\site-packages\PyInstaller\building\utils.py", line 250, in process_collected_binary
    p = subprocess.run(
        ^^^^^^^^^^^^^^^
  File "C:\Users\Dean\source\repos\deanable\synapic.net\build\_python\win-x64-cuda\python\Lib\subprocess.py", line 548, in run
    with Popen(*popenargs, **kwargs) as process:
         ^^^^^^^^^^^^^^^^^^^^^^^^^^^
  File "C:\Users\Dean\source\repos\deanable\synapic.net\build\_python\win-x64-cuda\python\Lib\subprocess.py", line 1026, in __init__
    self._execute_child(args, executable, preexec_fn, close_fds,
  File "C:\Users\Dean\source\repos\deanable\synapic.net\build\_python\win-x64-cuda\python\Lib\subprocess.py", line 1538, in _execute_child
    hp, ht, pid, tid = _winapi.CreateProcess(executable, args,
                       ^^^^^^^^^^^^^^^^^^^^^^^^^^^^^^^^^^^^^^^
FileNotFoundError: [WinError 2] The system cannot find the file specified
259173 INFO: Executing: strip C:\Users\Dean\AppData\Local\pyinstaller\bincache10py31164bit\pyexpat.pyd
259175 WARNING: Failed to run strip on 'C:\\Users\\Dean\\AppData\\Local\\pyinstaller\\bincache10py31164bit\\pyexpat.pyd'!
Traceback (most recent call last):
  File "C:\Users\Dean\source\repos\deanable\synapic.net\build\_python\win-x64-cuda\python\Lib\site-packages\PyInstaller\building\utils.py", line 250, in process_collected_binary
    p = subprocess.run(
        ^^^^^^^^^^^^^^^
  File "C:\Users\Dean\source\repos\deanable\synapic.net\build\_python\win-x64-cuda\python\Lib\subprocess.py", line 548, in run
    with Popen(*popenargs, **kwargs) as process:
         ^^^^^^^^^^^^^^^^^^^^^^^^^^^
  File "C:\Users\Dean\source\repos\deanable\synapic.net\build\_python\win-x64-cuda\python\Lib\subprocess.py", line 1026, in __init__
    self._execute_child(args, executable, preexec_fn, close_fds,
  File "C:\Users\Dean\source\repos\deanable\synapic.net\build\_python\win-x64-cuda\python\Lib\subprocess.py", line 1538, in _execute_child
    hp, ht, pid, tid = _winapi.CreateProcess(executable, args,
                       ^^^^^^^^^^^^^^^^^^^^^^^^^^^^^^^^^^^^^^^
FileNotFoundError: [WinError 2] The system cannot find the file specified
259538 INFO: Executing: strip C:\Users\Dean\AppData\Local\pyinstaller\bincache10py31164bit\_asyncio.pyd
259539 WARNING: Failed to run strip on 'C:\\Users\\Dean\\AppData\\Local\\pyinstaller\\bincache10py31164bit\\_asyncio.pyd'!
Traceback (most recent call last):
  File "C:\Users\Dean\source\repos\deanable\synapic.net\build\_python\win-x64-cuda\python\Lib\site-packages\PyInstaller\building\utils.py", line 250, in process_collected_binary
    p = subprocess.run(
        ^^^^^^^^^^^^^^^
  File "C:\Users\Dean\source\repos\deanable\synapic.net\build\_python\win-x64-cuda\python\Lib\subprocess.py", line 548, in run
    with Popen(*popenargs, **kwargs) as process:
         ^^^^^^^^^^^^^^^^^^^^^^^^^^^
  File "C:\Users\Dean\source\repos\deanable\synapic.net\build\_python\win-x64-cuda\python\Lib\subprocess.py", line 1026, in __init__
    self._execute_child(args, executable, preexec_fn, close_fds,
  File "C:\Users\Dean\source\repos\deanable\synapic.net\build\_python\win-x64-cuda\python\Lib\subprocess.py", line 1538, in _execute_child
    hp, ht, pid, tid = _winapi.CreateProcess(executable, args,
                       ^^^^^^^^^^^^^^^^^^^^^^^^^^^^^^^^^^^^^^^
FileNotFoundError: [WinError 2] The system cannot find the file specified
259766 INFO: Executing: strip C:\Users\Dean\AppData\Local\pyinstaller\bincache10py31164bit\_uuid.pyd
259770 WARNING: Failed to run strip on 'C:\\Users\\Dean\\AppData\\Local\\pyinstaller\\bincache10py31164bit\\_uuid.pyd'!
Traceback (most recent call last):
  File "C:\Users\Dean\source\repos\deanable\synapic.net\build\_python\win-x64-cuda\python\Lib\site-packages\PyInstaller\building\utils.py", line 250, in process_collected_binary
    p = subprocess.run(
        ^^^^^^^^^^^^^^^
  File "C:\Users\Dean\source\repos\deanable\synapic.net\build\_python\win-x64-cuda\python\Lib\subprocess.py", line 548, in run
    with Popen(*popenargs, **kwargs) as process:
         ^^^^^^^^^^^^^^^^^^^^^^^^^^^
  File "C:\Users\Dean\source\repos\deanable\synapic.net\build\_python\win-x64-cuda\python\Lib\subprocess.py", line 1026, in __init__
    self._execute_child(args, executable, preexec_fn, close_fds,
  File "C:\Users\Dean\source\repos\deanable\synapic.net\build\_python\win-x64-cuda\python\Lib\subprocess.py", line 1538, in _execute_child
    hp, ht, pid, tid = _winapi.CreateProcess(executable, args,
                       ^^^^^^^^^^^^^^^^^^^^^^^^^^^^^^^^^^^^^^^
FileNotFoundError: [WinError 2] The system cannot find the file specified
259791 INFO: Executing: strip C:\Users\Dean\AppData\Local\pyinstaller\bincache10py31164bit\PIL\_imagingft.cp311-win_amd64.pyd
259794 WARNING: Failed to run strip on 'C:\\Users\\Dean\\AppData\\Local\\pyinstaller\\bincache10py31164bit\\PIL\\_imagingft.cp311-win_amd64.pyd'!
Traceback (most recent call last):
  File "C:\Users\Dean\source\repos\deanable\synapic.net\build\_python\win-x64-cuda\python\Lib\site-packages\PyInstaller\building\utils.py", line 250, in process_collected_binary
    p = subprocess.run(
        ^^^^^^^^^^^^^^^
  File "C:\Users\Dean\source\repos\deanable\synapic.net\build\_python\win-x64-cuda\python\Lib\subprocess.py", line 548, in run
    with Popen(*popenargs, **kwargs) as process:
         ^^^^^^^^^^^^^^^^^^^^^^^^^^^
  File "C:\Users\Dean\source\repos\deanable\synapic.net\build\_python\win-x64-cuda\python\Lib\subprocess.py", line 1026, in __init__
    self._execute_child(args, executable, preexec_fn, close_fds,
  File "C:\Users\Dean\source\repos\deanable\synapic.net\build\_python\win-x64-cuda\python\Lib\subprocess.py", line 1538, in _execute_child
    hp, ht, pid, tid = _winapi.CreateProcess(executable, args,
                       ^^^^^^^^^^^^^^^^^^^^^^^^^^^^^^^^^^^^^^^
FileNotFoundError: [WinError 2] The system cannot find the file specified
259812 INFO: Executing: strip C:\Users\Dean\AppData\Local\pyinstaller\bincache10py31164bit\PIL\_imaging.cp311-win_amd64.pyd
259814 WARNING: Failed to run strip on 'C:\\Users\\Dean\\AppData\\Local\\pyinstaller\\bincache10py31164bit\\PIL\\_imaging.cp311-win_amd64.pyd'!
Traceback (most recent call last):
  File "C:\Users\Dean\source\repos\deanable\synapic.net\build\_python\win-x64-cuda\python\Lib\site-packages\PyInstaller\building\utils.py", line 250, in process_collected_binary
    p = subprocess.run(
        ^^^^^^^^^^^^^^^
  File "C:\Users\Dean\source\repos\deanable\synapic.net\build\_python\win-x64-cuda\python\Lib\subprocess.py", line 548, in run
    with Popen(*popenargs, **kwargs) as process:
         ^^^^^^^^^^^^^^^^^^^^^^^^^^^
  File "C:\Users\Dean\source\repos\deanable\synapic.net\build\_python\win-x64-cuda\python\Lib\subprocess.py", line 1026, in __init__
    self._execute_child(args, executable, preexec_fn, close_fds,
  File "C:\Users\Dean\source\repos\deanable\synapic.net\build\_python\win-x64-cuda\python\Lib\subprocess.py", line 1538, in _execute_child
    hp, ht, pid, tid = _winapi.CreateProcess(executable, args,
                       ^^^^^^^^^^^^^^^^^^^^^^^^^^^^^^^^^^^^^^^
FileNotFoundError: [WinError 2] The system cannot find the file specified
259821 INFO: Executing: strip C:\Users\Dean\AppData\Local\pyinstaller\bincache10py31164bit\numpy\_core\_multiarray_tests.cp311-win_amd64.pyd
259822 WARNING: Failed to run strip on 'C:\\Users\\Dean\\AppData\\Local\\pyinstaller\\bincache10py31164bit\\numpy\\_core\\_multiarray_tests.cp311-win_amd64.pyd'!
Traceback (most recent call last):
  File "C:\Users\Dean\source\repos\deanable\synapic.net\build\_python\win-x64-cuda\python\Lib\site-packages\PyInstaller\building\utils.py", line 250, in process_collected_binary
    p = subprocess.run(
        ^^^^^^^^^^^^^^^
  File "C:\Users\Dean\source\repos\deanable\synapic.net\build\_python\win-x64-cuda\python\Lib\subprocess.py", line 548, in run
    with Popen(*popenargs, **kwargs) as process:
         ^^^^^^^^^^^^^^^^^^^^^^^^^^^
  File "C:\Users\Dean\source\repos\deanable\synapic.net\build\_python\win-x64-cuda\python\Lib\subprocess.py", line 1026, in __init__
    self._execute_child(args, executable, preexec_fn, close_fds,
  File "C:\Users\Dean\source\repos\deanable\synapic.net\build\_python\win-x64-cuda\python\Lib\subprocess.py", line 1538, in _execute_child
    hp, ht, pid, tid = _winapi.CreateProcess(executable, args,
                       ^^^^^^^^^^^^^^^^^^^^^^^^^^^^^^^^^^^^^^^
FileNotFoundError: [WinError 2] The system cannot find the file specified
259836 INFO: Executing: strip C:\Users\Dean\AppData\Local\pyinstaller\bincache10py31164bit\numpy\_core\_multiarray_umath.cp311-win_amd64.pyd
259837 WARNING: Failed to run strip on 'C:\\Users\\Dean\\AppData\\Local\\pyinstaller\\bincache10py31164bit\\numpy\\_core\\_multiarray_umath.cp311-win_amd64.pyd'!
Traceback (most recent call last):
  File "C:\Users\Dean\source\repos\deanable\synapic.net\build\_python\win-x64-cuda\python\Lib\site-packages\PyInstaller\building\utils.py", line 250, in process_collected_binary
    p = subprocess.run(
        ^^^^^^^^^^^^^^^
  File "C:\Users\Dean\source\repos\deanable\synapic.net\build\_python\win-x64-cuda\python\Lib\subprocess.py", line 548, in run
    with Popen(*popenargs, **kwargs) as process:
         ^^^^^^^^^^^^^^^^^^^^^^^^^^^
  File "C:\Users\Dean\source\repos\deanable\synapic.net\build\_python\win-x64-cuda\python\Lib\subprocess.py", line 1026, in __init__
    self._execute_child(args, executable, preexec_fn, close_fds,
  File "C:\Users\Dean\source\repos\deanable\synapic.net\build\_python\win-x64-cuda\python\Lib\subprocess.py", line 1538, in _execute_child
    hp, ht, pid, tid = _winapi.CreateProcess(executable, args,
                       ^^^^^^^^^^^^^^^^^^^^^^^^^^^^^^^^^^^^^^^
FileNotFoundError: [WinError 2] The system cannot find the file specified
260104 INFO: Executing: strip C:\Users\Dean\AppData\Local\pyinstaller\bincache10py31164bit\charset_normalizer\cd.cp311-win_amd64.pyd
260106 WARNING: Failed to run strip on 'C:\\Users\\Dean\\AppData\\Local\\pyinstaller\\bincache10py31164bit\\charset_normalizer\\cd.cp311-win_amd64.pyd'!
Traceback (most recent call last):
  File "C:\Users\Dean\source\repos\deanable\synapic.net\build\_python\win-x64-cuda\python\Lib\site-packages\PyInstaller\building\utils.py", line 250, in process_collected_binary
    p = subprocess.run(
        ^^^^^^^^^^^^^^^
  File "C:\Users\Dean\source\repos\deanable\synapic.net\build\_python\win-x64-cuda\python\Lib\subprocess.py", line 548, in run
    with Popen(*popenargs, **kwargs) as process:
         ^^^^^^^^^^^^^^^^^^^^^^^^^^^
  File "C:\Users\Dean\source\repos\deanable\synapic.net\build\_python\win-x64-cuda\python\Lib\subprocess.py", line 1026, in __init__
    self._execute_child(args, executable, preexec_fn, close_fds,
  File "C:\Users\Dean\source\repos\deanable\synapic.net\build\_python\win-x64-cuda\python\Lib\subprocess.py", line 1538, in _execute_child
    hp, ht, pid, tid = _winapi.CreateProcess(executable, args,
                       ^^^^^^^^^^^^^^^^^^^^^^^^^^^^^^^^^^^^^^^
FileNotFoundError: [WinError 2] The system cannot find the file specified
261132 INFO: Executing: strip C:\Users\Dean\AppData\Local\pyinstaller\bincache10py31164bit\charset_normalizer\md.cp311-win_amd64.pyd
261134 WARNING: Failed to run strip on 'C:\\Users\\Dean\\AppData\\Local\\pyinstaller\\bincache10py31164bit\\charset_normalizer\\md.cp311-win_amd64.pyd'!
Traceback (most recent call last):
  File "C:\Users\Dean\source\repos\deanable\synapic.net\build\_python\win-x64-cuda\python\Lib\site-packages\PyInstaller\building\utils.py", line 250, in process_collected_binary
    p = subprocess.run(
        ^^^^^^^^^^^^^^^
  File "C:\Users\Dean\source\repos\deanable\synapic.net\build\_python\win-x64-cuda\python\Lib\subprocess.py", line 548, in run
    with Popen(*popenargs, **kwargs) as process:
         ^^^^^^^^^^^^^^^^^^^^^^^^^^^
  File "C:\Users\Dean\source\repos\deanable\synapic.net\build\_python\win-x64-cuda\python\Lib\subprocess.py", line 1026, in __init__
    self._execute_child(args, executable, preexec_fn, close_fds,
  File "C:\Users\Dean\source\repos\deanable\synapic.net\build\_python\win-x64-cuda\python\Lib\subprocess.py", line 1538, in _execute_child
    hp, ht, pid, tid = _winapi.CreateProcess(executable, args,
                       ^^^^^^^^^^^^^^^^^^^^^^^^^^^^^^^^^^^^^^^
FileNotFoundError: [WinError 2] The system cannot find the file specified
261703 INFO: Executing: strip C:\Users\Dean\AppData\Local\pyinstaller\bincache10py31164bit\psutil\_psutil_windows.pyd
261704 WARNING: Failed to run strip on 'C:\\Users\\Dean\\AppData\\Local\\pyinstaller\\bincache10py31164bit\\psutil\\_psutil_windows.pyd'!
Traceback (most recent call last):
  File "C:\Users\Dean\source\repos\deanable\synapic.net\build\_python\win-x64-cuda\python\Lib\site-packages\PyInstaller\building\utils.py", line 250, in process_collected_binary
    p = subprocess.run(
        ^^^^^^^^^^^^^^^
  File "C:\Users\Dean\source\repos\deanable\synapic.net\build\_python\win-x64-cuda\python\Lib\subprocess.py", line 548, in run
    with Popen(*popenargs, **kwargs) as process:
         ^^^^^^^^^^^^^^^^^^^^^^^^^^^
  File "C:\Users\Dean\source\repos\deanable\synapic.net\build\_python\win-x64-cuda\python\Lib\subprocess.py", line 1026, in __init__
    self._execute_child(args, executable, preexec_fn, close_fds,
  File "C:\Users\Dean\source\repos\deanable\synapic.net\build\_python\win-x64-cuda\python\Lib\subprocess.py", line 1538, in _execute_child
    hp, ht, pid, tid = _winapi.CreateProcess(executable, args,
                       ^^^^^^^^^^^^^^^^^^^^^^^^^^^^^^^^^^^^^^^
FileNotFoundError: [WinError 2] The system cannot find the file specified
261711 INFO: Executing: strip C:\Users\Dean\AppData\Local\pyinstaller\bincache10py31164bit\numpy\linalg\_umath_linalg.cp311-win_amd64.pyd
261713 WARNING: Failed to run strip on 'C:\\Users\\Dean\\AppData\\Local\\pyinstaller\\bincache10py31164bit\\numpy\\linalg\\_umath_linalg.cp311-win_amd64.pyd'!
Traceback (most recent call last):
  File "C:\Users\Dean\source\repos\deanable\synapic.net\build\_python\win-x64-cuda\python\Lib\site-packages\PyInstaller\building\utils.py", line 250, in process_collected_binary
    p = subprocess.run(
        ^^^^^^^^^^^^^^^
  File "C:\Users\Dean\source\repos\deanable\synapic.net\build\_python\win-x64-cuda\python\Lib\subprocess.py", line 548, in run
    with Popen(*popenargs, **kwargs) as process:
         ^^^^^^^^^^^^^^^^^^^^^^^^^^^
  File "C:\Users\Dean\source\repos\deanable\synapic.net\build\_python\win-x64-cuda\python\Lib\subprocess.py", line 1026, in __init__
    self._execute_child(args, executable, preexec_fn, close_fds,
  File "C:\Users\Dean\source\repos\deanable\synapic.net\build\_python\win-x64-cuda\python\Lib\subprocess.py", line 1538, in _execute_child
    hp, ht, pid, tid = _winapi.CreateProcess(executable, args,
                       ^^^^^^^^^^^^^^^^^^^^^^^^^^^^^^^^^^^^^^^
FileNotFoundError: [WinError 2] The system cannot find the file specified
261719 INFO: Executing: strip C:\Users\Dean\AppData\Local\pyinstaller\bincache10py31164bit\numpy\random\mtrand.cp311-win_amd64.pyd
261720 WARNING: Failed to run strip on 'C:\\Users\\Dean\\AppData\\Local\\pyinstaller\\bincache10py31164bit\\numpy\\random\\mtrand.cp311-win_amd64.pyd'!
Traceback (most recent call last):
  File "C:\Users\Dean\source\repos\deanable\synapic.net\build\_python\win-x64-cuda\python\Lib\site-packages\PyInstaller\building\utils.py", line 250, in process_collected_binary
    p = subprocess.run(
        ^^^^^^^^^^^^^^^
  File "C:\Users\Dean\source\repos\deanable\synapic.net\build\_python\win-x64-cuda\python\Lib\subprocess.py", line 548, in run
    with Popen(*popenargs, **kwargs) as process:
         ^^^^^^^^^^^^^^^^^^^^^^^^^^^
  File "C:\Users\Dean\source\repos\deanable\synapic.net\build\_python\win-x64-cuda\python\Lib\subprocess.py", line 1026, in __init__
    self._execute_child(args, executable, preexec_fn, close_fds,
  File "C:\Users\Dean\source\repos\deanable\synapic.net\build\_python\win-x64-cuda\python\Lib\subprocess.py", line 1538, in _execute_child
    hp, ht, pid, tid = _winapi.CreateProcess(executable, args,
                       ^^^^^^^^^^^^^^^^^^^^^^^^^^^^^^^^^^^^^^^
FileNotFoundError: [WinError 2] The system cannot find the file specified
261727 INFO: Executing: strip C:\Users\Dean\AppData\Local\pyinstaller\bincache10py31164bit\numpy\random\bit_generator.cp311-win_amd64.pyd
261728 WARNING: Failed to run strip on 'C:\\Users\\Dean\\AppData\\Local\\pyinstaller\\bincache10py31164bit\\numpy\\random\\bit_generator.cp311-win_amd64.pyd'!
Traceback (most recent call last):
  File "C:\Users\Dean\source\repos\deanable\synapic.net\build\_python\win-x64-cuda\python\Lib\site-packages\PyInstaller\building\utils.py", line 250, in process_collected_binary
    p = subprocess.run(
        ^^^^^^^^^^^^^^^
  File "C:\Users\Dean\source\repos\deanable\synapic.net\build\_python\win-x64-cuda\python\Lib\subprocess.py", line 548, in run
    with Popen(*popenargs, **kwargs) as process:
         ^^^^^^^^^^^^^^^^^^^^^^^^^^^
  File "C:\Users\Dean\source\repos\deanable\synapic.net\build\_python\win-x64-cuda\python\Lib\subprocess.py", line 1026, in __init__
    self._execute_child(args, executable, preexec_fn, close_fds,
  File "C:\Users\Dean\source\repos\deanable\synapic.net\build\_python\win-x64-cuda\python\Lib\subprocess.py", line 1538, in _execute_child
    hp, ht, pid, tid = _winapi.CreateProcess(executable, args,
                       ^^^^^^^^^^^^^^^^^^^^^^^^^^^^^^^^^^^^^^^
FileNotFoundError: [WinError 2] The system cannot find the file specified
262052 INFO: Executing: strip C:\Users\Dean\AppData\Local\pyinstaller\bincache10py31164bit\numpy\random\_sfc64.cp311-win_amd64.pyd
262054 WARNING: Failed to run strip on 'C:\\Users\\Dean\\AppData\\Local\\pyinstaller\\bincache10py31164bit\\numpy\\random\\_sfc64.cp311-win_amd64.pyd'!
Traceback (most recent call last):
  File "C:\Users\Dean\source\repos\deanable\synapic.net\build\_python\win-x64-cuda\python\Lib\site-packages\PyInstaller\building\utils.py", line 250, in process_collected_binary
    p = subprocess.run(
        ^^^^^^^^^^^^^^^
  File "C:\Users\Dean\source\repos\deanable\synapic.net\build\_python\win-x64-cuda\python\Lib\subprocess.py", line 548, in run
    with Popen(*popenargs, **kwargs) as process:
         ^^^^^^^^^^^^^^^^^^^^^^^^^^^
  File "C:\Users\Dean\source\repos\deanable\synapic.net\build\_python\win-x64-cuda\python\Lib\subprocess.py", line 1026, in __init__
    self._execute_child(args, executable, preexec_fn, close_fds,
  File "C:\Users\Dean\source\repos\deanable\synapic.net\build\_python\win-x64-cuda\python\Lib\subprocess.py", line 1538, in _execute_child
    hp, ht, pid, tid = _winapi.CreateProcess(executable, args,
                       ^^^^^^^^^^^^^^^^^^^^^^^^^^^^^^^^^^^^^^^
FileNotFoundError: [WinError 2] The system cannot find the file specified
262060 INFO: Executing: strip C:\Users\Dean\AppData\Local\pyinstaller\bincache10py31164bit\numpy\random\_philox.cp311-win_amd64.pyd
262061 WARNING: Failed to run strip on 'C:\\Users\\Dean\\AppData\\Local\\pyinstaller\\bincache10py31164bit\\numpy\\random\\_philox.cp311-win_amd64.pyd'!
Traceback (most recent call last):
  File "C:\Users\Dean\source\repos\deanable\synapic.net\build\_python\win-x64-cuda\python\Lib\site-packages\PyInstaller\building\utils.py", line 250, in process_collected_binary
    p = subprocess.run(
        ^^^^^^^^^^^^^^^
  File "C:\Users\Dean\source\repos\deanable\synapic.net\build\_python\win-x64-cuda\python\Lib\subprocess.py", line 548, in run
    with Popen(*popenargs, **kwargs) as process:
         ^^^^^^^^^^^^^^^^^^^^^^^^^^^
  File "C:\Users\Dean\source\repos\deanable\synapic.net\build\_python\win-x64-cuda\python\Lib\subprocess.py", line 1026, in __init__
    self._execute_child(args, executable, preexec_fn, close_fds,
  File "C:\Users\Dean\source\repos\deanable\synapic.net\build\_python\win-x64-cuda\python\Lib\subprocess.py", line 1538, in _execute_child
    hp, ht, pid, tid = _winapi.CreateProcess(executable, args,
                       ^^^^^^^^^^^^^^^^^^^^^^^^^^^^^^^^^^^^^^^
FileNotFoundError: [WinError 2] The system cannot find the file specified
262067 INFO: Executing: strip C:\Users\Dean\AppData\Local\pyinstaller\bincache10py31164bit\numpy\random\_pcg64.cp311-win_amd64.pyd
262069 WARNING: Failed to run strip on 'C:\\Users\\Dean\\AppData\\Local\\pyinstaller\\bincache10py31164bit\\numpy\\random\\_pcg64.cp311-win_amd64.pyd'!
Traceback (most recent call last):
  File "C:\Users\Dean\source\repos\deanable\synapic.net\build\_python\win-x64-cuda\python\Lib\site-packages\PyInstaller\building\utils.py", line 250, in process_collected_binary
    p = subprocess.run(
        ^^^^^^^^^^^^^^^
  File "C:\Users\Dean\source\repos\deanable\synapic.net\build\_python\win-x64-cuda\python\Lib\subprocess.py", line 548, in run
    with Popen(*popenargs, **kwargs) as process:
         ^^^^^^^^^^^^^^^^^^^^^^^^^^^
  File "C:\Users\Dean\source\repos\deanable\synapic.net\build\_python\win-x64-cuda\python\Lib\subprocess.py", line 1026, in __init__
    self._execute_child(args, executable, preexec_fn, close_fds,
  File "C:\Users\Dean\source\repos\deanable\synapic.net\build\_python\win-x64-cuda\python\Lib\subprocess.py", line 1538, in _execute_child
    hp, ht, pid, tid = _winapi.CreateProcess(executable, args,
                       ^^^^^^^^^^^^^^^^^^^^^^^^^^^^^^^^^^^^^^^
FileNotFoundError: [WinError 2] The system cannot find the file specified
262075 INFO: Executing: strip C:\Users\Dean\AppData\Local\pyinstaller\bincache10py31164bit\numpy\random\_mt19937.cp311-win_amd64.pyd
262076 WARNING: Failed to run strip on 'C:\\Users\\Dean\\AppData\\Local\\pyinstaller\\bincache10py31164bit\\numpy\\random\\_mt19937.cp311-win_amd64.pyd'!
Traceback (most recent call last):
  File "C:\Users\Dean\source\repos\deanable\synapic.net\build\_python\win-x64-cuda\python\Lib\site-packages\PyInstaller\building\utils.py", line 250, in process_collected_binary
    p = subprocess.run(
        ^^^^^^^^^^^^^^^
  File "C:\Users\Dean\source\repos\deanable\synapic.net\build\_python\win-x64-cuda\python\Lib\subprocess.py", line 548, in run
    with Popen(*popenargs, **kwargs) as process:
         ^^^^^^^^^^^^^^^^^^^^^^^^^^^
  File "C:\Users\Dean\source\repos\deanable\synapic.net\build\_python\win-x64-cuda\python\Lib\subprocess.py", line 1026, in __init__
    self._execute_child(args, executable, preexec_fn, close_fds,
  File "C:\Users\Dean\source\repos\deanable\synapic.net\build\_python\win-x64-cuda\python\Lib\subprocess.py", line 1538, in _execute_child
    hp, ht, pid, tid = _winapi.CreateProcess(executable, args,
                       ^^^^^^^^^^^^^^^^^^^^^^^^^^^^^^^^^^^^^^^
FileNotFoundError: [WinError 2] The system cannot find the file specified
262082 INFO: Executing: strip C:\Users\Dean\AppData\Local\pyinstaller\bincache10py31164bit\numpy\random\_generator.cp311-win_amd64.pyd
262083 WARNING: Failed to run strip on 'C:\\Users\\Dean\\AppData\\Local\\pyinstaller\\bincache10py31164bit\\numpy\\random\\_generator.cp311-win_amd64.pyd'!
Traceback (most recent call last):
  File "C:\Users\Dean\source\repos\deanable\synapic.net\build\_python\win-x64-cuda\python\Lib\site-packages\PyInstaller\building\utils.py", line 250, in process_collected_binary
    p = subprocess.run(
        ^^^^^^^^^^^^^^^
  File "C:\Users\Dean\source\repos\deanable\synapic.net\build\_python\win-x64-cuda\python\Lib\subprocess.py", line 548, in run
    with Popen(*popenargs, **kwargs) as process:
         ^^^^^^^^^^^^^^^^^^^^^^^^^^^
  File "C:\Users\Dean\source\repos\deanable\synapic.net\build\_python\win-x64-cuda\python\Lib\subprocess.py", line 1026, in __init__
    self._execute_child(args, executable, preexec_fn, close_fds,
  File "C:\Users\Dean\source\repos\deanable\synapic.net\build\_python\win-x64-cuda\python\Lib\subprocess.py", line 1538, in _execute_child
    hp, ht, pid, tid = _winapi.CreateProcess(executable, args,
                       ^^^^^^^^^^^^^^^^^^^^^^^^^^^^^^^^^^^^^^^
FileNotFoundError: [WinError 2] The system cannot find the file specified
262089 INFO: Executing: strip C:\Users\Dean\AppData\Local\pyinstaller\bincache10py31164bit\numpy\random\_common.cp311-win_amd64.pyd
262090 WARNING: Failed to run strip on 'C:\\Users\\Dean\\AppData\\Local\\pyinstaller\\bincache10py31164bit\\numpy\\random\\_common.cp311-win_amd64.pyd'!
Traceback (most recent call last):
  File "C:\Users\Dean\source\repos\deanable\synapic.net\build\_python\win-x64-cuda\python\Lib\site-packages\PyInstaller\building\utils.py", line 250, in process_collected_binary
    p = subprocess.run(
        ^^^^^^^^^^^^^^^
  File "C:\Users\Dean\source\repos\deanable\synapic.net\build\_python\win-x64-cuda\python\Lib\subprocess.py", line 548, in run
    with Popen(*popenargs, **kwargs) as process:
         ^^^^^^^^^^^^^^^^^^^^^^^^^^^
  File "C:\Users\Dean\source\repos\deanable\synapic.net\build\_python\win-x64-cuda\python\Lib\subprocess.py", line 1026, in __init__
    self._execute_child(args, executable, preexec_fn, close_fds,
  File "C:\Users\Dean\source\repos\deanable\synapic.net\build\_python\win-x64-cuda\python\Lib\subprocess.py", line 1538, in _execute_child
    hp, ht, pid, tid = _winapi.CreateProcess(executable, args,
                       ^^^^^^^^^^^^^^^^^^^^^^^^^^^^^^^^^^^^^^^
FileNotFoundError: [WinError 2] The system cannot find the file specified
262458 INFO: Executing: strip C:\Users\Dean\AppData\Local\pyinstaller\bincache10py31164bit\numpy\random\_bounded_integers.cp311-win_amd64.pyd
262459 WARNING: Failed to run strip on 'C:\\Users\\Dean\\AppData\\Local\\pyinstaller\\bincache10py31164bit\\numpy\\random\\_bounded_integers.cp311-win_amd64.pyd'!
Traceback (most recent call last):
  File "C:\Users\Dean\source\repos\deanable\synapic.net\build\_python\win-x64-cuda\python\Lib\site-packages\PyInstaller\building\utils.py", line 250, in process_collected_binary
    p = subprocess.run(
        ^^^^^^^^^^^^^^^
  File "C:\Users\Dean\source\repos\deanable\synapic.net\build\_python\win-x64-cuda\python\Lib\subprocess.py", line 548, in run
    with Popen(*popenargs, **kwargs) as process:
         ^^^^^^^^^^^^^^^^^^^^^^^^^^^
  File "C:\Users\Dean\source\repos\deanable\synapic.net\build\_python\win-x64-cuda\python\Lib\subprocess.py", line 1026, in __init__
    self._execute_child(args, executable, preexec_fn, close_fds,
  File "C:\Users\Dean\source\repos\deanable\synapic.net\build\_python\win-x64-cuda\python\Lib\subprocess.py", line 1538, in _execute_child
    hp, ht, pid, tid = _winapi.CreateProcess(executable, args,
                       ^^^^^^^^^^^^^^^^^^^^^^^^^^^^^^^^^^^^^^^
FileNotFoundError: [WinError 2] The system cannot find the file specified
262832 INFO: Executing: strip C:\Users\Dean\AppData\Local\pyinstaller\bincache10py31164bit\numpy\fft\_pocketfft_umath.cp311-win_amd64.pyd
262837 WARNING: Failed to run strip on 'C:\\Users\\Dean\\AppData\\Local\\pyinstaller\\bincache10py31164bit\\numpy\\fft\\_pocketfft_umath.cp311-win_amd64.pyd'!
Traceback (most recent call last):
  File "C:\Users\Dean\source\repos\deanable\synapic.net\build\_python\win-x64-cuda\python\Lib\site-packages\PyInstaller\building\utils.py", line 250, in process_collected_binary
    p = subprocess.run(
        ^^^^^^^^^^^^^^^
  File "C:\Users\Dean\source\repos\deanable\synapic.net\build\_python\win-x64-cuda\python\Lib\subprocess.py", line 548, in run
    with Popen(*popenargs, **kwargs) as process:
         ^^^^^^^^^^^^^^^^^^^^^^^^^^^
  File "C:\Users\Dean\source\repos\deanable\synapic.net\build\_python\win-x64-cuda\python\Lib\subprocess.py", line 1026, in __init__
    self._execute_child(args, executable, preexec_fn, close_fds,
  File "C:\Users\Dean\source\repos\deanable\synapic.net\build\_python\win-x64-cuda\python\Lib\subprocess.py", line 1538, in _execute_child
    hp, ht, pid, tid = _winapi.CreateProcess(executable, args,
                       ^^^^^^^^^^^^^^^^^^^^^^^^^^^^^^^^^^^^^^^
FileNotFoundError: [WinError 2] The system cannot find the file specified
263849 INFO: Executing: strip C:\Users\Dean\AppData\Local\pyinstaller\bincache10py31164bit\yaml\_yaml.cp311-win_amd64.pyd
263855 WARNING: Failed to run strip on 'C:\\Users\\Dean\\AppData\\Local\\pyinstaller\\bincache10py31164bit\\yaml\\_yaml.cp311-win_amd64.pyd'!
Traceback (most recent call last):
  File "C:\Users\Dean\source\repos\deanable\synapic.net\build\_python\win-x64-cuda\python\Lib\site-packages\PyInstaller\building\utils.py", line 250, in process_collected_binary
    p = subprocess.run(
        ^^^^^^^^^^^^^^^
  File "C:\Users\Dean\source\repos\deanable\synapic.net\build\_python\win-x64-cuda\python\Lib\subprocess.py", line 548, in run
    with Popen(*popenargs, **kwargs) as process:
         ^^^^^^^^^^^^^^^^^^^^^^^^^^^
  File "C:\Users\Dean\source\repos\deanable\synapic.net\build\_python\win-x64-cuda\python\Lib\subprocess.py", line 1026, in __init__
    self._execute_child(args, executable, preexec_fn, close_fds,
  File "C:\Users\Dean\source\repos\deanable\synapic.net\build\_python\win-x64-cuda\python\Lib\subprocess.py", line 1538, in _execute_child
    hp, ht, pid, tid = _winapi.CreateProcess(executable, args,
                       ^^^^^^^^^^^^^^^^^^^^^^^^^^^^^^^^^^^^^^^
FileNotFoundError: [WinError 2] The system cannot find the file specified
264215 INFO: Executing: strip C:\Users\Dean\AppData\Local\pyinstaller\bincache10py31164bit\PIL\_webp.cp311-win_amd64.pyd
264216 WARNING: Failed to run strip on 'C:\\Users\\Dean\\AppData\\Local\\pyinstaller\\bincache10py31164bit\\PIL\\_webp.cp311-win_amd64.pyd'!
Traceback (most recent call last):
  File "C:\Users\Dean\source\repos\deanable\synapic.net\build\_python\win-x64-cuda\python\Lib\site-packages\PyInstaller\building\utils.py", line 250, in process_collected_binary
    p = subprocess.run(
        ^^^^^^^^^^^^^^^
  File "C:\Users\Dean\source\repos\deanable\synapic.net\build\_python\win-x64-cuda\python\Lib\subprocess.py", line 548, in run
    with Popen(*popenargs, **kwargs) as process:
         ^^^^^^^^^^^^^^^^^^^^^^^^^^^
  File "C:\Users\Dean\source\repos\deanable\synapic.net\build\_python\win-x64-cuda\python\Lib\subprocess.py", line 1026, in __init__
    self._execute_child(args, executable, preexec_fn, close_fds,
  File "C:\Users\Dean\source\repos\deanable\synapic.net\build\_python\win-x64-cuda\python\Lib\subprocess.py", line 1538, in _execute_child
    hp, ht, pid, tid = _winapi.CreateProcess(executable, args,
                       ^^^^^^^^^^^^^^^^^^^^^^^^^^^^^^^^^^^^^^^
FileNotFoundError: [WinError 2] The system cannot find the file specified
264569 INFO: Executing: strip C:\Users\Dean\AppData\Local\pyinstaller\bincache10py31164bit\PIL\_imagingtk.cp311-win_amd64.pyd
264570 WARNING: Failed to run strip on 'C:\\Users\\Dean\\AppData\\Local\\pyinstaller\\bincache10py31164bit\\PIL\\_imagingtk.cp311-win_amd64.pyd'!
Traceback (most recent call last):
  File "C:\Users\Dean\source\repos\deanable\synapic.net\build\_python\win-x64-cuda\python\Lib\site-packages\PyInstaller\building\utils.py", line 250, in process_collected_binary
    p = subprocess.run(
        ^^^^^^^^^^^^^^^
  File "C:\Users\Dean\source\repos\deanable\synapic.net\build\_python\win-x64-cuda\python\Lib\subprocess.py", line 548, in run
    with Popen(*popenargs, **kwargs) as process:
         ^^^^^^^^^^^^^^^^^^^^^^^^^^^
  File "C:\Users\Dean\source\repos\deanable\synapic.net\build\_python\win-x64-cuda\python\Lib\subprocess.py", line 1026, in __init__
    self._execute_child(args, executable, preexec_fn, close_fds,
  File "C:\Users\Dean\source\repos\deanable\synapic.net\build\_python\win-x64-cuda\python\Lib\subprocess.py", line 1538, in _execute_child
    hp, ht, pid, tid = _winapi.CreateProcess(executable, args,
                       ^^^^^^^^^^^^^^^^^^^^^^^^^^^^^^^^^^^^^^^
FileNotFoundError: [WinError 2] The system cannot find the file specified
264710 INFO: Executing: strip C:\Users\Dean\AppData\Local\pyinstaller\bincache10py31164bit\PIL\_avif.cp311-win_amd64.pyd
264712 WARNING: Failed to run strip on 'C:\\Users\\Dean\\AppData\\Local\\pyinstaller\\bincache10py31164bit\\PIL\\_avif.cp311-win_amd64.pyd'!
Traceback (most recent call last):
  File "C:\Users\Dean\source\repos\deanable\synapic.net\build\_python\win-x64-cuda\python\Lib\site-packages\PyInstaller\building\utils.py", line 250, in process_collected_binary
    p = subprocess.run(
        ^^^^^^^^^^^^^^^
  File "C:\Users\Dean\source\repos\deanable\synapic.net\build\_python\win-x64-cuda\python\Lib\subprocess.py", line 548, in run
    with Popen(*popenargs, **kwargs) as process:
         ^^^^^^^^^^^^^^^^^^^^^^^^^^^
  File "C:\Users\Dean\source\repos\deanable\synapic.net\build\_python\win-x64-cuda\python\Lib\subprocess.py", line 1026, in __init__
    self._execute_child(args, executable, preexec_fn, close_fds,
  File "C:\Users\Dean\source\repos\deanable\synapic.net\build\_python\win-x64-cuda\python\Lib\subprocess.py", line 1538, in _execute_child
    hp, ht, pid, tid = _winapi.CreateProcess(executable, args,
                       ^^^^^^^^^^^^^^^^^^^^^^^^^^^^^^^^^^^^^^^
FileNotFoundError: [WinError 2] The system cannot find the file specified
264719 INFO: Executing: strip C:\Users\Dean\AppData\Local\pyinstaller\bincache10py31164bit\PIL\_imagingcms.cp311-win_amd64.pyd
264721 WARNING: Failed to run strip on 'C:\\Users\\Dean\\AppData\\Local\\pyinstaller\\bincache10py31164bit\\PIL\\_imagingcms.cp311-win_amd64.pyd'!
Traceback (most recent call last):
  File "C:\Users\Dean\source\repos\deanable\synapic.net\build\_python\win-x64-cuda\python\Lib\site-packages\PyInstaller\building\utils.py", line 250, in process_collected_binary
    p = subprocess.run(
        ^^^^^^^^^^^^^^^
  File "C:\Users\Dean\source\repos\deanable\synapic.net\build\_python\win-x64-cuda\python\Lib\subprocess.py", line 548, in run
    with Popen(*popenargs, **kwargs) as process:
         ^^^^^^^^^^^^^^^^^^^^^^^^^^^
  File "C:\Users\Dean\source\repos\deanable\synapic.net\build\_python\win-x64-cuda\python\Lib\subprocess.py", line 1026, in __init__
    self._execute_child(args, executable, preexec_fn, close_fds,
  File "C:\Users\Dean\source\repos\deanable\synapic.net\build\_python\win-x64-cuda\python\Lib\subprocess.py", line 1538, in _execute_child
    hp, ht, pid, tid = _winapi.CreateProcess(executable, args,
                       ^^^^^^^^^^^^^^^^^^^^^^^^^^^^^^^^^^^^^^^
FileNotFoundError: [WinError 2] The system cannot find the file specified
264727 INFO: Executing: strip C:\Users\Dean\AppData\Local\pyinstaller\bincache10py31164bit\PIL\_imagingmath.cp311-win_amd64.pyd
264729 WARNING: Failed to run strip on 'C:\\Users\\Dean\\AppData\\Local\\pyinstaller\\bincache10py31164bit\\PIL\\_imagingmath.cp311-win_amd64.pyd'!
Traceback (most recent call last):
  File "C:\Users\Dean\source\repos\deanable\synapic.net\build\_python\win-x64-cuda\python\Lib\site-packages\PyInstaller\building\utils.py", line 250, in process_collected_binary
    p = subprocess.run(
        ^^^^^^^^^^^^^^^
  File "C:\Users\Dean\source\repos\deanable\synapic.net\build\_python\win-x64-cuda\python\Lib\subprocess.py", line 548, in run
    with Popen(*popenargs, **kwargs) as process:
         ^^^^^^^^^^^^^^^^^^^^^^^^^^^
  File "C:\Users\Dean\source\repos\deanable\synapic.net\build\_python\win-x64-cuda\python\Lib\subprocess.py", line 1026, in __init__
    self._execute_child(args, executable, preexec_fn, close_fds,
  File "C:\Users\Dean\source\repos\deanable\synapic.net\build\_python\win-x64-cuda\python\Lib\subprocess.py", line 1538, in _execute_child
    hp, ht, pid, tid = _winapi.CreateProcess(executable, args,
                       ^^^^^^^^^^^^^^^^^^^^^^^^^^^^^^^^^^^^^^^
FileNotFoundError: [WinError 2] The system cannot find the file specified
264852 INFO: Executing: strip C:\Users\Dean\AppData\Local\pyinstaller\bincache10py31164bit\_elementtree.pyd
264855 WARNING: Failed to run strip on 'C:\\Users\\Dean\\AppData\\Local\\pyinstaller\\bincache10py31164bit\\_elementtree.pyd'!
Traceback (most recent call last):
  File "C:\Users\Dean\source\repos\deanable\synapic.net\build\_python\win-x64-cuda\python\Lib\site-packages\PyInstaller\building\utils.py", line 250, in process_collected_binary
    p = subprocess.run(
        ^^^^^^^^^^^^^^^
  File "C:\Users\Dean\source\repos\deanable\synapic.net\build\_python\win-x64-cuda\python\Lib\subprocess.py", line 548, in run
    with Popen(*popenargs, **kwargs) as process:
         ^^^^^^^^^^^^^^^^^^^^^^^^^^^
  File "C:\Users\Dean\source\repos\deanable\synapic.net\build\_python\win-x64-cuda\python\Lib\subprocess.py", line 1026, in __init__
    self._execute_child(args, executable, preexec_fn, close_fds,
  File "C:\Users\Dean\source\repos\deanable\synapic.net\build\_python\win-x64-cuda\python\Lib\subprocess.py", line 1538, in _execute_child
    hp, ht, pid, tid = _winapi.CreateProcess(executable, args,
                       ^^^^^^^^^^^^^^^^^^^^^^^^^^^^^^^^^^^^^^^
FileNotFoundError: [WinError 2] The system cannot find the file specified
265013 INFO: Executing: strip C:\Users\Dean\AppData\Local\pyinstaller\bincache10py31164bit\pydantic_core\_pydantic_core.cp311-win_amd64.pyd
265015 WARNING: Failed to run strip on 'C:\\Users\\Dean\\AppData\\Local\\pyinstaller\\bincache10py31164bit\\pydantic_core\\_pydantic_core.cp311-win_amd64.pyd'!
Traceback (most recent call last):
  File "C:\Users\Dean\source\repos\deanable\synapic.net\build\_python\win-x64-cuda\python\Lib\site-packages\PyInstaller\building\utils.py", line 250, in process_collected_binary
    p = subprocess.run(
        ^^^^^^^^^^^^^^^
  File "C:\Users\Dean\source\repos\deanable\synapic.net\build\_python\win-x64-cuda\python\Lib\subprocess.py", line 548, in run
    with Popen(*popenargs, **kwargs) as process:
         ^^^^^^^^^^^^^^^^^^^^^^^^^^^
  File "C:\Users\Dean\source\repos\deanable\synapic.net\build\_python\win-x64-cuda\python\Lib\subprocess.py", line 1026, in __init__
    self._execute_child(args, executable, preexec_fn, close_fds,
  File "C:\Users\Dean\source\repos\deanable\synapic.net\build\_python\win-x64-cuda\python\Lib\subprocess.py", line 1538, in _execute_child
    hp, ht, pid, tid = _winapi.CreateProcess(executable, args,
                       ^^^^^^^^^^^^^^^^^^^^^^^^^^^^^^^^^^^^^^^
FileNotFoundError: [WinError 2] The system cannot find the file specified
265027 INFO: Executing: strip C:\Users\Dean\AppData\Local\pyinstaller\bincache10py31164bit\google\_upb\_message.pyd
265027 WARNING: Failed to run strip on 'C:\\Users\\Dean\\AppData\\Local\\pyinstaller\\bincache10py31164bit\\google\\_upb\\_message.pyd'!
Traceback (most recent call last):
  File "C:\Users\Dean\source\repos\deanable\synapic.net\build\_python\win-x64-cuda\python\Lib\site-packages\PyInstaller\building\utils.py", line 250, in process_collected_binary
    p = subprocess.run(
        ^^^^^^^^^^^^^^^
  File "C:\Users\Dean\source\repos\deanable\synapic.net\build\_python\win-x64-cuda\python\Lib\subprocess.py", line 548, in run
    with Popen(*popenargs, **kwargs) as process:
         ^^^^^^^^^^^^^^^^^^^^^^^^^^^
  File "C:\Users\Dean\source\repos\deanable\synapic.net\build\_python\win-x64-cuda\python\Lib\subprocess.py", line 1026, in __init__
    self._execute_child(args, executable, preexec_fn, close_fds,
  File "C:\Users\Dean\source\repos\deanable\synapic.net\build\_python\win-x64-cuda\python\Lib\subprocess.py", line 1538, in _execute_child
    hp, ht, pid, tid = _winapi.CreateProcess(executable, args,
                       ^^^^^^^^^^^^^^^^^^^^^^^^^^^^^^^^^^^^^^^
FileNotFoundError: [WinError 2] The system cannot find the file specified
265033 INFO: Executing: strip C:\Users\Dean\AppData\Local\pyinstaller\bincache10py31164bit\_sqlite3.pyd
265034 WARNING: Failed to run strip on 'C:\\Users\\Dean\\AppData\\Local\\pyinstaller\\bincache10py31164bit\\_sqlite3.pyd'!
Traceback (most recent call last):
  File "C:\Users\Dean\source\repos\deanable\synapic.net\build\_python\win-x64-cuda\python\Lib\site-packages\PyInstaller\building\utils.py", line 250, in process_collected_binary
    p = subprocess.run(
        ^^^^^^^^^^^^^^^
  File "C:\Users\Dean\source\repos\deanable\synapic.net\build\_python\win-x64-cuda\python\Lib\subprocess.py", line 548, in run
    with Popen(*popenargs, **kwargs) as process:
         ^^^^^^^^^^^^^^^^^^^^^^^^^^^
  File "C:\Users\Dean\source\repos\deanable\synapic.net\build\_python\win-x64-cuda\python\Lib\subprocess.py", line 1026, in __init__
    self._execute_child(args, executable, preexec_fn, close_fds,
  File "C:\Users\Dean\source\repos\deanable\synapic.net\build\_python\win-x64-cuda\python\Lib\subprocess.py", line 1538, in _execute_child
    hp, ht, pid, tid = _winapi.CreateProcess(executable, args,
                       ^^^^^^^^^^^^^^^^^^^^^^^^^^^^^^^^^^^^^^^
FileNotFoundError: [WinError 2] The system cannot find the file specified
265041 INFO: Executing: strip C:\Users\Dean\AppData\Local\pyinstaller\bincache10py31164bit\markupsafe\_speedups.cp311-win_amd64.pyd
265042 WARNING: Failed to run strip on 'C:\\Users\\Dean\\AppData\\Local\\pyinstaller\\bincache10py31164bit\\markupsafe\\_speedups.cp311-win_amd64.pyd'!
Traceback (most recent call last):
  File "C:\Users\Dean\source\repos\deanable\synapic.net\build\_python\win-x64-cuda\python\Lib\site-packages\PyInstaller\building\utils.py", line 250, in process_collected_binary
    p = subprocess.run(
        ^^^^^^^^^^^^^^^
  File "C:\Users\Dean\source\repos\deanable\synapic.net\build\_python\win-x64-cuda\python\Lib\subprocess.py", line 548, in run
    with Popen(*popenargs, **kwargs) as process:
         ^^^^^^^^^^^^^^^^^^^^^^^^^^^
  File "C:\Users\Dean\source\repos\deanable\synapic.net\build\_python\win-x64-cuda\python\Lib\subprocess.py", line 1026, in __init__
    self._execute_child(args, executable, preexec_fn, close_fds,
  File "C:\Users\Dean\source\repos\deanable\synapic.net\build\_python\win-x64-cuda\python\Lib\subprocess.py", line 1538, in _execute_child
    hp, ht, pid, tid = _winapi.CreateProcess(executable, args,
                       ^^^^^^^^^^^^^^^^^^^^^^^^^^^^^^^^^^^^^^^
FileNotFoundError: [WinError 2] The system cannot find the file specified
265050 INFO: Executing: strip C:\Users\Dean\AppData\Local\pyinstaller\bincache10py31164bit\torch\_C.cp311-win_amd64.pyd
265051 WARNING: Failed to run strip on 'C:\\Users\\Dean\\AppData\\Local\\pyinstaller\\bincache10py31164bit\\torch\\_C.cp311-win_amd64.pyd'!
Traceback (most recent call last):
  File "C:\Users\Dean\source\repos\deanable\synapic.net\build\_python\win-x64-cuda\python\Lib\site-packages\PyInstaller\building\utils.py", line 250, in process_collected_binary
    p = subprocess.run(
        ^^^^^^^^^^^^^^^
  File "C:\Users\Dean\source\repos\deanable\synapic.net\build\_python\win-x64-cuda\python\Lib\subprocess.py", line 548, in run
    with Popen(*popenargs, **kwargs) as process:
         ^^^^^^^^^^^^^^^^^^^^^^^^^^^
  File "C:\Users\Dean\source\repos\deanable\synapic.net\build\_python\win-x64-cuda\python\Lib\subprocess.py", line 1026, in __init__
    self._execute_child(args, executable, preexec_fn, close_fds,
  File "C:\Users\Dean\source\repos\deanable\synapic.net\build\_python\win-x64-cuda\python\Lib\subprocess.py", line 1538, in _execute_child
    hp, ht, pid, tid = _winapi.CreateProcess(executable, args,
                       ^^^^^^^^^^^^^^^^^^^^^^^^^^^^^^^^^^^^^^^
FileNotFoundError: [WinError 2] The system cannot find the file specified
265065 INFO: Executing: strip C:\Users\Dean\AppData\Local\pyinstaller\bincache10py31164bit\av\video\reformatter.pyd
265067 WARNING: Failed to run strip on 'C:\\Users\\Dean\\AppData\\Local\\pyinstaller\\bincache10py31164bit\\av\\video\\reformatter.pyd'!
Traceback (most recent call last):
  File "C:\Users\Dean\source\repos\deanable\synapic.net\build\_python\win-x64-cuda\python\Lib\site-packages\PyInstaller\building\utils.py", line 250, in process_collected_binary
    p = subprocess.run(
        ^^^^^^^^^^^^^^^
  File "C:\Users\Dean\source\repos\deanable\synapic.net\build\_python\win-x64-cuda\python\Lib\subprocess.py", line 548, in run
    with Popen(*popenargs, **kwargs) as process:
         ^^^^^^^^^^^^^^^^^^^^^^^^^^^
  File "C:\Users\Dean\source\repos\deanable\synapic.net\build\_python\win-x64-cuda\python\Lib\subprocess.py", line 1026, in __init__
    self._execute_child(args, executable, preexec_fn, close_fds,
  File "C:\Users\Dean\source\repos\deanable\synapic.net\build\_python\win-x64-cuda\python\Lib\subprocess.py", line 1538, in _execute_child
    hp, ht, pid, tid = _winapi.CreateProcess(executable, args,
                       ^^^^^^^^^^^^^^^^^^^^^^^^^^^^^^^^^^^^^^^
FileNotFoundError: [WinError 2] The system cannot find the file specified
265076 INFO: Executing: strip C:\Users\Dean\AppData\Local\pyinstaller\bincache10py31164bit\av\video\plane.pyd
265078 WARNING: Failed to run strip on 'C:\\Users\\Dean\\AppData\\Local\\pyinstaller\\bincache10py31164bit\\av\\video\\plane.pyd'!
Traceback (most recent call last):
  File "C:\Users\Dean\source\repos\deanable\synapic.net\build\_python\win-x64-cuda\python\Lib\site-packages\PyInstaller\building\utils.py", line 250, in process_collected_binary
    p = subprocess.run(
        ^^^^^^^^^^^^^^^
  File "C:\Users\Dean\source\repos\deanable\synapic.net\build\_python\win-x64-cuda\python\Lib\subprocess.py", line 548, in run
    with Popen(*popenargs, **kwargs) as process:
         ^^^^^^^^^^^^^^^^^^^^^^^^^^^
  File "C:\Users\Dean\source\repos\deanable\synapic.net\build\_python\win-x64-cuda\python\Lib\subprocess.py", line 1026, in __init__
    self._execute_child(args, executable, preexec_fn, close_fds,
  File "C:\Users\Dean\source\repos\deanable\synapic.net\build\_python\win-x64-cuda\python\Lib\subprocess.py", line 1538, in _execute_child
    hp, ht, pid, tid = _winapi.CreateProcess(executable, args,
                       ^^^^^^^^^^^^^^^^^^^^^^^^^^^^^^^^^^^^^^^
FileNotFoundError: [WinError 2] The system cannot find the file specified
265083 INFO: Executing: strip C:\Users\Dean\AppData\Local\pyinstaller\bincache10py31164bit\av\utils.pyd
265084 WARNING: Failed to run strip on 'C:\\Users\\Dean\\AppData\\Local\\pyinstaller\\bincache10py31164bit\\av\\utils.pyd'!
Traceback (most recent call last):
  File "C:\Users\Dean\source\repos\deanable\synapic.net\build\_python\win-x64-cuda\python\Lib\site-packages\PyInstaller\building\utils.py", line 250, in process_collected_binary
    p = subprocess.run(
        ^^^^^^^^^^^^^^^
  File "C:\Users\Dean\source\repos\deanable\synapic.net\build\_python\win-x64-cuda\python\Lib\subprocess.py", line 548, in run
    with Popen(*popenargs, **kwargs) as process:
         ^^^^^^^^^^^^^^^^^^^^^^^^^^^
  File "C:\Users\Dean\source\repos\deanable\synapic.net\build\_python\win-x64-cuda\python\Lib\subprocess.py", line 1026, in __init__
    self._execute_child(args, executable, preexec_fn, close_fds,
  File "C:\Users\Dean\source\repos\deanable\synapic.net\build\_python\win-x64-cuda\python\Lib\subprocess.py", line 1538, in _execute_child
    hp, ht, pid, tid = _winapi.CreateProcess(executable, args,
                       ^^^^^^^^^^^^^^^^^^^^^^^^^^^^^^^^^^^^^^^
FileNotFoundError: [WinError 2] The system cannot find the file specified
265088 INFO: Executing: strip C:\Users\Dean\AppData\Local\pyinstaller\bincache10py31164bit\av\subtitles\subtitle.pyd
265089 WARNING: Failed to run strip on 'C:\\Users\\Dean\\AppData\\Local\\pyinstaller\\bincache10py31164bit\\av\\subtitles\\subtitle.pyd'!
Traceback (most recent call last):
  File "C:\Users\Dean\source\repos\deanable\synapic.net\build\_python\win-x64-cuda\python\Lib\site-packages\PyInstaller\building\utils.py", line 250, in process_collected_binary
    p = subprocess.run(
        ^^^^^^^^^^^^^^^
  File "C:\Users\Dean\source\repos\deanable\synapic.net\build\_python\win-x64-cuda\python\Lib\subprocess.py", line 548, in run
    with Popen(*popenargs, **kwargs) as process:
         ^^^^^^^^^^^^^^^^^^^^^^^^^^^
  File "C:\Users\Dean\source\repos\deanable\synapic.net\build\_python\win-x64-cuda\python\Lib\subprocess.py", line 1026, in __init__
    self._execute_child(args, executable, preexec_fn, close_fds,
  File "C:\Users\Dean\source\repos\deanable\synapic.net\build\_python\win-x64-cuda\python\Lib\subprocess.py", line 1538, in _execute_child
    hp, ht, pid, tid = _winapi.CreateProcess(executable, args,
                       ^^^^^^^^^^^^^^^^^^^^^^^^^^^^^^^^^^^^^^^
FileNotFoundError: [WinError 2] The system cannot find the file specified
265093 INFO: Executing: strip C:\Users\Dean\AppData\Local\pyinstaller\bincache10py31164bit\av\subtitles\stream.pyd
265093 WARNING: Failed to run strip on 'C:\\Users\\Dean\\AppData\\Local\\pyinstaller\\bincache10py31164bit\\av\\subtitles\\stream.pyd'!
Traceback (most recent call last):
  File "C:\Users\Dean\source\repos\deanable\synapic.net\build\_python\win-x64-cuda\python\Lib\site-packages\PyInstaller\building\utils.py", line 250, in process_collected_binary
    p = subprocess.run(
        ^^^^^^^^^^^^^^^
  File "C:\Users\Dean\source\repos\deanable\synapic.net\build\_python\win-x64-cuda\python\Lib\subprocess.py", line 548, in run
    with Popen(*popenargs, **kwargs) as process:
         ^^^^^^^^^^^^^^^^^^^^^^^^^^^
  File "C:\Users\Dean\source\repos\deanable\synapic.net\build\_python\win-x64-cuda\python\Lib\subprocess.py", line 1026, in __init__
    self._execute_child(args, executable, preexec_fn, close_fds,
  File "C:\Users\Dean\source\repos\deanable\synapic.net\build\_python\win-x64-cuda\python\Lib\subprocess.py", line 1538, in _execute_child
    hp, ht, pid, tid = _winapi.CreateProcess(executable, args,
                       ^^^^^^^^^^^^^^^^^^^^^^^^^^^^^^^^^^^^^^^
FileNotFoundError: [WinError 2] The system cannot find the file specified
265098 INFO: Executing: strip C:\Users\Dean\AppData\Local\pyinstaller\bincache10py31164bit\av\subtitles\codeccontext.pyd
265098 WARNING: Failed to run strip on 'C:\\Users\\Dean\\AppData\\Local\\pyinstaller\\bincache10py31164bit\\av\\subtitles\\codeccontext.pyd'!
Traceback (most recent call last):
  File "C:\Users\Dean\source\repos\deanable\synapic.net\build\_python\win-x64-cuda\python\Lib\site-packages\PyInstaller\building\utils.py", line 250, in process_collected_binary
    p = subprocess.run(
        ^^^^^^^^^^^^^^^
  File "C:\Users\Dean\source\repos\deanable\synapic.net\build\_python\win-x64-cuda\python\Lib\subprocess.py", line 548, in run
    with Popen(*popenargs, **kwargs) as process:
         ^^^^^^^^^^^^^^^^^^^^^^^^^^^
  File "C:\Users\Dean\source\repos\deanable\synapic.net\build\_python\win-x64-cuda\python\Lib\subprocess.py", line 1026, in __init__
    self._execute_child(args, executable, preexec_fn, close_fds,
  File "C:\Users\Dean\source\repos\deanable\synapic.net\build\_python\win-x64-cuda\python\Lib\subprocess.py", line 1538, in _execute_child
    hp, ht, pid, tid = _winapi.CreateProcess(executable, args,
                       ^^^^^^^^^^^^^^^^^^^^^^^^^^^^^^^^^^^^^^^
FileNotFoundError: [WinError 2] The system cannot find the file specified
265103 INFO: Executing: strip C:\Users\Dean\AppData\Local\pyinstaller\bincache10py31164bit\av\stream.pyd
265103 WARNING: Failed to run strip on 'C:\\Users\\Dean\\AppData\\Local\\pyinstaller\\bincache10py31164bit\\av\\stream.pyd'!
Traceback (most recent call last):
  File "C:\Users\Dean\source\repos\deanable\synapic.net\build\_python\win-x64-cuda\python\Lib\site-packages\PyInstaller\building\utils.py", line 250, in process_collected_binary
    p = subprocess.run(
        ^^^^^^^^^^^^^^^
  File "C:\Users\Dean\source\repos\deanable\synapic.net\build\_python\win-x64-cuda\python\Lib\subprocess.py", line 548, in run
    with Popen(*popenargs, **kwargs) as process:
         ^^^^^^^^^^^^^^^^^^^^^^^^^^^
  File "C:\Users\Dean\source\repos\deanable\synapic.net\build\_python\win-x64-cuda\python\Lib\subprocess.py", line 1026, in __init__
    self._execute_child(args, executable, preexec_fn, close_fds,
  File "C:\Users\Dean\source\repos\deanable\synapic.net\build\_python\win-x64-cuda\python\Lib\subprocess.py", line 1538, in _execute_child
    hp, ht, pid, tid = _winapi.CreateProcess(executable, args,
                       ^^^^^^^^^^^^^^^^^^^^^^^^^^^^^^^^^^^^^^^
FileNotFoundError: [WinError 2] The system cannot find the file specified
265108 INFO: Executing: strip C:\Users\Dean\AppData\Local\pyinstaller\bincache10py31164bit\av\sidedata\sidedata.pyd
265109 WARNING: Failed to run strip on 'C:\\Users\\Dean\\AppData\\Local\\pyinstaller\\bincache10py31164bit\\av\\sidedata\\sidedata.pyd'!
Traceback (most recent call last):
  File "C:\Users\Dean\source\repos\deanable\synapic.net\build\_python\win-x64-cuda\python\Lib\site-packages\PyInstaller\building\utils.py", line 250, in process_collected_binary
    p = subprocess.run(
        ^^^^^^^^^^^^^^^
  File "C:\Users\Dean\source\repos\deanable\synapic.net\build\_python\win-x64-cuda\python\Lib\subprocess.py", line 548, in run
    with Popen(*popenargs, **kwargs) as process:
         ^^^^^^^^^^^^^^^^^^^^^^^^^^^
  File "C:\Users\Dean\source\repos\deanable\synapic.net\build\_python\win-x64-cuda\python\Lib\subprocess.py", line 1026, in __init__
    self._execute_child(args, executable, preexec_fn, close_fds,
  File "C:\Users\Dean\source\repos\deanable\synapic.net\build\_python\win-x64-cuda\python\Lib\subprocess.py", line 1538, in _execute_child
    hp, ht, pid, tid = _winapi.CreateProcess(executable, args,
                       ^^^^^^^^^^^^^^^^^^^^^^^^^^^^^^^^^^^^^^^
FileNotFoundError: [WinError 2] The system cannot find the file specified
265112 INFO: Executing: strip C:\Users\Dean\AppData\Local\pyinstaller\bincache10py31164bit\av\sidedata\motionvectors.pyd
265114 WARNING: Failed to run strip on 'C:\\Users\\Dean\\AppData\\Local\\pyinstaller\\bincache10py31164bit\\av\\sidedata\\motionvectors.pyd'!
Traceback (most recent call last):
  File "C:\Users\Dean\source\repos\deanable\synapic.net\build\_python\win-x64-cuda\python\Lib\site-packages\PyInstaller\building\utils.py", line 250, in process_collected_binary
    p = subprocess.run(
        ^^^^^^^^^^^^^^^
  File "C:\Users\Dean\source\repos\deanable\synapic.net\build\_python\win-x64-cuda\python\Lib\subprocess.py", line 548, in run
    with Popen(*popenargs, **kwargs) as process:
         ^^^^^^^^^^^^^^^^^^^^^^^^^^^
  File "C:\Users\Dean\source\repos\deanable\synapic.net\build\_python\win-x64-cuda\python\Lib\subprocess.py", line 1026, in __init__
    self._execute_child(args, executable, preexec_fn, close_fds,
  File "C:\Users\Dean\source\repos\deanable\synapic.net\build\_python\win-x64-cuda\python\Lib\subprocess.py", line 1538, in _execute_child
    hp, ht, pid, tid = _winapi.CreateProcess(executable, args,
                       ^^^^^^^^^^^^^^^^^^^^^^^^^^^^^^^^^^^^^^^
FileNotFoundError: [WinError 2] The system cannot find the file specified
265621 INFO: Executing: strip C:\Users\Dean\AppData\Local\pyinstaller\bincache10py31164bit\av\sidedata\encparams.pyd
265627 WARNING: Failed to run strip on 'C:\\Users\\Dean\\AppData\\Local\\pyinstaller\\bincache10py31164bit\\av\\sidedata\\encparams.pyd'!
Traceback (most recent call last):
  File "C:\Users\Dean\source\repos\deanable\synapic.net\build\_python\win-x64-cuda\python\Lib\site-packages\PyInstaller\building\utils.py", line 250, in process_collected_binary
    p = subprocess.run(
        ^^^^^^^^^^^^^^^
  File "C:\Users\Dean\source\repos\deanable\synapic.net\build\_python\win-x64-cuda\python\Lib\subprocess.py", line 548, in run
    with Popen(*popenargs, **kwargs) as process:
         ^^^^^^^^^^^^^^^^^^^^^^^^^^^
  File "C:\Users\Dean\source\repos\deanable\synapic.net\build\_python\win-x64-cuda\python\Lib\subprocess.py", line 1026, in __init__
    self._execute_child(args, executable, preexec_fn, close_fds,
  File "C:\Users\Dean\source\repos\deanable\synapic.net\build\_python\win-x64-cuda\python\Lib\subprocess.py", line 1538, in _execute_child
    hp, ht, pid, tid = _winapi.CreateProcess(executable, args,
                       ^^^^^^^^^^^^^^^^^^^^^^^^^^^^^^^^^^^^^^^
FileNotFoundError: [WinError 2] The system cannot find the file specified
266742 INFO: Executing: strip C:\Users\Dean\AppData\Local\pyinstaller\bincache10py31164bit\av\plane.pyd
266747 WARNING: Failed to run strip on 'C:\\Users\\Dean\\AppData\\Local\\pyinstaller\\bincache10py31164bit\\av\\plane.pyd'!
Traceback (most recent call last):
  File "C:\Users\Dean\source\repos\deanable\synapic.net\build\_python\win-x64-cuda\python\Lib\site-packages\PyInstaller\building\utils.py", line 250, in process_collected_binary
    p = subprocess.run(
        ^^^^^^^^^^^^^^^
  File "C:\Users\Dean\source\repos\deanable\synapic.net\build\_python\win-x64-cuda\python\Lib\subprocess.py", line 548, in run
    with Popen(*popenargs, **kwargs) as process:
         ^^^^^^^^^^^^^^^^^^^^^^^^^^^
  File "C:\Users\Dean\source\repos\deanable\synapic.net\build\_python\win-x64-cuda\python\Lib\subprocess.py", line 1026, in __init__
    self._execute_child(args, executable, preexec_fn, close_fds,
  File "C:\Users\Dean\source\repos\deanable\synapic.net\build\_python\win-x64-cuda\python\Lib\subprocess.py", line 1538, in _execute_child
    hp, ht, pid, tid = _winapi.CreateProcess(executable, args,
                       ^^^^^^^^^^^^^^^^^^^^^^^^^^^^^^^^^^^^^^^
FileNotFoundError: [WinError 2] The system cannot find the file specified
266889 INFO: Executing: strip C:\Users\Dean\AppData\Local\pyinstaller\bincache10py31164bit\av\opaque.pyd
266895 WARNING: Failed to run strip on 'C:\\Users\\Dean\\AppData\\Local\\pyinstaller\\bincache10py31164bit\\av\\opaque.pyd'!
Traceback (most recent call last):
  File "C:\Users\Dean\source\repos\deanable\synapic.net\build\_python\win-x64-cuda\python\Lib\site-packages\PyInstaller\building\utils.py", line 250, in process_collected_binary
    p = subprocess.run(
        ^^^^^^^^^^^^^^^
  File "C:\Users\Dean\source\repos\deanable\synapic.net\build\_python\win-x64-cuda\python\Lib\subprocess.py", line 548, in run
    with Popen(*popenargs, **kwargs) as process:
         ^^^^^^^^^^^^^^^^^^^^^^^^^^^
  File "C:\Users\Dean\source\repos\deanable\synapic.net\build\_python\win-x64-cuda\python\Lib\subprocess.py", line 1026, in __init__
    self._execute_child(args, executable, preexec_fn, close_fds,
  File "C:\Users\Dean\source\repos\deanable\synapic.net\build\_python\win-x64-cuda\python\Lib\subprocess.py", line 1538, in _execute_child
    hp, ht, pid, tid = _winapi.CreateProcess(executable, args,
                       ^^^^^^^^^^^^^^^^^^^^^^^^^^^^^^^^^^^^^^^
FileNotFoundError: [WinError 2] The system cannot find the file specified
267041 INFO: Executing: strip C:\Users\Dean\AppData\Local\pyinstaller\bincache10py31164bit\av\index.pyd
267045 WARNING: Failed to run strip on 'C:\\Users\\Dean\\AppData\\Local\\pyinstaller\\bincache10py31164bit\\av\\index.pyd'!
Traceback (most recent call last):
  File "C:\Users\Dean\source\repos\deanable\synapic.net\build\_python\win-x64-cuda\python\Lib\site-packages\PyInstaller\building\utils.py", line 250, in process_collected_binary
    p = subprocess.run(
        ^^^^^^^^^^^^^^^
  File "C:\Users\Dean\source\repos\deanable\synapic.net\build\_python\win-x64-cuda\python\Lib\subprocess.py", line 548, in run
    with Popen(*popenargs, **kwargs) as process:
         ^^^^^^^^^^^^^^^^^^^^^^^^^^^
  File "C:\Users\Dean\source\repos\deanable\synapic.net\build\_python\win-x64-cuda\python\Lib\subprocess.py", line 1026, in __init__
    self._execute_child(args, executable, preexec_fn, close_fds,
  File "C:\Users\Dean\source\repos\deanable\synapic.net\build\_python\win-x64-cuda\python\Lib\subprocess.py", line 1538, in _execute_child
    hp, ht, pid, tid = _winapi.CreateProcess(executable, args,
                       ^^^^^^^^^^^^^^^^^^^^^^^^^^^^^^^^^^^^^^^
FileNotFoundError: [WinError 2] The system cannot find the file specified
267059 INFO: Executing: strip C:\Users\Dean\AppData\Local\pyinstaller\bincache10py31164bit\av\frame.pyd
267060 WARNING: Failed to run strip on 'C:\\Users\\Dean\\AppData\\Local\\pyinstaller\\bincache10py31164bit\\av\\frame.pyd'!
Traceback (most recent call last):
  File "C:\Users\Dean\source\repos\deanable\synapic.net\build\_python\win-x64-cuda\python\Lib\site-packages\PyInstaller\building\utils.py", line 250, in process_collected_binary
    p = subprocess.run(
        ^^^^^^^^^^^^^^^
  File "C:\Users\Dean\source\repos\deanable\synapic.net\build\_python\win-x64-cuda\python\Lib\subprocess.py", line 548, in run
    with Popen(*popenargs, **kwargs) as process:
         ^^^^^^^^^^^^^^^^^^^^^^^^^^^
  File "C:\Users\Dean\source\repos\deanable\synapic.net\build\_python\win-x64-cuda\python\Lib\subprocess.py", line 1026, in __init__
    self._execute_child(args, executable, preexec_fn, close_fds,
  File "C:\Users\Dean\source\repos\deanable\synapic.net\build\_python\win-x64-cuda\python\Lib\subprocess.py", line 1538, in _execute_child
    hp, ht, pid, tid = _winapi.CreateProcess(executable, args,
                       ^^^^^^^^^^^^^^^^^^^^^^^^^^^^^^^^^^^^^^^
FileNotFoundError: [WinError 2] The system cannot find the file specified
267188 INFO: Executing: strip C:\Users\Dean\AppData\Local\pyinstaller\bincache10py31164bit\av\filter\loudnorm.pyd
267193 WARNING: Failed to run strip on 'C:\\Users\\Dean\\AppData\\Local\\pyinstaller\\bincache10py31164bit\\av\\filter\\loudnorm.pyd'!
Traceback (most recent call last):
  File "C:\Users\Dean\source\repos\deanable\synapic.net\build\_python\win-x64-cuda\python\Lib\site-packages\PyInstaller\building\utils.py", line 250, in process_collected_binary
    p = subprocess.run(
        ^^^^^^^^^^^^^^^
  File "C:\Users\Dean\source\repos\deanable\synapic.net\build\_python\win-x64-cuda\python\Lib\subprocess.py", line 548, in run
    with Popen(*popenargs, **kwargs) as process:
         ^^^^^^^^^^^^^^^^^^^^^^^^^^^
  File "C:\Users\Dean\source\repos\deanable\synapic.net\build\_python\win-x64-cuda\python\Lib\subprocess.py", line 1026, in __init__
    self._execute_child(args, executable, preexec_fn, close_fds,
  File "C:\Users\Dean\source\repos\deanable\synapic.net\build\_python\win-x64-cuda\python\Lib\subprocess.py", line 1538, in _execute_child
    hp, ht, pid, tid = _winapi.CreateProcess(executable, args,
                       ^^^^^^^^^^^^^^^^^^^^^^^^^^^^^^^^^^^^^^^
FileNotFoundError: [WinError 2] The system cannot find the file specified
267545 INFO: Executing: strip C:\Users\Dean\AppData\Local\pyinstaller\bincache10py31164bit\av\filter\link.pyd
267548 WARNING: Failed to run strip on 'C:\\Users\\Dean\\AppData\\Local\\pyinstaller\\bincache10py31164bit\\av\\filter\\link.pyd'!
Traceback (most recent call last):
  File "C:\Users\Dean\source\repos\deanable\synapic.net\build\_python\win-x64-cuda\python\Lib\site-packages\PyInstaller\building\utils.py", line 250, in process_collected_binary
    p = subprocess.run(
        ^^^^^^^^^^^^^^^
  File "C:\Users\Dean\source\repos\deanable\synapic.net\build\_python\win-x64-cuda\python\Lib\subprocess.py", line 548, in run
    with Popen(*popenargs, **kwargs) as process:
         ^^^^^^^^^^^^^^^^^^^^^^^^^^^
  File "C:\Users\Dean\source\repos\deanable\synapic.net\build\_python\win-x64-cuda\python\Lib\subprocess.py", line 1026, in __init__
    self._execute_child(args, executable, preexec_fn, close_fds,
  File "C:\Users\Dean\source\repos\deanable\synapic.net\build\_python\win-x64-cuda\python\Lib\subprocess.py", line 1538, in _execute_child
    hp, ht, pid, tid = _winapi.CreateProcess(executable, args,
                       ^^^^^^^^^^^^^^^^^^^^^^^^^^^^^^^^^^^^^^^
FileNotFoundError: [WinError 2] The system cannot find the file specified
267565 INFO: Executing: strip C:\Users\Dean\AppData\Local\pyinstaller\bincache10py31164bit\av\filter\graph.pyd
267568 WARNING: Failed to run strip on 'C:\\Users\\Dean\\AppData\\Local\\pyinstaller\\bincache10py31164bit\\av\\filter\\graph.pyd'!
Traceback (most recent call last):
  File "C:\Users\Dean\source\repos\deanable\synapic.net\build\_python\win-x64-cuda\python\Lib\site-packages\PyInstaller\building\utils.py", line 250, in process_collected_binary
    p = subprocess.run(
        ^^^^^^^^^^^^^^^
  File "C:\Users\Dean\source\repos\deanable\synapic.net\build\_python\win-x64-cuda\python\Lib\subprocess.py", line 548, in run
    with Popen(*popenargs, **kwargs) as process:
         ^^^^^^^^^^^^^^^^^^^^^^^^^^^
  File "C:\Users\Dean\source\repos\deanable\synapic.net\build\_python\win-x64-cuda\python\Lib\subprocess.py", line 1026, in __init__
    self._execute_child(args, executable, preexec_fn, close_fds,
  File "C:\Users\Dean\source\repos\deanable\synapic.net\build\_python\win-x64-cuda\python\Lib\subprocess.py", line 1538, in _execute_child
    hp, ht, pid, tid = _winapi.CreateProcess(executable, args,
                       ^^^^^^^^^^^^^^^^^^^^^^^^^^^^^^^^^^^^^^^
FileNotFoundError: [WinError 2] The system cannot find the file specified
267585 INFO: Executing: strip C:\Users\Dean\AppData\Local\pyinstaller\bincache10py31164bit\av\filter\filter.pyd
267588 WARNING: Failed to run strip on 'C:\\Users\\Dean\\AppData\\Local\\pyinstaller\\bincache10py31164bit\\av\\filter\\filter.pyd'!
Traceback (most recent call last):
  File "C:\Users\Dean\source\repos\deanable\synapic.net\build\_python\win-x64-cuda\python\Lib\site-packages\PyInstaller\building\utils.py", line 250, in process_collected_binary
    p = subprocess.run(
        ^^^^^^^^^^^^^^^
  File "C:\Users\Dean\source\repos\deanable\synapic.net\build\_python\win-x64-cuda\python\Lib\subprocess.py", line 548, in run
    with Popen(*popenargs, **kwargs) as process:
         ^^^^^^^^^^^^^^^^^^^^^^^^^^^
  File "C:\Users\Dean\source\repos\deanable\synapic.net\build\_python\win-x64-cuda\python\Lib\subprocess.py", line 1026, in __init__
    self._execute_child(args, executable, preexec_fn, close_fds,
  File "C:\Users\Dean\source\repos\deanable\synapic.net\build\_python\win-x64-cuda\python\Lib\subprocess.py", line 1538, in _execute_child
    hp, ht, pid, tid = _winapi.CreateProcess(executable, args,
                       ^^^^^^^^^^^^^^^^^^^^^^^^^^^^^^^^^^^^^^^
FileNotFoundError: [WinError 2] The system cannot find the file specified
267601 INFO: Executing: strip C:\Users\Dean\AppData\Local\pyinstaller\bincache10py31164bit\av\filter\context.pyd
267602 WARNING: Failed to run strip on 'C:\\Users\\Dean\\AppData\\Local\\pyinstaller\\bincache10py31164bit\\av\\filter\\context.pyd'!
Traceback (most recent call last):
  File "C:\Users\Dean\source\repos\deanable\synapic.net\build\_python\win-x64-cuda\python\Lib\site-packages\PyInstaller\building\utils.py", line 250, in process_collected_binary
    p = subprocess.run(
        ^^^^^^^^^^^^^^^
  File "C:\Users\Dean\source\repos\deanable\synapic.net\build\_python\win-x64-cuda\python\Lib\subprocess.py", line 548, in run
    with Popen(*popenargs, **kwargs) as process:
         ^^^^^^^^^^^^^^^^^^^^^^^^^^^
  File "C:\Users\Dean\source\repos\deanable\synapic.net\build\_python\win-x64-cuda\python\Lib\subprocess.py", line 1026, in __init__
    self._execute_child(args, executable, preexec_fn, close_fds,
  File "C:\Users\Dean\source\repos\deanable\synapic.net\build\_python\win-x64-cuda\python\Lib\subprocess.py", line 1538, in _execute_child
    hp, ht, pid, tid = _winapi.CreateProcess(executable, args,
                       ^^^^^^^^^^^^^^^^^^^^^^^^^^^^^^^^^^^^^^^
FileNotFoundError: [WinError 2] The system cannot find the file specified
267607 INFO: Executing: strip C:\Users\Dean\AppData\Local\pyinstaller\bincache10py31164bit\av\dictionary.pyd
267609 WARNING: Failed to run strip on 'C:\\Users\\Dean\\AppData\\Local\\pyinstaller\\bincache10py31164bit\\av\\dictionary.pyd'!
Traceback (most recent call last):
  File "C:\Users\Dean\source\repos\deanable\synapic.net\build\_python\win-x64-cuda\python\Lib\site-packages\PyInstaller\building\utils.py", line 250, in process_collected_binary
    p = subprocess.run(
        ^^^^^^^^^^^^^^^
  File "C:\Users\Dean\source\repos\deanable\synapic.net\build\_python\win-x64-cuda\python\Lib\subprocess.py", line 548, in run
    with Popen(*popenargs, **kwargs) as process:
         ^^^^^^^^^^^^^^^^^^^^^^^^^^^
  File "C:\Users\Dean\source\repos\deanable\synapic.net\build\_python\win-x64-cuda\python\Lib\subprocess.py", line 1026, in __init__
    self._execute_child(args, executable, preexec_fn, close_fds,
  File "C:\Users\Dean\source\repos\deanable\synapic.net\build\_python\win-x64-cuda\python\Lib\subprocess.py", line 1538, in _execute_child
    hp, ht, pid, tid = _winapi.CreateProcess(executable, args,
                       ^^^^^^^^^^^^^^^^^^^^^^^^^^^^^^^^^^^^^^^
FileNotFoundError: [WinError 2] The system cannot find the file specified
267613 INFO: Executing: strip C:\Users\Dean\AppData\Local\pyinstaller\bincache10py31164bit\av\container\streams.pyd
267614 WARNING: Failed to run strip on 'C:\\Users\\Dean\\AppData\\Local\\pyinstaller\\bincache10py31164bit\\av\\container\\streams.pyd'!
Traceback (most recent call last):
  File "C:\Users\Dean\source\repos\deanable\synapic.net\build\_python\win-x64-cuda\python\Lib\site-packages\PyInstaller\building\utils.py", line 250, in process_collected_binary
    p = subprocess.run(
        ^^^^^^^^^^^^^^^
  File "C:\Users\Dean\source\repos\deanable\synapic.net\build\_python\win-x64-cuda\python\Lib\subprocess.py", line 548, in run
    with Popen(*popenargs, **kwargs) as process:
         ^^^^^^^^^^^^^^^^^^^^^^^^^^^
  File "C:\Users\Dean\source\repos\deanable\synapic.net\build\_python\win-x64-cuda\python\Lib\subprocess.py", line 1026, in __init__
    self._execute_child(args, executable, preexec_fn, close_fds,
  File "C:\Users\Dean\source\repos\deanable\synapic.net\build\_python\win-x64-cuda\python\Lib\subprocess.py", line 1538, in _execute_child
    hp, ht, pid, tid = _winapi.CreateProcess(executable, args,
                       ^^^^^^^^^^^^^^^^^^^^^^^^^^^^^^^^^^^^^^^
FileNotFoundError: [WinError 2] The system cannot find the file specified
267621 INFO: Executing: strip C:\Users\Dean\AppData\Local\pyinstaller\bincache10py31164bit\av\container\pyio.pyd
267622 WARNING: Failed to run strip on 'C:\\Users\\Dean\\AppData\\Local\\pyinstaller\\bincache10py31164bit\\av\\container\\pyio.pyd'!
Traceback (most recent call last):
  File "C:\Users\Dean\source\repos\deanable\synapic.net\build\_python\win-x64-cuda\python\Lib\site-packages\PyInstaller\building\utils.py", line 250, in process_collected_binary
    p = subprocess.run(
        ^^^^^^^^^^^^^^^
  File "C:\Users\Dean\source\repos\deanable\synapic.net\build\_python\win-x64-cuda\python\Lib\subprocess.py", line 548, in run
    with Popen(*popenargs, **kwargs) as process:
         ^^^^^^^^^^^^^^^^^^^^^^^^^^^
  File "C:\Users\Dean\source\repos\deanable\synapic.net\build\_python\win-x64-cuda\python\Lib\subprocess.py", line 1026, in __init__
    self._execute_child(args, executable, preexec_fn, close_fds,
  File "C:\Users\Dean\source\repos\deanable\synapic.net\build\_python\win-x64-cuda\python\Lib\subprocess.py", line 1538, in _execute_child
    hp, ht, pid, tid = _winapi.CreateProcess(executable, args,
                       ^^^^^^^^^^^^^^^^^^^^^^^^^^^^^^^^^^^^^^^
FileNotFoundError: [WinError 2] The system cannot find the file specified
267627 INFO: Executing: strip C:\Users\Dean\AppData\Local\pyinstaller\bincache10py31164bit\av\container\output.pyd
267627 WARNING: Failed to run strip on 'C:\\Users\\Dean\\AppData\\Local\\pyinstaller\\bincache10py31164bit\\av\\container\\output.pyd'!
Traceback (most recent call last):
  File "C:\Users\Dean\source\repos\deanable\synapic.net\build\_python\win-x64-cuda\python\Lib\site-packages\PyInstaller\building\utils.py", line 250, in process_collected_binary
    p = subprocess.run(
        ^^^^^^^^^^^^^^^
  File "C:\Users\Dean\source\repos\deanable\synapic.net\build\_python\win-x64-cuda\python\Lib\subprocess.py", line 548, in run
    with Popen(*popenargs, **kwargs) as process:
         ^^^^^^^^^^^^^^^^^^^^^^^^^^^
  File "C:\Users\Dean\source\repos\deanable\synapic.net\build\_python\win-x64-cuda\python\Lib\subprocess.py", line 1026, in __init__
    self._execute_child(args, executable, preexec_fn, close_fds,
  File "C:\Users\Dean\source\repos\deanable\synapic.net\build\_python\win-x64-cuda\python\Lib\subprocess.py", line 1538, in _execute_child
    hp, ht, pid, tid = _winapi.CreateProcess(executable, args,
                       ^^^^^^^^^^^^^^^^^^^^^^^^^^^^^^^^^^^^^^^
FileNotFoundError: [WinError 2] The system cannot find the file specified
267633 INFO: Executing: strip C:\Users\Dean\AppData\Local\pyinstaller\bincache10py31164bit\av\container\input.pyd
267634 WARNING: Failed to run strip on 'C:\\Users\\Dean\\AppData\\Local\\pyinstaller\\bincache10py31164bit\\av\\container\\input.pyd'!
Traceback (most recent call last):
  File "C:\Users\Dean\source\repos\deanable\synapic.net\build\_python\win-x64-cuda\python\Lib\site-packages\PyInstaller\building\utils.py", line 250, in process_collected_binary
    p = subprocess.run(
        ^^^^^^^^^^^^^^^
  File "C:\Users\Dean\source\repos\deanable\synapic.net\build\_python\win-x64-cuda\python\Lib\subprocess.py", line 548, in run
    with Popen(*popenargs, **kwargs) as process:
         ^^^^^^^^^^^^^^^^^^^^^^^^^^^
  File "C:\Users\Dean\source\repos\deanable\synapic.net\build\_python\win-x64-cuda\python\Lib\subprocess.py", line 1026, in __init__
    self._execute_child(args, executable, preexec_fn, close_fds,
  File "C:\Users\Dean\source\repos\deanable\synapic.net\build\_python\win-x64-cuda\python\Lib\subprocess.py", line 1538, in _execute_child
    hp, ht, pid, tid = _winapi.CreateProcess(executable, args,
                       ^^^^^^^^^^^^^^^^^^^^^^^^^^^^^^^^^^^^^^^
FileNotFoundError: [WinError 2] The system cannot find the file specified
267641 INFO: Executing: strip C:\Users\Dean\AppData\Local\pyinstaller\bincache10py31164bit\av\container\core.pyd
267642 WARNING: Failed to run strip on 'C:\\Users\\Dean\\AppData\\Local\\pyinstaller\\bincache10py31164bit\\av\\container\\core.pyd'!
Traceback (most recent call last):
  File "C:\Users\Dean\source\repos\deanable\synapic.net\build\_python\win-x64-cuda\python\Lib\site-packages\PyInstaller\building\utils.py", line 250, in process_collected_binary
    p = subprocess.run(
        ^^^^^^^^^^^^^^^
  File "C:\Users\Dean\source\repos\deanable\synapic.net\build\_python\win-x64-cuda\python\Lib\subprocess.py", line 548, in run
    with Popen(*popenargs, **kwargs) as process:
         ^^^^^^^^^^^^^^^^^^^^^^^^^^^
  File "C:\Users\Dean\source\repos\deanable\synapic.net\build\_python\win-x64-cuda\python\Lib\subprocess.py", line 1026, in __init__
    self._execute_child(args, executable, preexec_fn, close_fds,
  File "C:\Users\Dean\source\repos\deanable\synapic.net\build\_python\win-x64-cuda\python\Lib\subprocess.py", line 1538, in _execute_child
    hp, ht, pid, tid = _winapi.CreateProcess(executable, args,
                       ^^^^^^^^^^^^^^^^^^^^^^^^^^^^^^^^^^^^^^^
FileNotFoundError: [WinError 2] The system cannot find the file specified
267648 INFO: Executing: strip C:\Users\Dean\AppData\Local\pyinstaller\bincache10py31164bit\av\codec\hwaccel.pyd
267649 WARNING: Failed to run strip on 'C:\\Users\\Dean\\AppData\\Local\\pyinstaller\\bincache10py31164bit\\av\\codec\\hwaccel.pyd'!
Traceback (most recent call last):
  File "C:\Users\Dean\source\repos\deanable\synapic.net\build\_python\win-x64-cuda\python\Lib\site-packages\PyInstaller\building\utils.py", line 250, in process_collected_binary
    p = subprocess.run(
        ^^^^^^^^^^^^^^^
  File "C:\Users\Dean\source\repos\deanable\synapic.net\build\_python\win-x64-cuda\python\Lib\subprocess.py", line 548, in run
    with Popen(*popenargs, **kwargs) as process:
         ^^^^^^^^^^^^^^^^^^^^^^^^^^^
  File "C:\Users\Dean\source\repos\deanable\synapic.net\build\_python\win-x64-cuda\python\Lib\subprocess.py", line 1026, in __init__
    self._execute_child(args, executable, preexec_fn, close_fds,
  File "C:\Users\Dean\source\repos\deanable\synapic.net\build\_python\win-x64-cuda\python\Lib\subprocess.py", line 1538, in _execute_child
    hp, ht, pid, tid = _winapi.CreateProcess(executable, args,
                       ^^^^^^^^^^^^^^^^^^^^^^^^^^^^^^^^^^^^^^^
FileNotFoundError: [WinError 2] The system cannot find the file specified
267767 INFO: Executing: strip C:\Users\Dean\AppData\Local\pyinstaller\bincache10py31164bit\av\buffer.pyd
267772 WARNING: Failed to run strip on 'C:\\Users\\Dean\\AppData\\Local\\pyinstaller\\bincache10py31164bit\\av\\buffer.pyd'!
Traceback (most recent call last):
  File "C:\Users\Dean\source\repos\deanable\synapic.net\build\_python\win-x64-cuda\python\Lib\site-packages\PyInstaller\building\utils.py", line 250, in process_collected_binary
    p = subprocess.run(
        ^^^^^^^^^^^^^^^
  File "C:\Users\Dean\source\repos\deanable\synapic.net\build\_python\win-x64-cuda\python\Lib\subprocess.py", line 548, in run
    with Popen(*popenargs, **kwargs) as process:
         ^^^^^^^^^^^^^^^^^^^^^^^^^^^
  File "C:\Users\Dean\source\repos\deanable\synapic.net\build\_python\win-x64-cuda\python\Lib\subprocess.py", line 1026, in __init__
    self._execute_child(args, executable, preexec_fn, close_fds,
  File "C:\Users\Dean\source\repos\deanable\synapic.net\build\_python\win-x64-cuda\python\Lib\subprocess.py", line 1538, in _execute_child
    hp, ht, pid, tid = _winapi.CreateProcess(executable, args,
                       ^^^^^^^^^^^^^^^^^^^^^^^^^^^^^^^^^^^^^^^
FileNotFoundError: [WinError 2] The system cannot find the file specified
267784 INFO: Executing: strip C:\Users\Dean\AppData\Local\pyinstaller\bincache10py31164bit\av\audio\plane.pyd
267785 WARNING: Failed to run strip on 'C:\\Users\\Dean\\AppData\\Local\\pyinstaller\\bincache10py31164bit\\av\\audio\\plane.pyd'!
Traceback (most recent call last):
  File "C:\Users\Dean\source\repos\deanable\synapic.net\build\_python\win-x64-cuda\python\Lib\site-packages\PyInstaller\building\utils.py", line 250, in process_collected_binary
    p = subprocess.run(
        ^^^^^^^^^^^^^^^
  File "C:\Users\Dean\source\repos\deanable\synapic.net\build\_python\win-x64-cuda\python\Lib\subprocess.py", line 548, in run
    with Popen(*popenargs, **kwargs) as process:
         ^^^^^^^^^^^^^^^^^^^^^^^^^^^
  File "C:\Users\Dean\source\repos\deanable\synapic.net\build\_python\win-x64-cuda\python\Lib\subprocess.py", line 1026, in __init__
    self._execute_child(args, executable, preexec_fn, close_fds,
  File "C:\Users\Dean\source\repos\deanable\synapic.net\build\_python\win-x64-cuda\python\Lib\subprocess.py", line 1538, in _execute_child
    hp, ht, pid, tid = _winapi.CreateProcess(executable, args,
                       ^^^^^^^^^^^^^^^^^^^^^^^^^^^^^^^^^^^^^^^
FileNotFoundError: [WinError 2] The system cannot find the file specified
267799 INFO: Executing: strip C:\Users\Dean\AppData\Local\pyinstaller\bincache10py31164bit\av\video\stream.pyd
267802 WARNING: Failed to run strip on 'C:\\Users\\Dean\\AppData\\Local\\pyinstaller\\bincache10py31164bit\\av\\video\\stream.pyd'!
Traceback (most recent call last):
  File "C:\Users\Dean\source\repos\deanable\synapic.net\build\_python\win-x64-cuda\python\Lib\site-packages\PyInstaller\building\utils.py", line 250, in process_collected_binary
    p = subprocess.run(
        ^^^^^^^^^^^^^^^
  File "C:\Users\Dean\source\repos\deanable\synapic.net\build\_python\win-x64-cuda\python\Lib\subprocess.py", line 548, in run
    with Popen(*popenargs, **kwargs) as process:
         ^^^^^^^^^^^^^^^^^^^^^^^^^^^
  File "C:\Users\Dean\source\repos\deanable\synapic.net\build\_python\win-x64-cuda\python\Lib\subprocess.py", line 1026, in __init__
    self._execute_child(args, executable, preexec_fn, close_fds,
  File "C:\Users\Dean\source\repos\deanable\synapic.net\build\_python\win-x64-cuda\python\Lib\subprocess.py", line 1538, in _execute_child
    hp, ht, pid, tid = _winapi.CreateProcess(executable, args,
                       ^^^^^^^^^^^^^^^^^^^^^^^^^^^^^^^^^^^^^^^
FileNotFoundError: [WinError 2] The system cannot find the file specified
267818 INFO: Executing: strip C:\Users\Dean\AppData\Local\pyinstaller\bincache10py31164bit\av\video\frame.pyd
267821 WARNING: Failed to run strip on 'C:\\Users\\Dean\\AppData\\Local\\pyinstaller\\bincache10py31164bit\\av\\video\\frame.pyd'!
Traceback (most recent call last):
  File "C:\Users\Dean\source\repos\deanable\synapic.net\build\_python\win-x64-cuda\python\Lib\site-packages\PyInstaller\building\utils.py", line 250, in process_collected_binary
    p = subprocess.run(
        ^^^^^^^^^^^^^^^
  File "C:\Users\Dean\source\repos\deanable\synapic.net\build\_python\win-x64-cuda\python\Lib\subprocess.py", line 548, in run
    with Popen(*popenargs, **kwargs) as process:
         ^^^^^^^^^^^^^^^^^^^^^^^^^^^
  File "C:\Users\Dean\source\repos\deanable\synapic.net\build\_python\win-x64-cuda\python\Lib\subprocess.py", line 1026, in __init__
    self._execute_child(args, executable, preexec_fn, close_fds,
  File "C:\Users\Dean\source\repos\deanable\synapic.net\build\_python\win-x64-cuda\python\Lib\subprocess.py", line 1538, in _execute_child
    hp, ht, pid, tid = _winapi.CreateProcess(executable, args,
                       ^^^^^^^^^^^^^^^^^^^^^^^^^^^^^^^^^^^^^^^
FileNotFoundError: [WinError 2] The system cannot find the file specified
267830 INFO: Executing: strip C:\Users\Dean\AppData\Local\pyinstaller\bincache10py31164bit\av\video\format.pyd
267831 WARNING: Failed to run strip on 'C:\\Users\\Dean\\AppData\\Local\\pyinstaller\\bincache10py31164bit\\av\\video\\format.pyd'!
Traceback (most recent call last):
  File "C:\Users\Dean\source\repos\deanable\synapic.net\build\_python\win-x64-cuda\python\Lib\site-packages\PyInstaller\building\utils.py", line 250, in process_collected_binary
    p = subprocess.run(
        ^^^^^^^^^^^^^^^
  File "C:\Users\Dean\source\repos\deanable\synapic.net\build\_python\win-x64-cuda\python\Lib\subprocess.py", line 548, in run
    with Popen(*popenargs, **kwargs) as process:
         ^^^^^^^^^^^^^^^^^^^^^^^^^^^
  File "C:\Users\Dean\source\repos\deanable\synapic.net\build\_python\win-x64-cuda\python\Lib\subprocess.py", line 1026, in __init__
    self._execute_child(args, executable, preexec_fn, close_fds,
  File "C:\Users\Dean\source\repos\deanable\synapic.net\build\_python\win-x64-cuda\python\Lib\subprocess.py", line 1538, in _execute_child
    hp, ht, pid, tid = _winapi.CreateProcess(executable, args,
                       ^^^^^^^^^^^^^^^^^^^^^^^^^^^^^^^^^^^^^^^
FileNotFoundError: [WinError 2] The system cannot find the file specified
267840 INFO: Executing: strip C:\Users\Dean\AppData\Local\pyinstaller\bincache10py31164bit\av\video\codeccontext.pyd
267842 WARNING: Failed to run strip on 'C:\\Users\\Dean\\AppData\\Local\\pyinstaller\\bincache10py31164bit\\av\\video\\codeccontext.pyd'!
Traceback (most recent call last):
  File "C:\Users\Dean\source\repos\deanable\synapic.net\build\_python\win-x64-cuda\python\Lib\site-packages\PyInstaller\building\utils.py", line 250, in process_collected_binary
    p = subprocess.run(
        ^^^^^^^^^^^^^^^
  File "C:\Users\Dean\source\repos\deanable\synapic.net\build\_python\win-x64-cuda\python\Lib\subprocess.py", line 548, in run
    with Popen(*popenargs, **kwargs) as process:
         ^^^^^^^^^^^^^^^^^^^^^^^^^^^
  File "C:\Users\Dean\source\repos\deanable\synapic.net\build\_python\win-x64-cuda\python\Lib\subprocess.py", line 1026, in __init__
    self._execute_child(args, executable, preexec_fn, close_fds,
  File "C:\Users\Dean\source\repos\deanable\synapic.net\build\_python\win-x64-cuda\python\Lib\subprocess.py", line 1538, in _execute_child
    hp, ht, pid, tid = _winapi.CreateProcess(executable, args,
                       ^^^^^^^^^^^^^^^^^^^^^^^^^^^^^^^^^^^^^^^
FileNotFoundError: [WinError 2] The system cannot find the file specified
268437 INFO: Executing: strip C:\Users\Dean\AppData\Local\pyinstaller\bincache10py31164bit\av\error.pyd
268442 WARNING: Failed to run strip on 'C:\\Users\\Dean\\AppData\\Local\\pyinstaller\\bincache10py31164bit\\av\\error.pyd'!
Traceback (most recent call last):
  File "C:\Users\Dean\source\repos\deanable\synapic.net\build\_python\win-x64-cuda\python\Lib\site-packages\PyInstaller\building\utils.py", line 250, in process_collected_binary
    p = subprocess.run(
        ^^^^^^^^^^^^^^^
  File "C:\Users\Dean\source\repos\deanable\synapic.net\build\_python\win-x64-cuda\python\Lib\subprocess.py", line 548, in run
    with Popen(*popenargs, **kwargs) as process:
         ^^^^^^^^^^^^^^^^^^^^^^^^^^^
  File "C:\Users\Dean\source\repos\deanable\synapic.net\build\_python\win-x64-cuda\python\Lib\subprocess.py", line 1026, in __init__
    self._execute_child(args, executable, preexec_fn, close_fds,
  File "C:\Users\Dean\source\repos\deanable\synapic.net\build\_python\win-x64-cuda\python\Lib\subprocess.py", line 1538, in _execute_child
    hp, ht, pid, tid = _winapi.CreateProcess(executable, args,
                       ^^^^^^^^^^^^^^^^^^^^^^^^^^^^^^^^^^^^^^^
FileNotFoundError: [WinError 2] The system cannot find the file specified
268792 INFO: Executing: strip C:\Users\Dean\AppData\Local\pyinstaller\bincache10py31164bit\av\rational.pyd
268793 WARNING: Failed to run strip on 'C:\\Users\\Dean\\AppData\\Local\\pyinstaller\\bincache10py31164bit\\av\\rational.pyd'!
Traceback (most recent call last):
  File "C:\Users\Dean\source\repos\deanable\synapic.net\build\_python\win-x64-cuda\python\Lib\site-packages\PyInstaller\building\utils.py", line 250, in process_collected_binary
    p = subprocess.run(
        ^^^^^^^^^^^^^^^
  File "C:\Users\Dean\source\repos\deanable\synapic.net\build\_python\win-x64-cuda\python\Lib\subprocess.py", line 548, in run
    with Popen(*popenargs, **kwargs) as process:
         ^^^^^^^^^^^^^^^^^^^^^^^^^^^
  File "C:\Users\Dean\source\repos\deanable\synapic.net\build\_python\win-x64-cuda\python\Lib\subprocess.py", line 1026, in __init__
    self._execute_child(args, executable, preexec_fn, close_fds,
  File "C:\Users\Dean\source\repos\deanable\synapic.net\build\_python\win-x64-cuda\python\Lib\subprocess.py", line 1538, in _execute_child
    hp, ht, pid, tid = _winapi.CreateProcess(executable, args,
                       ^^^^^^^^^^^^^^^^^^^^^^^^^^^^^^^^^^^^^^^
FileNotFoundError: [WinError 2] The system cannot find the file specified
269032 INFO: Executing: strip C:\Users\Dean\AppData\Local\pyinstaller\bincache10py31164bit\av\packet.pyd
269036 WARNING: Failed to run strip on 'C:\\Users\\Dean\\AppData\\Local\\pyinstaller\\bincache10py31164bit\\av\\packet.pyd'!
Traceback (most recent call last):
  File "C:\Users\Dean\source\repos\deanable\synapic.net\build\_python\win-x64-cuda\python\Lib\site-packages\PyInstaller\building\utils.py", line 250, in process_collected_binary
    p = subprocess.run(
        ^^^^^^^^^^^^^^^
  File "C:\Users\Dean\source\repos\deanable\synapic.net\build\_python\win-x64-cuda\python\Lib\subprocess.py", line 548, in run
    with Popen(*popenargs, **kwargs) as process:
         ^^^^^^^^^^^^^^^^^^^^^^^^^^^
  File "C:\Users\Dean\source\repos\deanable\synapic.net\build\_python\win-x64-cuda\python\Lib\subprocess.py", line 1026, in __init__
    self._execute_child(args, executable, preexec_fn, close_fds,
  File "C:\Users\Dean\source\repos\deanable\synapic.net\build\_python\win-x64-cuda\python\Lib\subprocess.py", line 1538, in _execute_child
    hp, ht, pid, tid = _winapi.CreateProcess(executable, args,
                       ^^^^^^^^^^^^^^^^^^^^^^^^^^^^^^^^^^^^^^^
FileNotFoundError: [WinError 2] The system cannot find the file specified
269264 INFO: Executing: strip C:\Users\Dean\AppData\Local\pyinstaller\bincache10py31164bit\av\format.pyd
269271 WARNING: Failed to run strip on 'C:\\Users\\Dean\\AppData\\Local\\pyinstaller\\bincache10py31164bit\\av\\format.pyd'!
Traceback (most recent call last):
  File "C:\Users\Dean\source\repos\deanable\synapic.net\build\_python\win-x64-cuda\python\Lib\site-packages\PyInstaller\building\utils.py", line 250, in process_collected_binary
    p = subprocess.run(
        ^^^^^^^^^^^^^^^
  File "C:\Users\Dean\source\repos\deanable\synapic.net\build\_python\win-x64-cuda\python\Lib\subprocess.py", line 548, in run
    with Popen(*popenargs, **kwargs) as process:
         ^^^^^^^^^^^^^^^^^^^^^^^^^^^
  File "C:\Users\Dean\source\repos\deanable\synapic.net\build\_python\win-x64-cuda\python\Lib\subprocess.py", line 1026, in __init__
    self._execute_child(args, executable, preexec_fn, close_fds,
  File "C:\Users\Dean\source\repos\deanable\synapic.net\build\_python\win-x64-cuda\python\Lib\subprocess.py", line 1538, in _execute_child
    hp, ht, pid, tid = _winapi.CreateProcess(executable, args,
                       ^^^^^^^^^^^^^^^^^^^^^^^^^^^^^^^^^^^^^^^
FileNotFoundError: [WinError 2] The system cannot find the file specified
269385 INFO: Executing: strip C:\Users\Dean\AppData\Local\pyinstaller\bincache10py31164bit\av\device.pyd
269390 WARNING: Failed to run strip on 'C:\\Users\\Dean\\AppData\\Local\\pyinstaller\\bincache10py31164bit\\av\\device.pyd'!
Traceback (most recent call last):
  File "C:\Users\Dean\source\repos\deanable\synapic.net\build\_python\win-x64-cuda\python\Lib\site-packages\PyInstaller\building\utils.py", line 250, in process_collected_binary
    p = subprocess.run(
        ^^^^^^^^^^^^^^^
  File "C:\Users\Dean\source\repos\deanable\synapic.net\build\_python\win-x64-cuda\python\Lib\subprocess.py", line 548, in run
    with Popen(*popenargs, **kwargs) as process:
         ^^^^^^^^^^^^^^^^^^^^^^^^^^^
  File "C:\Users\Dean\source\repos\deanable\synapic.net\build\_python\win-x64-cuda\python\Lib\subprocess.py", line 1026, in __init__
    self._execute_child(args, executable, preexec_fn, close_fds,
  File "C:\Users\Dean\source\repos\deanable\synapic.net\build\_python\win-x64-cuda\python\Lib\subprocess.py", line 1538, in _execute_child
    hp, ht, pid, tid = _winapi.CreateProcess(executable, args,
                       ^^^^^^^^^^^^^^^^^^^^^^^^^^^^^^^^^^^^^^^
FileNotFoundError: [WinError 2] The system cannot find the file specified
269557 INFO: Executing: strip C:\Users\Dean\AppData\Local\pyinstaller\bincache10py31164bit\av\codec\context.pyd
269558 WARNING: Failed to run strip on 'C:\\Users\\Dean\\AppData\\Local\\pyinstaller\\bincache10py31164bit\\av\\codec\\context.pyd'!
Traceback (most recent call last):
  File "C:\Users\Dean\source\repos\deanable\synapic.net\build\_python\win-x64-cuda\python\Lib\site-packages\PyInstaller\building\utils.py", line 250, in process_collected_binary
    p = subprocess.run(
        ^^^^^^^^^^^^^^^
  File "C:\Users\Dean\source\repos\deanable\synapic.net\build\_python\win-x64-cuda\python\Lib\subprocess.py", line 548, in run
    with Popen(*popenargs, **kwargs) as process:
         ^^^^^^^^^^^^^^^^^^^^^^^^^^^
  File "C:\Users\Dean\source\repos\deanable\synapic.net\build\_python\win-x64-cuda\python\Lib\subprocess.py", line 1026, in __init__
    self._execute_child(args, executable, preexec_fn, close_fds,
  File "C:\Users\Dean\source\repos\deanable\synapic.net\build\_python\win-x64-cuda\python\Lib\subprocess.py", line 1538, in _execute_child
    hp, ht, pid, tid = _winapi.CreateProcess(executable, args,
                       ^^^^^^^^^^^^^^^^^^^^^^^^^^^^^^^^^^^^^^^
FileNotFoundError: [WinError 2] The system cannot find the file specified
269567 INFO: Executing: strip C:\Users\Dean\AppData\Local\pyinstaller\bincache10py31164bit\av\codec\codec.pyd
269570 WARNING: Failed to run strip on 'C:\\Users\\Dean\\AppData\\Local\\pyinstaller\\bincache10py31164bit\\av\\codec\\codec.pyd'!
Traceback (most recent call last):
  File "C:\Users\Dean\source\repos\deanable\synapic.net\build\_python\win-x64-cuda\python\Lib\site-packages\PyInstaller\building\utils.py", line 250, in process_collected_binary
    p = subprocess.run(
        ^^^^^^^^^^^^^^^
  File "C:\Users\Dean\source\repos\deanable\synapic.net\build\_python\win-x64-cuda\python\Lib\subprocess.py", line 548, in run
    with Popen(*popenargs, **kwargs) as process:
         ^^^^^^^^^^^^^^^^^^^^^^^^^^^
  File "C:\Users\Dean\source\repos\deanable\synapic.net\build\_python\win-x64-cuda\python\Lib\subprocess.py", line 1026, in __init__
    self._execute_child(args, executable, preexec_fn, close_fds,
  File "C:\Users\Dean\source\repos\deanable\synapic.net\build\_python\win-x64-cuda\python\Lib\subprocess.py", line 1538, in _execute_child
    hp, ht, pid, tid = _winapi.CreateProcess(executable, args,
                       ^^^^^^^^^^^^^^^^^^^^^^^^^^^^^^^^^^^^^^^
FileNotFoundError: [WinError 2] The system cannot find the file specified
269580 INFO: Executing: strip C:\Users\Dean\AppData\Local\pyinstaller\bincache10py31164bit\av\bitstream.pyd
269581 WARNING: Failed to run strip on 'C:\\Users\\Dean\\AppData\\Local\\pyinstaller\\bincache10py31164bit\\av\\bitstream.pyd'!
Traceback (most recent call last):
  File "C:\Users\Dean\source\repos\deanable\synapic.net\build\_python\win-x64-cuda\python\Lib\site-packages\PyInstaller\building\utils.py", line 250, in process_collected_binary
    p = subprocess.run(
        ^^^^^^^^^^^^^^^
  File "C:\Users\Dean\source\repos\deanable\synapic.net\build\_python\win-x64-cuda\python\Lib\subprocess.py", line 548, in run
    with Popen(*popenargs, **kwargs) as process:
         ^^^^^^^^^^^^^^^^^^^^^^^^^^^
  File "C:\Users\Dean\source\repos\deanable\synapic.net\build\_python\win-x64-cuda\python\Lib\subprocess.py", line 1026, in __init__
    self._execute_child(args, executable, preexec_fn, close_fds,
  File "C:\Users\Dean\source\repos\deanable\synapic.net\build\_python\win-x64-cuda\python\Lib\subprocess.py", line 1538, in _execute_child
    hp, ht, pid, tid = _winapi.CreateProcess(executable, args,
                       ^^^^^^^^^^^^^^^^^^^^^^^^^^^^^^^^^^^^^^^
FileNotFoundError: [WinError 2] The system cannot find the file specified
269591 INFO: Executing: strip C:\Users\Dean\AppData\Local\pyinstaller\bincache10py31164bit\av\audio\stream.pyd
269591 WARNING: Failed to run strip on 'C:\\Users\\Dean\\AppData\\Local\\pyinstaller\\bincache10py31164bit\\av\\audio\\stream.pyd'!
Traceback (most recent call last):
  File "C:\Users\Dean\source\repos\deanable\synapic.net\build\_python\win-x64-cuda\python\Lib\site-packages\PyInstaller\building\utils.py", line 250, in process_collected_binary
    p = subprocess.run(
        ^^^^^^^^^^^^^^^
  File "C:\Users\Dean\source\repos\deanable\synapic.net\build\_python\win-x64-cuda\python\Lib\subprocess.py", line 548, in run
    with Popen(*popenargs, **kwargs) as process:
         ^^^^^^^^^^^^^^^^^^^^^^^^^^^
  File "C:\Users\Dean\source\repos\deanable\synapic.net\build\_python\win-x64-cuda\python\Lib\subprocess.py", line 1026, in __init__
    self._execute_child(args, executable, preexec_fn, close_fds,
  File "C:\Users\Dean\source\repos\deanable\synapic.net\build\_python\win-x64-cuda\python\Lib\subprocess.py", line 1538, in _execute_child
    hp, ht, pid, tid = _winapi.CreateProcess(executable, args,
                       ^^^^^^^^^^^^^^^^^^^^^^^^^^^^^^^^^^^^^^^
FileNotFoundError: [WinError 2] The system cannot find the file specified
269599 INFO: Executing: strip C:\Users\Dean\AppData\Local\pyinstaller\bincache10py31164bit\av\audio\resampler.pyd
269600 WARNING: Failed to run strip on 'C:\\Users\\Dean\\AppData\\Local\\pyinstaller\\bincache10py31164bit\\av\\audio\\resampler.pyd'!
Traceback (most recent call last):
  File "C:\Users\Dean\source\repos\deanable\synapic.net\build\_python\win-x64-cuda\python\Lib\site-packages\PyInstaller\building\utils.py", line 250, in process_collected_binary
    p = subprocess.run(
        ^^^^^^^^^^^^^^^
  File "C:\Users\Dean\source\repos\deanable\synapic.net\build\_python\win-x64-cuda\python\Lib\subprocess.py", line 548, in run
    with Popen(*popenargs, **kwargs) as process:
         ^^^^^^^^^^^^^^^^^^^^^^^^^^^
  File "C:\Users\Dean\source\repos\deanable\synapic.net\build\_python\win-x64-cuda\python\Lib\subprocess.py", line 1026, in __init__
    self._execute_child(args, executable, preexec_fn, close_fds,
  File "C:\Users\Dean\source\repos\deanable\synapic.net\build\_python\win-x64-cuda\python\Lib\subprocess.py", line 1538, in _execute_child
    hp, ht, pid, tid = _winapi.CreateProcess(executable, args,
                       ^^^^^^^^^^^^^^^^^^^^^^^^^^^^^^^^^^^^^^^
FileNotFoundError: [WinError 2] The system cannot find the file specified
269609 INFO: Executing: strip C:\Users\Dean\AppData\Local\pyinstaller\bincache10py31164bit\av\audio\layout.pyd
269610 WARNING: Failed to run strip on 'C:\\Users\\Dean\\AppData\\Local\\pyinstaller\\bincache10py31164bit\\av\\audio\\layout.pyd'!
Traceback (most recent call last):
  File "C:\Users\Dean\source\repos\deanable\synapic.net\build\_python\win-x64-cuda\python\Lib\site-packages\PyInstaller\building\utils.py", line 250, in process_collected_binary
    p = subprocess.run(
        ^^^^^^^^^^^^^^^
  File "C:\Users\Dean\source\repos\deanable\synapic.net\build\_python\win-x64-cuda\python\Lib\subprocess.py", line 548, in run
    with Popen(*popenargs, **kwargs) as process:
         ^^^^^^^^^^^^^^^^^^^^^^^^^^^
  File "C:\Users\Dean\source\repos\deanable\synapic.net\build\_python\win-x64-cuda\python\Lib\subprocess.py", line 1026, in __init__
    self._execute_child(args, executable, preexec_fn, close_fds,
  File "C:\Users\Dean\source\repos\deanable\synapic.net\build\_python\win-x64-cuda\python\Lib\subprocess.py", line 1538, in _execute_child
    hp, ht, pid, tid = _winapi.CreateProcess(executable, args,
                       ^^^^^^^^^^^^^^^^^^^^^^^^^^^^^^^^^^^^^^^
FileNotFoundError: [WinError 2] The system cannot find the file specified
269627 INFO: Executing: strip C:\Users\Dean\AppData\Local\pyinstaller\bincache10py31164bit\av\audio\frame.pyd
269630 WARNING: Failed to run strip on 'C:\\Users\\Dean\\AppData\\Local\\pyinstaller\\bincache10py31164bit\\av\\audio\\frame.pyd'!
Traceback (most recent call last):
  File "C:\Users\Dean\source\repos\deanable\synapic.net\build\_python\win-x64-cuda\python\Lib\site-packages\PyInstaller\building\utils.py", line 250, in process_collected_binary
    p = subprocess.run(
        ^^^^^^^^^^^^^^^
  File "C:\Users\Dean\source\repos\deanable\synapic.net\build\_python\win-x64-cuda\python\Lib\subprocess.py", line 548, in run
    with Popen(*popenargs, **kwargs) as process:
         ^^^^^^^^^^^^^^^^^^^^^^^^^^^
  File "C:\Users\Dean\source\repos\deanable\synapic.net\build\_python\win-x64-cuda\python\Lib\subprocess.py", line 1026, in __init__
    self._execute_child(args, executable, preexec_fn, close_fds,
  File "C:\Users\Dean\source\repos\deanable\synapic.net\build\_python\win-x64-cuda\python\Lib\subprocess.py", line 1538, in _execute_child
    hp, ht, pid, tid = _winapi.CreateProcess(executable, args,
                       ^^^^^^^^^^^^^^^^^^^^^^^^^^^^^^^^^^^^^^^
FileNotFoundError: [WinError 2] The system cannot find the file specified
269641 INFO: Executing: strip C:\Users\Dean\AppData\Local\pyinstaller\bincache10py31164bit\av\audio\format.pyd
269642 WARNING: Failed to run strip on 'C:\\Users\\Dean\\AppData\\Local\\pyinstaller\\bincache10py31164bit\\av\\audio\\format.pyd'!
Traceback (most recent call last):
  File "C:\Users\Dean\source\repos\deanable\synapic.net\build\_python\win-x64-cuda\python\Lib\site-packages\PyInstaller\building\utils.py", line 250, in process_collected_binary
    p = subprocess.run(
        ^^^^^^^^^^^^^^^
  File "C:\Users\Dean\source\repos\deanable\synapic.net\build\_python\win-x64-cuda\python\Lib\subprocess.py", line 548, in run
    with Popen(*popenargs, **kwargs) as process:
         ^^^^^^^^^^^^^^^^^^^^^^^^^^^
  File "C:\Users\Dean\source\repos\deanable\synapic.net\build\_python\win-x64-cuda\python\Lib\subprocess.py", line 1026, in __init__
    self._execute_child(args, executable, preexec_fn, close_fds,
  File "C:\Users\Dean\source\repos\deanable\synapic.net\build\_python\win-x64-cuda\python\Lib\subprocess.py", line 1538, in _execute_child
    hp, ht, pid, tid = _winapi.CreateProcess(executable, args,
                       ^^^^^^^^^^^^^^^^^^^^^^^^^^^^^^^^^^^^^^^
FileNotFoundError: [WinError 2] The system cannot find the file specified
269651 INFO: Executing: strip C:\Users\Dean\AppData\Local\pyinstaller\bincache10py31164bit\av\audio\fifo.pyd
269654 WARNING: Failed to run strip on 'C:\\Users\\Dean\\AppData\\Local\\pyinstaller\\bincache10py31164bit\\av\\audio\\fifo.pyd'!
Traceback (most recent call last):
  File "C:\Users\Dean\source\repos\deanable\synapic.net\build\_python\win-x64-cuda\python\Lib\site-packages\PyInstaller\building\utils.py", line 250, in process_collected_binary
    p = subprocess.run(
        ^^^^^^^^^^^^^^^
  File "C:\Users\Dean\source\repos\deanable\synapic.net\build\_python\win-x64-cuda\python\Lib\subprocess.py", line 548, in run
    with Popen(*popenargs, **kwargs) as process:
         ^^^^^^^^^^^^^^^^^^^^^^^^^^^
  File "C:\Users\Dean\source\repos\deanable\synapic.net\build\_python\win-x64-cuda\python\Lib\subprocess.py", line 1026, in __init__
    self._execute_child(args, executable, preexec_fn, close_fds,
  File "C:\Users\Dean\source\repos\deanable\synapic.net\build\_python\win-x64-cuda\python\Lib\subprocess.py", line 1538, in _execute_child
    hp, ht, pid, tid = _winapi.CreateProcess(executable, args,
                       ^^^^^^^^^^^^^^^^^^^^^^^^^^^^^^^^^^^^^^^
FileNotFoundError: [WinError 2] The system cannot find the file specified
269664 INFO: Executing: strip C:\Users\Dean\AppData\Local\pyinstaller\bincache10py31164bit\av\audio\codeccontext.pyd
269666 WARNING: Failed to run strip on 'C:\\Users\\Dean\\AppData\\Local\\pyinstaller\\bincache10py31164bit\\av\\audio\\codeccontext.pyd'!
Traceback (most recent call last):
  File "C:\Users\Dean\source\repos\deanable\synapic.net\build\_python\win-x64-cuda\python\Lib\site-packages\PyInstaller\building\utils.py", line 250, in process_collected_binary
    p = subprocess.run(
        ^^^^^^^^^^^^^^^
  File "C:\Users\Dean\source\repos\deanable\synapic.net\build\_python\win-x64-cuda\python\Lib\subprocess.py", line 548, in run
    with Popen(*popenargs, **kwargs) as process:
         ^^^^^^^^^^^^^^^^^^^^^^^^^^^
  File "C:\Users\Dean\source\repos\deanable\synapic.net\build\_python\win-x64-cuda\python\Lib\subprocess.py", line 1026, in __init__
    self._execute_child(args, executable, preexec_fn, close_fds,
  File "C:\Users\Dean\source\repos\deanable\synapic.net\build\_python\win-x64-cuda\python\Lib\subprocess.py", line 1538, in _execute_child
    hp, ht, pid, tid = _winapi.CreateProcess(executable, args,
                       ^^^^^^^^^^^^^^^^^^^^^^^^^^^^^^^^^^^^^^^
FileNotFoundError: [WinError 2] The system cannot find the file specified
269672 INFO: Executing: strip C:\Users\Dean\AppData\Local\pyinstaller\bincache10py31164bit\av\logging.pyd
269674 WARNING: Failed to run strip on 'C:\\Users\\Dean\\AppData\\Local\\pyinstaller\\bincache10py31164bit\\av\\logging.pyd'!
Traceback (most recent call last):
  File "C:\Users\Dean\source\repos\deanable\synapic.net\build\_python\win-x64-cuda\python\Lib\site-packages\PyInstaller\building\utils.py", line 250, in process_collected_binary
    p = subprocess.run(
        ^^^^^^^^^^^^^^^
  File "C:\Users\Dean\source\repos\deanable\synapic.net\build\_python\win-x64-cuda\python\Lib\subprocess.py", line 548, in run
    with Popen(*popenargs, **kwargs) as process:
         ^^^^^^^^^^^^^^^^^^^^^^^^^^^
  File "C:\Users\Dean\source\repos\deanable\synapic.net\build\_python\win-x64-cuda\python\Lib\subprocess.py", line 1026, in __init__
    self._execute_child(args, executable, preexec_fn, close_fds,
  File "C:\Users\Dean\source\repos\deanable\synapic.net\build\_python\win-x64-cuda\python\Lib\subprocess.py", line 1538, in _execute_child
    hp, ht, pid, tid = _winapi.CreateProcess(executable, args,
                       ^^^^^^^^^^^^^^^^^^^^^^^^^^^^^^^^^^^^^^^
FileNotFoundError: [WinError 2] The system cannot find the file specified
269683 INFO: Executing: strip C:\Users\Dean\AppData\Local\pyinstaller\bincache10py31164bit\av\_core.pyd
269685 WARNING: Failed to run strip on 'C:\\Users\\Dean\\AppData\\Local\\pyinstaller\\bincache10py31164bit\\av\\_core.pyd'!
Traceback (most recent call last):
  File "C:\Users\Dean\source\repos\deanable\synapic.net\build\_python\win-x64-cuda\python\Lib\site-packages\PyInstaller\building\utils.py", line 250, in process_collected_binary
    p = subprocess.run(
        ^^^^^^^^^^^^^^^
  File "C:\Users\Dean\source\repos\deanable\synapic.net\build\_python\win-x64-cuda\python\Lib\subprocess.py", line 548, in run
    with Popen(*popenargs, **kwargs) as process:
         ^^^^^^^^^^^^^^^^^^^^^^^^^^^
  File "C:\Users\Dean\source\repos\deanable\synapic.net\build\_python\win-x64-cuda\python\Lib\subprocess.py", line 1026, in __init__
    self._execute_child(args, executable, preexec_fn, close_fds,
  File "C:\Users\Dean\source\repos\deanable\synapic.net\build\_python\win-x64-cuda\python\Lib\subprocess.py", line 1538, in _execute_child
    hp, ht, pid, tid = _winapi.CreateProcess(executable, args,
                       ^^^^^^^^^^^^^^^^^^^^^^^^^^^^^^^^^^^^^^^
FileNotFoundError: [WinError 2] The system cannot find the file specified
269694 INFO: Executing: strip C:\Users\Dean\AppData\Local\pyinstaller\bincache10py31164bit\torchvision\image.pyd
269696 WARNING: Failed to run strip on 'C:\\Users\\Dean\\AppData\\Local\\pyinstaller\\bincache10py31164bit\\torchvision\\image.pyd'!
Traceback (most recent call last):
  File "C:\Users\Dean\source\repos\deanable\synapic.net\build\_python\win-x64-cuda\python\Lib\site-packages\PyInstaller\building\utils.py", line 250, in process_collected_binary
    p = subprocess.run(
        ^^^^^^^^^^^^^^^
  File "C:\Users\Dean\source\repos\deanable\synapic.net\build\_python\win-x64-cuda\python\Lib\subprocess.py", line 548, in run
    with Popen(*popenargs, **kwargs) as process:
         ^^^^^^^^^^^^^^^^^^^^^^^^^^^
  File "C:\Users\Dean\source\repos\deanable\synapic.net\build\_python\win-x64-cuda\python\Lib\subprocess.py", line 1026, in __init__
    self._execute_child(args, executable, preexec_fn, close_fds,
  File "C:\Users\Dean\source\repos\deanable\synapic.net\build\_python\win-x64-cuda\python\Lib\subprocess.py", line 1538, in _execute_child
    hp, ht, pid, tid = _winapi.CreateProcess(executable, args,
                       ^^^^^^^^^^^^^^^^^^^^^^^^^^^^^^^^^^^^^^^
FileNotFoundError: [WinError 2] The system cannot find the file specified
269709 INFO: Executing: strip C:\Users\Dean\AppData\Local\pyinstaller\bincache10py31164bit\sentencepiece\_sentencepiece.cp311-win_amd64.pyd
269711 WARNING: Failed to run strip on 'C:\\Users\\Dean\\AppData\\Local\\pyinstaller\\bincache10py31164bit\\sentencepiece\\_sentencepiece.cp311-win_amd64.pyd'!
Traceback (most recent call last):
  File "C:\Users\Dean\source\repos\deanable\synapic.net\build\_python\win-x64-cuda\python\Lib\site-packages\PyInstaller\building\utils.py", line 250, in process_collected_binary
    p = subprocess.run(
        ^^^^^^^^^^^^^^^
  File "C:\Users\Dean\source\repos\deanable\synapic.net\build\_python\win-x64-cuda\python\Lib\subprocess.py", line 548, in run
    with Popen(*popenargs, **kwargs) as process:
         ^^^^^^^^^^^^^^^^^^^^^^^^^^^
  File "C:\Users\Dean\source\repos\deanable\synapic.net\build\_python\win-x64-cuda\python\Lib\subprocess.py", line 1026, in __init__
    self._execute_child(args, executable, preexec_fn, close_fds,
  File "C:\Users\Dean\source\repos\deanable\synapic.net\build\_python\win-x64-cuda\python\Lib\subprocess.py", line 1538, in _execute_child
    hp, ht, pid, tid = _winapi.CreateProcess(executable, args,
                       ^^^^^^^^^^^^^^^^^^^^^^^^^^^^^^^^^^^^^^^
FileNotFoundError: [WinError 2] The system cannot find the file specified
269743 INFO: Executing: strip C:\Users\Dean\AppData\Local\pyinstaller\bincache10py31164bit\tokenizers\tokenizers.pyd
269744 WARNING: Failed to run strip on 'C:\\Users\\Dean\\AppData\\Local\\pyinstaller\\bincache10py31164bit\\tokenizers\\tokenizers.pyd'!
Traceback (most recent call last):
  File "C:\Users\Dean\source\repos\deanable\synapic.net\build\_python\win-x64-cuda\python\Lib\site-packages\PyInstaller\building\utils.py", line 250, in process_collected_binary
    p = subprocess.run(
        ^^^^^^^^^^^^^^^
  File "C:\Users\Dean\source\repos\deanable\synapic.net\build\_python\win-x64-cuda\python\Lib\subprocess.py", line 548, in run
    with Popen(*popenargs, **kwargs) as process:
         ^^^^^^^^^^^^^^^^^^^^^^^^^^^
  File "C:\Users\Dean\source\repos\deanable\synapic.net\build\_python\win-x64-cuda\python\Lib\subprocess.py", line 1026, in __init__
    self._execute_child(args, executable, preexec_fn, close_fds,
  File "C:\Users\Dean\source\repos\deanable\synapic.net\build\_python\win-x64-cuda\python\Lib\subprocess.py", line 1538, in _execute_child
    hp, ht, pid, tid = _winapi.CreateProcess(executable, args,
                       ^^^^^^^^^^^^^^^^^^^^^^^^^^^^^^^^^^^^^^^
FileNotFoundError: [WinError 2] The system cannot find the file specified
269777 INFO: Executing: strip C:\Users\Dean\AppData\Local\pyinstaller\bincache10py31164bit\hf_xet\hf_xet.pyd
269779 WARNING: Failed to run strip on 'C:\\Users\\Dean\\AppData\\Local\\pyinstaller\\bincache10py31164bit\\hf_xet\\hf_xet.pyd'!
Traceback (most recent call last):
  File "C:\Users\Dean\source\repos\deanable\synapic.net\build\_python\win-x64-cuda\python\Lib\site-packages\PyInstaller\building\utils.py", line 250, in process_collected_binary
    p = subprocess.run(
        ^^^^^^^^^^^^^^^
  File "C:\Users\Dean\source\repos\deanable\synapic.net\build\_python\win-x64-cuda\python\Lib\subprocess.py", line 548, in run
    with Popen(*popenargs, **kwargs) as process:
         ^^^^^^^^^^^^^^^^^^^^^^^^^^^
  File "C:\Users\Dean\source\repos\deanable\synapic.net\build\_python\win-x64-cuda\python\Lib\subprocess.py", line 1026, in __init__
    self._execute_child(args, executable, preexec_fn, close_fds,
  File "C:\Users\Dean\source\repos\deanable\synapic.net\build\_python\win-x64-cuda\python\Lib\subprocess.py", line 1538, in _execute_child
    hp, ht, pid, tid = _winapi.CreateProcess(executable, args,
                       ^^^^^^^^^^^^^^^^^^^^^^^^^^^^^^^^^^^^^^^
FileNotFoundError: [WinError 2] The system cannot find the file specified
269792 INFO: Executing: strip C:\Users\Dean\AppData\Local\pyinstaller\bincache10py31164bit\safetensors\_safetensors_rust.pyd
269793 WARNING: Failed to run strip on 'C:\\Users\\Dean\\AppData\\Local\\pyinstaller\\bincache10py31164bit\\safetensors\\_safetensors_rust.pyd'!
Traceback (most recent call last):
  File "C:\Users\Dean\source\repos\deanable\synapic.net\build\_python\win-x64-cuda\python\Lib\site-packages\PyInstaller\building\utils.py", line 250, in process_collected_binary
    p = subprocess.run(
        ^^^^^^^^^^^^^^^
  File "C:\Users\Dean\source\repos\deanable\synapic.net\build\_python\win-x64-cuda\python\Lib\subprocess.py", line 548, in run
    with Popen(*popenargs, **kwargs) as process:
         ^^^^^^^^^^^^^^^^^^^^^^^^^^^
  File "C:\Users\Dean\source\repos\deanable\synapic.net\build\_python\win-x64-cuda\python\Lib\subprocess.py", line 1026, in __init__
    self._execute_child(args, executable, preexec_fn, close_fds,
  File "C:\Users\Dean\source\repos\deanable\synapic.net\build\_python\win-x64-cuda\python\Lib\subprocess.py", line 1538, in _execute_child
    hp, ht, pid, tid = _winapi.CreateProcess(executable, args,
                       ^^^^^^^^^^^^^^^^^^^^^^^^^^^^^^^^^^^^^^^
FileNotFoundError: [WinError 2] The system cannot find the file specified
269802 INFO: Executing: strip C:\Users\Dean\AppData\Local\pyinstaller\bincache10py31164bit\regex\_regex.cp311-win_amd64.pyd
269804 WARNING: Failed to run strip on 'C:\\Users\\Dean\\AppData\\Local\\pyinstaller\\bincache10py31164bit\\regex\\_regex.cp311-win_amd64.pyd'!
Traceback (most recent call last):
  File "C:\Users\Dean\source\repos\deanable\synapic.net\build\_python\win-x64-cuda\python\Lib\site-packages\PyInstaller\building\utils.py", line 250, in process_collected_binary
    p = subprocess.run(
        ^^^^^^^^^^^^^^^
  File "C:\Users\Dean\source\repos\deanable\synapic.net\build\_python\win-x64-cuda\python\Lib\subprocess.py", line 548, in run
    with Popen(*popenargs, **kwargs) as process:
         ^^^^^^^^^^^^^^^^^^^^^^^^^^^
  File "C:\Users\Dean\source\repos\deanable\synapic.net\build\_python\win-x64-cuda\python\Lib\subprocess.py", line 1026, in __init__
    self._execute_child(args, executable, preexec_fn, close_fds,
  File "C:\Users\Dean\source\repos\deanable\synapic.net\build\_python\win-x64-cuda\python\Lib\subprocess.py", line 1538, in _execute_child
    hp, ht, pid, tid = _winapi.CreateProcess(executable, args,
                       ^^^^^^^^^^^^^^^^^^^^^^^^^^^^^^^^^^^^^^^
FileNotFoundError: [WinError 2] The system cannot find the file specified
269826 INFO: Executing: strip C:\Users\Dean\AppData\Local\pyinstaller\bincache10py31164bit\torchvision\_C.pyd
269828 WARNING: Failed to run strip on 'C:\\Users\\Dean\\AppData\\Local\\pyinstaller\\bincache10py31164bit\\torchvision\\_C.pyd'!
Traceback (most recent call last):
  File "C:\Users\Dean\source\repos\deanable\synapic.net\build\_python\win-x64-cuda\python\Lib\site-packages\PyInstaller\building\utils.py", line 250, in process_collected_binary
    p = subprocess.run(
        ^^^^^^^^^^^^^^^
  File "C:\Users\Dean\source\repos\deanable\synapic.net\build\_python\win-x64-cuda\python\Lib\subprocess.py", line 548, in run
    with Popen(*popenargs, **kwargs) as process:
         ^^^^^^^^^^^^^^^^^^^^^^^^^^^
  File "C:\Users\Dean\source\repos\deanable\synapic.net\build\_python\win-x64-cuda\python\Lib\subprocess.py", line 1026, in __init__
    self._execute_child(args, executable, preexec_fn, close_fds,
  File "C:\Users\Dean\source\repos\deanable\synapic.net\build\_python\win-x64-cuda\python\Lib\subprocess.py", line 1538, in _execute_child
    hp, ht, pid, tid = _winapi.CreateProcess(executable, args,
                       ^^^^^^^^^^^^^^^^^^^^^^^^^^^^^^^^^^^^^^^
FileNotFoundError: [WinError 2] The system cannot find the file specified
269836 INFO: Executing: strip C:\Users\Dean\AppData\Local\pyinstaller\bincache10py31164bit\_zoneinfo.pyd
269838 WARNING: Failed to run strip on 'C:\\Users\\Dean\\AppData\\Local\\pyinstaller\\bincache10py31164bit\\_zoneinfo.pyd'!
Traceback (most recent call last):
  File "C:\Users\Dean\source\repos\deanable\synapic.net\build\_python\win-x64-cuda\python\Lib\site-packages\PyInstaller\building\utils.py", line 250, in process_collected_binary
    p = subprocess.run(
        ^^^^^^^^^^^^^^^
  File "C:\Users\Dean\source\repos\deanable\synapic.net\build\_python\win-x64-cuda\python\Lib\subprocess.py", line 548, in run
    with Popen(*popenargs, **kwargs) as process:
         ^^^^^^^^^^^^^^^^^^^^^^^^^^^
  File "C:\Users\Dean\source\repos\deanable\synapic.net\build\_python\win-x64-cuda\python\Lib\subprocess.py", line 1026, in __init__
    self._execute_child(args, executable, preexec_fn, close_fds,
  File "C:\Users\Dean\source\repos\deanable\synapic.net\build\_python\win-x64-cuda\python\Lib\subprocess.py", line 1538, in _execute_child
    hp, ht, pid, tid = _winapi.CreateProcess(executable, args,
                       ^^^^^^^^^^^^^^^^^^^^^^^^^^^^^^^^^^^^^^^
FileNotFoundError: [WinError 2] The system cannot find the file specified
269846 INFO: Executing: strip C:\Users\Dean\AppData\Local\pyinstaller\bincache10py31164bit\api-ms-win-crt-convert-l1-1-0.dll
269847 WARNING: Failed to run strip on 'C:\\Users\\Dean\\AppData\\Local\\pyinstaller\\bincache10py31164bit\\api-ms-win-crt-convert-l1-1-0.dll'!
Traceback (most recent call last):
  File "C:\Users\Dean\source\repos\deanable\synapic.net\build\_python\win-x64-cuda\python\Lib\site-packages\PyInstaller\building\utils.py", line 250, in process_collected_binary
    p = subprocess.run(
        ^^^^^^^^^^^^^^^
  File "C:\Users\Dean\source\repos\deanable\synapic.net\build\_python\win-x64-cuda\python\Lib\subprocess.py", line 548, in run
    with Popen(*popenargs, **kwargs) as process:
         ^^^^^^^^^^^^^^^^^^^^^^^^^^^
  File "C:\Users\Dean\source\repos\deanable\synapic.net\build\_python\win-x64-cuda\python\Lib\subprocess.py", line 1026, in __init__
    self._execute_child(args, executable, preexec_fn, close_fds,
  File "C:\Users\Dean\source\repos\deanable\synapic.net\build\_python\win-x64-cuda\python\Lib\subprocess.py", line 1538, in _execute_child
    hp, ht, pid, tid = _winapi.CreateProcess(executable, args,
                       ^^^^^^^^^^^^^^^^^^^^^^^^^^^^^^^^^^^^^^^
FileNotFoundError: [WinError 2] The system cannot find the file specified
269977 INFO: Executing: strip C:\Users\Dean\AppData\Local\pyinstaller\bincache10py31164bit\api-ms-win-crt-heap-l1-1-0.dll
269983 WARNING: Failed to run strip on 'C:\\Users\\Dean\\AppData\\Local\\pyinstaller\\bincache10py31164bit\\api-ms-win-crt-heap-l1-1-0.dll'!
Traceback (most recent call last):
  File "C:\Users\Dean\source\repos\deanable\synapic.net\build\_python\win-x64-cuda\python\Lib\site-packages\PyInstaller\building\utils.py", line 250, in process_collected_binary
    p = subprocess.run(
        ^^^^^^^^^^^^^^^
  File "C:\Users\Dean\source\repos\deanable\synapic.net\build\_python\win-x64-cuda\python\Lib\subprocess.py", line 548, in run
    with Popen(*popenargs, **kwargs) as process:
         ^^^^^^^^^^^^^^^^^^^^^^^^^^^
  File "C:\Users\Dean\source\repos\deanable\synapic.net\build\_python\win-x64-cuda\python\Lib\subprocess.py", line 1026, in __init__
    self._execute_child(args, executable, preexec_fn, close_fds,
  File "C:\Users\Dean\source\repos\deanable\synapic.net\build\_python\win-x64-cuda\python\Lib\subprocess.py", line 1538, in _execute_child
    hp, ht, pid, tid = _winapi.CreateProcess(executable, args,
                       ^^^^^^^^^^^^^^^^^^^^^^^^^^^^^^^^^^^^^^^
FileNotFoundError: [WinError 2] The system cannot find the file specified
269999 INFO: Executing: strip C:\Users\Dean\AppData\Local\pyinstaller\bincache10py31164bit\api-ms-win-crt-locale-l1-1-0.dll
269999 WARNING: Failed to run strip on 'C:\\Users\\Dean\\AppData\\Local\\pyinstaller\\bincache10py31164bit\\api-ms-win-crt-locale-l1-1-0.dll'!
Traceback (most recent call last):
  File "C:\Users\Dean\source\repos\deanable\synapic.net\build\_python\win-x64-cuda\python\Lib\site-packages\PyInstaller\building\utils.py", line 250, in process_collected_binary
    p = subprocess.run(
        ^^^^^^^^^^^^^^^
  File "C:\Users\Dean\source\repos\deanable\synapic.net\build\_python\win-x64-cuda\python\Lib\subprocess.py", line 548, in run
    with Popen(*popenargs, **kwargs) as process:
         ^^^^^^^^^^^^^^^^^^^^^^^^^^^
  File "C:\Users\Dean\source\repos\deanable\synapic.net\build\_python\win-x64-cuda\python\Lib\subprocess.py", line 1026, in __init__
    self._execute_child(args, executable, preexec_fn, close_fds,
  File "C:\Users\Dean\source\repos\deanable\synapic.net\build\_python\win-x64-cuda\python\Lib\subprocess.py", line 1538, in _execute_child
    hp, ht, pid, tid = _winapi.CreateProcess(executable, args,
                       ^^^^^^^^^^^^^^^^^^^^^^^^^^^^^^^^^^^^^^^
FileNotFoundError: [WinError 2] The system cannot find the file specified
270009 INFO: Executing: strip C:\Users\Dean\AppData\Local\pyinstaller\bincache10py31164bit\api-ms-win-crt-environment-l1-1-0.dll
270011 WARNING: Failed to run strip on 'C:\\Users\\Dean\\AppData\\Local\\pyinstaller\\bincache10py31164bit\\api-ms-win-crt-environment-l1-1-0.dll'!
Traceback (most recent call last):
  File "C:\Users\Dean\source\repos\deanable\synapic.net\build\_python\win-x64-cuda\python\Lib\site-packages\PyInstaller\building\utils.py", line 250, in process_collected_binary
    p = subprocess.run(
        ^^^^^^^^^^^^^^^
  File "C:\Users\Dean\source\repos\deanable\synapic.net\build\_python\win-x64-cuda\python\Lib\subprocess.py", line 548, in run
    with Popen(*popenargs, **kwargs) as process:
         ^^^^^^^^^^^^^^^^^^^^^^^^^^^
  File "C:\Users\Dean\source\repos\deanable\synapic.net\build\_python\win-x64-cuda\python\Lib\subprocess.py", line 1026, in __init__
    self._execute_child(args, executable, preexec_fn, close_fds,
  File "C:\Users\Dean\source\repos\deanable\synapic.net\build\_python\win-x64-cuda\python\Lib\subprocess.py", line 1538, in _execute_child
    hp, ht, pid, tid = _winapi.CreateProcess(executable, args,
                       ^^^^^^^^^^^^^^^^^^^^^^^^^^^^^^^^^^^^^^^
FileNotFoundError: [WinError 2] The system cannot find the file specified
270019 INFO: Executing: strip C:\Users\Dean\AppData\Local\pyinstaller\bincache10py31164bit\api-ms-win-crt-runtime-l1-1-0.dll
270020 WARNING: Failed to run strip on 'C:\\Users\\Dean\\AppData\\Local\\pyinstaller\\bincache10py31164bit\\api-ms-win-crt-runtime-l1-1-0.dll'!
Traceback (most recent call last):
  File "C:\Users\Dean\source\repos\deanable\synapic.net\build\_python\win-x64-cuda\python\Lib\site-packages\PyInstaller\building\utils.py", line 250, in process_collected_binary
    p = subprocess.run(
        ^^^^^^^^^^^^^^^
  File "C:\Users\Dean\source\repos\deanable\synapic.net\build\_python\win-x64-cuda\python\Lib\subprocess.py", line 548, in run
    with Popen(*popenargs, **kwargs) as process:
         ^^^^^^^^^^^^^^^^^^^^^^^^^^^
  File "C:\Users\Dean\source\repos\deanable\synapic.net\build\_python\win-x64-cuda\python\Lib\subprocess.py", line 1026, in __init__
    self._execute_child(args, executable, preexec_fn, close_fds,
  File "C:\Users\Dean\source\repos\deanable\synapic.net\build\_python\win-x64-cuda\python\Lib\subprocess.py", line 1538, in _execute_child
    hp, ht, pid, tid = _winapi.CreateProcess(executable, args,
                       ^^^^^^^^^^^^^^^^^^^^^^^^^^^^^^^^^^^^^^^
FileNotFoundError: [WinError 2] The system cannot find the file specified
270027 INFO: Executing: strip C:\Users\Dean\AppData\Local\pyinstaller\bincache10py31164bit\api-ms-win-crt-string-l1-1-0.dll
270029 WARNING: Failed to run strip on 'C:\\Users\\Dean\\AppData\\Local\\pyinstaller\\bincache10py31164bit\\api-ms-win-crt-string-l1-1-0.dll'!
Traceback (most recent call last):
  File "C:\Users\Dean\source\repos\deanable\synapic.net\build\_python\win-x64-cuda\python\Lib\site-packages\PyInstaller\building\utils.py", line 250, in process_collected_binary
    p = subprocess.run(
        ^^^^^^^^^^^^^^^
  File "C:\Users\Dean\source\repos\deanable\synapic.net\build\_python\win-x64-cuda\python\Lib\subprocess.py", line 548, in run
    with Popen(*popenargs, **kwargs) as process:
         ^^^^^^^^^^^^^^^^^^^^^^^^^^^
  File "C:\Users\Dean\source\repos\deanable\synapic.net\build\_python\win-x64-cuda\python\Lib\subprocess.py", line 1026, in __init__
    self._execute_child(args, executable, preexec_fn, close_fds,
  File "C:\Users\Dean\source\repos\deanable\synapic.net\build\_python\win-x64-cuda\python\Lib\subprocess.py", line 1538, in _execute_child
    hp, ht, pid, tid = _winapi.CreateProcess(executable, args,
                       ^^^^^^^^^^^^^^^^^^^^^^^^^^^^^^^^^^^^^^^
FileNotFoundError: [WinError 2] The system cannot find the file specified
270036 INFO: Executing: strip C:\Users\Dean\AppData\Local\pyinstaller\bincache10py31164bit\api-ms-win-crt-time-l1-1-0.dll
270038 WARNING: Failed to run strip on 'C:\\Users\\Dean\\AppData\\Local\\pyinstaller\\bincache10py31164bit\\api-ms-win-crt-time-l1-1-0.dll'!
Traceback (most recent call last):
  File "C:\Users\Dean\source\repos\deanable\synapic.net\build\_python\win-x64-cuda\python\Lib\site-packages\PyInstaller\building\utils.py", line 250, in process_collected_binary
    p = subprocess.run(
        ^^^^^^^^^^^^^^^
  File "C:\Users\Dean\source\repos\deanable\synapic.net\build\_python\win-x64-cuda\python\Lib\subprocess.py", line 548, in run
    with Popen(*popenargs, **kwargs) as process:
         ^^^^^^^^^^^^^^^^^^^^^^^^^^^
  File "C:\Users\Dean\source\repos\deanable\synapic.net\build\_python\win-x64-cuda\python\Lib\subprocess.py", line 1026, in __init__
    self._execute_child(args, executable, preexec_fn, close_fds,
  File "C:\Users\Dean\source\repos\deanable\synapic.net\build\_python\win-x64-cuda\python\Lib\subprocess.py", line 1538, in _execute_child
    hp, ht, pid, tid = _winapi.CreateProcess(executable, args,
                       ^^^^^^^^^^^^^^^^^^^^^^^^^^^^^^^^^^^^^^^
FileNotFoundError: [WinError 2] The system cannot find the file specified
270043 INFO: Executing: strip C:\Users\Dean\AppData\Local\pyinstaller\bincache10py31164bit\api-ms-win-crt-stdio-l1-1-0.dll
270046 WARNING: Failed to run strip on 'C:\\Users\\Dean\\AppData\\Local\\pyinstaller\\bincache10py31164bit\\api-ms-win-crt-stdio-l1-1-0.dll'!
Traceback (most recent call last):
  File "C:\Users\Dean\source\repos\deanable\synapic.net\build\_python\win-x64-cuda\python\Lib\site-packages\PyInstaller\building\utils.py", line 250, in process_collected_binary
    p = subprocess.run(
        ^^^^^^^^^^^^^^^
  File "C:\Users\Dean\source\repos\deanable\synapic.net\build\_python\win-x64-cuda\python\Lib\subprocess.py", line 548, in run
    with Popen(*popenargs, **kwargs) as process:
         ^^^^^^^^^^^^^^^^^^^^^^^^^^^
  File "C:\Users\Dean\source\repos\deanable\synapic.net\build\_python\win-x64-cuda\python\Lib\subprocess.py", line 1026, in __init__
    self._execute_child(args, executable, preexec_fn, close_fds,
  File "C:\Users\Dean\source\repos\deanable\synapic.net\build\_python\win-x64-cuda\python\Lib\subprocess.py", line 1538, in _execute_child
    hp, ht, pid, tid = _winapi.CreateProcess(executable, args,
                       ^^^^^^^^^^^^^^^^^^^^^^^^^^^^^^^^^^^^^^^
FileNotFoundError: [WinError 2] The system cannot find the file specified
270054 INFO: Executing: strip C:\Users\Dean\AppData\Local\pyinstaller\bincache10py31164bit\api-ms-win-crt-math-l1-1-0.dll
270054 WARNING: Failed to run strip on 'C:\\Users\\Dean\\AppData\\Local\\pyinstaller\\bincache10py31164bit\\api-ms-win-crt-math-l1-1-0.dll'!
Traceback (most recent call last):
  File "C:\Users\Dean\source\repos\deanable\synapic.net\build\_python\win-x64-cuda\python\Lib\site-packages\PyInstaller\building\utils.py", line 250, in process_collected_binary
    p = subprocess.run(
        ^^^^^^^^^^^^^^^
  File "C:\Users\Dean\source\repos\deanable\synapic.net\build\_python\win-x64-cuda\python\Lib\subprocess.py", line 548, in run
    with Popen(*popenargs, **kwargs) as process:
         ^^^^^^^^^^^^^^^^^^^^^^^^^^^
  File "C:\Users\Dean\source\repos\deanable\synapic.net\build\_python\win-x64-cuda\python\Lib\subprocess.py", line 1026, in __init__
    self._execute_child(args, executable, preexec_fn, close_fds,
  File "C:\Users\Dean\source\repos\deanable\synapic.net\build\_python\win-x64-cuda\python\Lib\subprocess.py", line 1538, in _execute_child
    hp, ht, pid, tid = _winapi.CreateProcess(executable, args,
                       ^^^^^^^^^^^^^^^^^^^^^^^^^^^^^^^^^^^^^^^
FileNotFoundError: [WinError 2] The system cannot find the file specified
270060 INFO: Executing: strip C:\Users\Dean\AppData\Local\pyinstaller\bincache10py31164bit\api-ms-win-crt-filesystem-l1-1-0.dll
270062 WARNING: Failed to run strip on 'C:\\Users\\Dean\\AppData\\Local\\pyinstaller\\bincache10py31164bit\\api-ms-win-crt-filesystem-l1-1-0.dll'!
Traceback (most recent call last):
  File "C:\Users\Dean\source\repos\deanable\synapic.net\build\_python\win-x64-cuda\python\Lib\site-packages\PyInstaller\building\utils.py", line 250, in process_collected_binary
    p = subprocess.run(
        ^^^^^^^^^^^^^^^
  File "C:\Users\Dean\source\repos\deanable\synapic.net\build\_python\win-x64-cuda\python\Lib\subprocess.py", line 548, in run
    with Popen(*popenargs, **kwargs) as process:
         ^^^^^^^^^^^^^^^^^^^^^^^^^^^
  File "C:\Users\Dean\source\repos\deanable\synapic.net\build\_python\win-x64-cuda\python\Lib\subprocess.py", line 1026, in __init__
    self._execute_child(args, executable, preexec_fn, close_fds,
  File "C:\Users\Dean\source\repos\deanable\synapic.net\build\_python\win-x64-cuda\python\Lib\subprocess.py", line 1538, in _execute_child
    hp, ht, pid, tid = _winapi.CreateProcess(executable, args,
                       ^^^^^^^^^^^^^^^^^^^^^^^^^^^^^^^^^^^^^^^
FileNotFoundError: [WinError 2] The system cannot find the file specified
270208 INFO: Executing: strip C:\Users\Dean\AppData\Local\pyinstaller\bincache10py31164bit\api-ms-win-crt-utility-l1-1-0.dll
270209 WARNING: Failed to run strip on 'C:\\Users\\Dean\\AppData\\Local\\pyinstaller\\bincache10py31164bit\\api-ms-win-crt-utility-l1-1-0.dll'!
Traceback (most recent call last):
  File "C:\Users\Dean\source\repos\deanable\synapic.net\build\_python\win-x64-cuda\python\Lib\site-packages\PyInstaller\building\utils.py", line 250, in process_collected_binary
    p = subprocess.run(
        ^^^^^^^^^^^^^^^
  File "C:\Users\Dean\source\repos\deanable\synapic.net\build\_python\win-x64-cuda\python\Lib\subprocess.py", line 548, in run
    with Popen(*popenargs, **kwargs) as process:
         ^^^^^^^^^^^^^^^^^^^^^^^^^^^
  File "C:\Users\Dean\source\repos\deanable\synapic.net\build\_python\win-x64-cuda\python\Lib\subprocess.py", line 1026, in __init__
    self._execute_child(args, executable, preexec_fn, close_fds,
  File "C:\Users\Dean\source\repos\deanable\synapic.net\build\_python\win-x64-cuda\python\Lib\subprocess.py", line 1538, in _execute_child
    hp, ht, pid, tid = _winapi.CreateProcess(executable, args,
                       ^^^^^^^^^^^^^^^^^^^^^^^^^^^^^^^^^^^^^^^
FileNotFoundError: [WinError 2] The system cannot find the file specified
270221 INFO: Executing: strip C:\Users\Dean\AppData\Local\pyinstaller\bincache10py31164bit\api-ms-win-crt-process-l1-1-0.dll
270222 WARNING: Failed to run strip on 'C:\\Users\\Dean\\AppData\\Local\\pyinstaller\\bincache10py31164bit\\api-ms-win-crt-process-l1-1-0.dll'!
Traceback (most recent call last):
  File "C:\Users\Dean\source\repos\deanable\synapic.net\build\_python\win-x64-cuda\python\Lib\site-packages\PyInstaller\building\utils.py", line 250, in process_collected_binary
    p = subprocess.run(
        ^^^^^^^^^^^^^^^
  File "C:\Users\Dean\source\repos\deanable\synapic.net\build\_python\win-x64-cuda\python\Lib\subprocess.py", line 548, in run
    with Popen(*popenargs, **kwargs) as process:
         ^^^^^^^^^^^^^^^^^^^^^^^^^^^
  File "C:\Users\Dean\source\repos\deanable\synapic.net\build\_python\win-x64-cuda\python\Lib\subprocess.py", line 1026, in __init__
    self._execute_child(args, executable, preexec_fn, close_fds,
  File "C:\Users\Dean\source\repos\deanable\synapic.net\build\_python\win-x64-cuda\python\Lib\subprocess.py", line 1538, in _execute_child
    hp, ht, pid, tid = _winapi.CreateProcess(executable, args,
                       ^^^^^^^^^^^^^^^^^^^^^^^^^^^^^^^^^^^^^^^
FileNotFoundError: [WinError 2] The system cannot find the file specified
270231 INFO: Executing: strip C:\Users\Dean\AppData\Local\pyinstaller\bincache10py31164bit\api-ms-win-core-string-l1-1-0.dll
270232 WARNING: Failed to run strip on 'C:\\Users\\Dean\\AppData\\Local\\pyinstaller\\bincache10py31164bit\\api-ms-win-core-string-l1-1-0.dll'!
Traceback (most recent call last):
  File "C:\Users\Dean\source\repos\deanable\synapic.net\build\_python\win-x64-cuda\python\Lib\site-packages\PyInstaller\building\utils.py", line 250, in process_collected_binary
    p = subprocess.run(
        ^^^^^^^^^^^^^^^
  File "C:\Users\Dean\source\repos\deanable\synapic.net\build\_python\win-x64-cuda\python\Lib\subprocess.py", line 548, in run
    with Popen(*popenargs, **kwargs) as process:
         ^^^^^^^^^^^^^^^^^^^^^^^^^^^
  File "C:\Users\Dean\source\repos\deanable\synapic.net\build\_python\win-x64-cuda\python\Lib\subprocess.py", line 1026, in __init__
    self._execute_child(args, executable, preexec_fn, close_fds,
  File "C:\Users\Dean\source\repos\deanable\synapic.net\build\_python\win-x64-cuda\python\Lib\subprocess.py", line 1538, in _execute_child
    hp, ht, pid, tid = _winapi.CreateProcess(executable, args,
                       ^^^^^^^^^^^^^^^^^^^^^^^^^^^^^^^^^^^^^^^
FileNotFoundError: [WinError 2] The system cannot find the file specified
270241 INFO: Executing: strip C:\Users\Dean\AppData\Local\pyinstaller\bincache10py31164bit\api-ms-win-core-processthreads-l1-1-0.dll
270243 WARNING: Failed to run strip on 'C:\\Users\\Dean\\AppData\\Local\\pyinstaller\\bincache10py31164bit\\api-ms-win-core-processthreads-l1-1-0.dll'!
Traceback (most recent call last):
  File "C:\Users\Dean\source\repos\deanable\synapic.net\build\_python\win-x64-cuda\python\Lib\site-packages\PyInstaller\building\utils.py", line 250, in process_collected_binary
    p = subprocess.run(
        ^^^^^^^^^^^^^^^
  File "C:\Users\Dean\source\repos\deanable\synapic.net\build\_python\win-x64-cuda\python\Lib\subprocess.py", line 548, in run
    with Popen(*popenargs, **kwargs) as process:
         ^^^^^^^^^^^^^^^^^^^^^^^^^^^
  File "C:\Users\Dean\source\repos\deanable\synapic.net\build\_python\win-x64-cuda\python\Lib\subprocess.py", line 1026, in __init__
    self._execute_child(args, executable, preexec_fn, close_fds,
  File "C:\Users\Dean\source\repos\deanable\synapic.net\build\_python\win-x64-cuda\python\Lib\subprocess.py", line 1538, in _execute_child
    hp, ht, pid, tid = _winapi.CreateProcess(executable, args,
                       ^^^^^^^^^^^^^^^^^^^^^^^^^^^^^^^^^^^^^^^
FileNotFoundError: [WinError 2] The system cannot find the file specified
270254 INFO: Executing: strip C:\Users\Dean\AppData\Local\pyinstaller\bincache10py31164bit\api-ms-win-core-sysinfo-l1-1-0.dll
270255 WARNING: Failed to run strip on 'C:\\Users\\Dean\\AppData\\Local\\pyinstaller\\bincache10py31164bit\\api-ms-win-core-sysinfo-l1-1-0.dll'!
Traceback (most recent call last):
  File "C:\Users\Dean\source\repos\deanable\synapic.net\build\_python\win-x64-cuda\python\Lib\site-packages\PyInstaller\building\utils.py", line 250, in process_collected_binary
    p = subprocess.run(
        ^^^^^^^^^^^^^^^
  File "C:\Users\Dean\source\repos\deanable\synapic.net\build\_python\win-x64-cuda\python\Lib\subprocess.py", line 548, in run
    with Popen(*popenargs, **kwargs) as process:
         ^^^^^^^^^^^^^^^^^^^^^^^^^^^
  File "C:\Users\Dean\source\repos\deanable\synapic.net\build\_python\win-x64-cuda\python\Lib\subprocess.py", line 1026, in __init__
    self._execute_child(args, executable, preexec_fn, close_fds,
  File "C:\Users\Dean\source\repos\deanable\synapic.net\build\_python\win-x64-cuda\python\Lib\subprocess.py", line 1538, in _execute_child
    hp, ht, pid, tid = _winapi.CreateProcess(executable, args,
                       ^^^^^^^^^^^^^^^^^^^^^^^^^^^^^^^^^^^^^^^
FileNotFoundError: [WinError 2] The system cannot find the file specified
270264 INFO: Executing: strip C:\Users\Dean\AppData\Local\pyinstaller\bincache10py31164bit\api-ms-win-core-localization-l1-2-0.dll
270266 WARNING: Failed to run strip on 'C:\\Users\\Dean\\AppData\\Local\\pyinstaller\\bincache10py31164bit\\api-ms-win-core-localization-l1-2-0.dll'!
Traceback (most recent call last):
  File "C:\Users\Dean\source\repos\deanable\synapic.net\build\_python\win-x64-cuda\python\Lib\site-packages\PyInstaller\building\utils.py", line 250, in process_collected_binary
    p = subprocess.run(
        ^^^^^^^^^^^^^^^
  File "C:\Users\Dean\source\repos\deanable\synapic.net\build\_python\win-x64-cuda\python\Lib\subprocess.py", line 548, in run
    with Popen(*popenargs, **kwargs) as process:
         ^^^^^^^^^^^^^^^^^^^^^^^^^^^
  File "C:\Users\Dean\source\repos\deanable\synapic.net\build\_python\win-x64-cuda\python\Lib\subprocess.py", line 1026, in __init__
    self._execute_child(args, executable, preexec_fn, close_fds,
  File "C:\Users\Dean\source\repos\deanable\synapic.net\build\_python\win-x64-cuda\python\Lib\subprocess.py", line 1538, in _execute_child
    hp, ht, pid, tid = _winapi.CreateProcess(executable, args,
                       ^^^^^^^^^^^^^^^^^^^^^^^^^^^^^^^^^^^^^^^
FileNotFoundError: [WinError 2] The system cannot find the file specified
270277 INFO: Executing: strip C:\Users\Dean\AppData\Local\pyinstaller\bincache10py31164bit\api-ms-win-core-errorhandling-l1-1-0.dll
270279 WARNING: Failed to run strip on 'C:\\Users\\Dean\\AppData\\Local\\pyinstaller\\bincache10py31164bit\\api-ms-win-core-errorhandling-l1-1-0.dll'!
Traceback (most recent call last):
  File "C:\Users\Dean\source\repos\deanable\synapic.net\build\_python\win-x64-cuda\python\Lib\site-packages\PyInstaller\building\utils.py", line 250, in process_collected_binary
    p = subprocess.run(
        ^^^^^^^^^^^^^^^
  File "C:\Users\Dean\source\repos\deanable\synapic.net\build\_python\win-x64-cuda\python\Lib\subprocess.py", line 548, in run
    with Popen(*popenargs, **kwargs) as process:
         ^^^^^^^^^^^^^^^^^^^^^^^^^^^
  File "C:\Users\Dean\source\repos\deanable\synapic.net\build\_python\win-x64-cuda\python\Lib\subprocess.py", line 1026, in __init__
    self._execute_child(args, executable, preexec_fn, close_fds,
  File "C:\Users\Dean\source\repos\deanable\synapic.net\build\_python\win-x64-cuda\python\Lib\subprocess.py", line 1538, in _execute_child
    hp, ht, pid, tid = _winapi.CreateProcess(executable, args,
                       ^^^^^^^^^^^^^^^^^^^^^^^^^^^^^^^^^^^^^^^
FileNotFoundError: [WinError 2] The system cannot find the file specified
270315 INFO: Executing: strip C:\Users\Dean\AppData\Local\pyinstaller\bincache10py31164bit\api-ms-win-core-processenvironment-l1-1-0.dll
270316 WARNING: Failed to run strip on 'C:\\Users\\Dean\\AppData\\Local\\pyinstaller\\bincache10py31164bit\\api-ms-win-core-processenvironment-l1-1-0.dll'!
Traceback (most recent call last):
  File "C:\Users\Dean\source\repos\deanable\synapic.net\build\_python\win-x64-cuda\python\Lib\site-packages\PyInstaller\building\utils.py", line 250, in process_collected_binary
    p = subprocess.run(
        ^^^^^^^^^^^^^^^
  File "C:\Users\Dean\source\repos\deanable\synapic.net\build\_python\win-x64-cuda\python\Lib\subprocess.py", line 548, in run
    with Popen(*popenargs, **kwargs) as process:
         ^^^^^^^^^^^^^^^^^^^^^^^^^^^
  File "C:\Users\Dean\source\repos\deanable\synapic.net\build\_python\win-x64-cuda\python\Lib\subprocess.py", line 1026, in __init__
    self._execute_child(args, executable, preexec_fn, close_fds,
  File "C:\Users\Dean\source\repos\deanable\synapic.net\build\_python\win-x64-cuda\python\Lib\subprocess.py", line 1538, in _execute_child
    hp, ht, pid, tid = _winapi.CreateProcess(executable, args,
                       ^^^^^^^^^^^^^^^^^^^^^^^^^^^^^^^^^^^^^^^
FileNotFoundError: [WinError 2] The system cannot find the file specified
270324 INFO: Executing: strip C:\Users\Dean\AppData\Local\pyinstaller\bincache10py31164bit\api-ms-win-core-processthreads-l1-1-1.dll
270325 WARNING: Failed to run strip on 'C:\\Users\\Dean\\AppData\\Local\\pyinstaller\\bincache10py31164bit\\api-ms-win-core-processthreads-l1-1-1.dll'!
Traceback (most recent call last):
  File "C:\Users\Dean\source\repos\deanable\synapic.net\build\_python\win-x64-cuda\python\Lib\site-packages\PyInstaller\building\utils.py", line 250, in process_collected_binary
    p = subprocess.run(
        ^^^^^^^^^^^^^^^
  File "C:\Users\Dean\source\repos\deanable\synapic.net\build\_python\win-x64-cuda\python\Lib\subprocess.py", line 548, in run
    with Popen(*popenargs, **kwargs) as process:
         ^^^^^^^^^^^^^^^^^^^^^^^^^^^
  File "C:\Users\Dean\source\repos\deanable\synapic.net\build\_python\win-x64-cuda\python\Lib\subprocess.py", line 1026, in __init__
    self._execute_child(args, executable, preexec_fn, close_fds,
  File "C:\Users\Dean\source\repos\deanable\synapic.net\build\_python\win-x64-cuda\python\Lib\subprocess.py", line 1538, in _execute_child
    hp, ht, pid, tid = _winapi.CreateProcess(executable, args,
                       ^^^^^^^^^^^^^^^^^^^^^^^^^^^^^^^^^^^^^^^
FileNotFoundError: [WinError 2] The system cannot find the file specified
270334 INFO: Executing: strip C:\Users\Dean\AppData\Local\pyinstaller\bincache10py31164bit\api-ms-win-core-heap-l1-1-0.dll
270335 WARNING: Failed to run strip on 'C:\\Users\\Dean\\AppData\\Local\\pyinstaller\\bincache10py31164bit\\api-ms-win-core-heap-l1-1-0.dll'!
Traceback (most recent call last):
  File "C:\Users\Dean\source\repos\deanable\synapic.net\build\_python\win-x64-cuda\python\Lib\site-packages\PyInstaller\building\utils.py", line 250, in process_collected_binary
    p = subprocess.run(
        ^^^^^^^^^^^^^^^
  File "C:\Users\Dean\source\repos\deanable\synapic.net\build\_python\win-x64-cuda\python\Lib\subprocess.py", line 548, in run
    with Popen(*popenargs, **kwargs) as process:
         ^^^^^^^^^^^^^^^^^^^^^^^^^^^
  File "C:\Users\Dean\source\repos\deanable\synapic.net\build\_python\win-x64-cuda\python\Lib\subprocess.py", line 1026, in __init__
    self._execute_child(args, executable, preexec_fn, close_fds,
  File "C:\Users\Dean\source\repos\deanable\synapic.net\build\_python\win-x64-cuda\python\Lib\subprocess.py", line 1538, in _execute_child
    hp, ht, pid, tid = _winapi.CreateProcess(executable, args,
                       ^^^^^^^^^^^^^^^^^^^^^^^^^^^^^^^^^^^^^^^
FileNotFoundError: [WinError 2] The system cannot find the file specified
270346 INFO: Executing: strip C:\Users\Dean\AppData\Local\pyinstaller\bincache10py31164bit\api-ms-win-core-file-l1-1-0.dll
270350 WARNING: Failed to run strip on 'C:\\Users\\Dean\\AppData\\Local\\pyinstaller\\bincache10py31164bit\\api-ms-win-core-file-l1-1-0.dll'!
Traceback (most recent call last):
  File "C:\Users\Dean\source\repos\deanable\synapic.net\build\_python\win-x64-cuda\python\Lib\site-packages\PyInstaller\building\utils.py", line 250, in process_collected_binary
    p = subprocess.run(
        ^^^^^^^^^^^^^^^
  File "C:\Users\Dean\source\repos\deanable\synapic.net\build\_python\win-x64-cuda\python\Lib\subprocess.py", line 548, in run
    with Popen(*popenargs, **kwargs) as process:
         ^^^^^^^^^^^^^^^^^^^^^^^^^^^
  File "C:\Users\Dean\source\repos\deanable\synapic.net\build\_python\win-x64-cuda\python\Lib\subprocess.py", line 1026, in __init__
    self._execute_child(args, executable, preexec_fn, close_fds,
  File "C:\Users\Dean\source\repos\deanable\synapic.net\build\_python\win-x64-cuda\python\Lib\subprocess.py", line 1538, in _execute_child
    hp, ht, pid, tid = _winapi.CreateProcess(executable, args,
                       ^^^^^^^^^^^^^^^^^^^^^^^^^^^^^^^^^^^^^^^
FileNotFoundError: [WinError 2] The system cannot find the file specified
270362 INFO: Executing: strip C:\Users\Dean\AppData\Local\pyinstaller\bincache10py31164bit\api-ms-win-core-debug-l1-1-0.dll
270364 WARNING: Failed to run strip on 'C:\\Users\\Dean\\AppData\\Local\\pyinstaller\\bincache10py31164bit\\api-ms-win-core-debug-l1-1-0.dll'!
Traceback (most recent call last):
  File "C:\Users\Dean\source\repos\deanable\synapic.net\build\_python\win-x64-cuda\python\Lib\site-packages\PyInstaller\building\utils.py", line 250, in process_collected_binary
    p = subprocess.run(
        ^^^^^^^^^^^^^^^
  File "C:\Users\Dean\source\repos\deanable\synapic.net\build\_python\win-x64-cuda\python\Lib\subprocess.py", line 548, in run
    with Popen(*popenargs, **kwargs) as process:
         ^^^^^^^^^^^^^^^^^^^^^^^^^^^
  File "C:\Users\Dean\source\repos\deanable\synapic.net\build\_python\win-x64-cuda\python\Lib\subprocess.py", line 1026, in __init__
    self._execute_child(args, executable, preexec_fn, close_fds,
  File "C:\Users\Dean\source\repos\deanable\synapic.net\build\_python\win-x64-cuda\python\Lib\subprocess.py", line 1538, in _execute_child
    hp, ht, pid, tid = _winapi.CreateProcess(executable, args,
                       ^^^^^^^^^^^^^^^^^^^^^^^^^^^^^^^^^^^^^^^
FileNotFoundError: [WinError 2] The system cannot find the file specified
270372 INFO: Executing: strip C:\Users\Dean\AppData\Local\pyinstaller\bincache10py31164bit\api-ms-win-core-rtlsupport-l1-1-0.dll
270372 WARNING: Failed to run strip on 'C:\\Users\\Dean\\AppData\\Local\\pyinstaller\\bincache10py31164bit\\api-ms-win-core-rtlsupport-l1-1-0.dll'!
Traceback (most recent call last):
  File "C:\Users\Dean\source\repos\deanable\synapic.net\build\_python\win-x64-cuda\python\Lib\site-packages\PyInstaller\building\utils.py", line 250, in process_collected_binary
    p = subprocess.run(
        ^^^^^^^^^^^^^^^
  File "C:\Users\Dean\source\repos\deanable\synapic.net\build\_python\win-x64-cuda\python\Lib\subprocess.py", line 548, in run
    with Popen(*popenargs, **kwargs) as process:
         ^^^^^^^^^^^^^^^^^^^^^^^^^^^
  File "C:\Users\Dean\source\repos\deanable\synapic.net\build\_python\win-x64-cuda\python\Lib\subprocess.py", line 1026, in __init__
    self._execute_child(args, executable, preexec_fn, close_fds,
  File "C:\Users\Dean\source\repos\deanable\synapic.net\build\_python\win-x64-cuda\python\Lib\subprocess.py", line 1538, in _execute_child
    hp, ht, pid, tid = _winapi.CreateProcess(executable, args,
                       ^^^^^^^^^^^^^^^^^^^^^^^^^^^^^^^^^^^^^^^
FileNotFoundError: [WinError 2] The system cannot find the file specified
270380 INFO: Executing: strip C:\Users\Dean\AppData\Local\pyinstaller\bincache10py31164bit\api-ms-win-core-console-l1-1-0.dll
270381 WARNING: Failed to run strip on 'C:\\Users\\Dean\\AppData\\Local\\pyinstaller\\bincache10py31164bit\\api-ms-win-core-console-l1-1-0.dll'!
Traceback (most recent call last):
  File "C:\Users\Dean\source\repos\deanable\synapic.net\build\_python\win-x64-cuda\python\Lib\site-packages\PyInstaller\building\utils.py", line 250, in process_collected_binary
    p = subprocess.run(
        ^^^^^^^^^^^^^^^
  File "C:\Users\Dean\source\repos\deanable\synapic.net\build\_python\win-x64-cuda\python\Lib\subprocess.py", line 548, in run
    with Popen(*popenargs, **kwargs) as process:
         ^^^^^^^^^^^^^^^^^^^^^^^^^^^
  File "C:\Users\Dean\source\repos\deanable\synapic.net\build\_python\win-x64-cuda\python\Lib\subprocess.py", line 1026, in __init__
    self._execute_child(args, executable, preexec_fn, close_fds,
  File "C:\Users\Dean\source\repos\deanable\synapic.net\build\_python\win-x64-cuda\python\Lib\subprocess.py", line 1538, in _execute_child
    hp, ht, pid, tid = _winapi.CreateProcess(executable, args,
                       ^^^^^^^^^^^^^^^^^^^^^^^^^^^^^^^^^^^^^^^
FileNotFoundError: [WinError 2] The system cannot find the file specified
270386 INFO: Executing: strip C:\Users\Dean\AppData\Local\pyinstaller\bincache10py31164bit\api-ms-win-core-synch-l1-1-0.dll
270386 WARNING: Failed to run strip on 'C:\\Users\\Dean\\AppData\\Local\\pyinstaller\\bincache10py31164bit\\api-ms-win-core-synch-l1-1-0.dll'!
Traceback (most recent call last):
  File "C:\Users\Dean\source\repos\deanable\synapic.net\build\_python\win-x64-cuda\python\Lib\site-packages\PyInstaller\building\utils.py", line 250, in process_collected_binary
    p = subprocess.run(
        ^^^^^^^^^^^^^^^
  File "C:\Users\Dean\source\repos\deanable\synapic.net\build\_python\win-x64-cuda\python\Lib\subprocess.py", line 548, in run
    with Popen(*popenargs, **kwargs) as process:
         ^^^^^^^^^^^^^^^^^^^^^^^^^^^
  File "C:\Users\Dean\source\repos\deanable\synapic.net\build\_python\win-x64-cuda\python\Lib\subprocess.py", line 1026, in __init__
    self._execute_child(args, executable, preexec_fn, close_fds,
  File "C:\Users\Dean\source\repos\deanable\synapic.net\build\_python\win-x64-cuda\python\Lib\subprocess.py", line 1538, in _execute_child
    hp, ht, pid, tid = _winapi.CreateProcess(executable, args,
                       ^^^^^^^^^^^^^^^^^^^^^^^^^^^^^^^^^^^^^^^
FileNotFoundError: [WinError 2] The system cannot find the file specified
270391 INFO: Executing: strip C:\Users\Dean\AppData\Local\pyinstaller\bincache10py31164bit\api-ms-win-core-profile-l1-1-0.dll
270392 WARNING: Failed to run strip on 'C:\\Users\\Dean\\AppData\\Local\\pyinstaller\\bincache10py31164bit\\api-ms-win-core-profile-l1-1-0.dll'!
Traceback (most recent call last):
  File "C:\Users\Dean\source\repos\deanable\synapic.net\build\_python\win-x64-cuda\python\Lib\site-packages\PyInstaller\building\utils.py", line 250, in process_collected_binary
    p = subprocess.run(
        ^^^^^^^^^^^^^^^
  File "C:\Users\Dean\source\repos\deanable\synapic.net\build\_python\win-x64-cuda\python\Lib\subprocess.py", line 548, in run
    with Popen(*popenargs, **kwargs) as process:
         ^^^^^^^^^^^^^^^^^^^^^^^^^^^
  File "C:\Users\Dean\source\repos\deanable\synapic.net\build\_python\win-x64-cuda\python\Lib\subprocess.py", line 1026, in __init__
    self._execute_child(args, executable, preexec_fn, close_fds,
  File "C:\Users\Dean\source\repos\deanable\synapic.net\build\_python\win-x64-cuda\python\Lib\subprocess.py", line 1538, in _execute_child
    hp, ht, pid, tid = _winapi.CreateProcess(executable, args,
                       ^^^^^^^^^^^^^^^^^^^^^^^^^^^^^^^^^^^^^^^
FileNotFoundError: [WinError 2] The system cannot find the file specified
270398 INFO: Executing: strip C:\Users\Dean\AppData\Local\pyinstaller\bincache10py31164bit\api-ms-win-core-interlocked-l1-1-0.dll
270399 WARNING: Failed to run strip on 'C:\\Users\\Dean\\AppData\\Local\\pyinstaller\\bincache10py31164bit\\api-ms-win-core-interlocked-l1-1-0.dll'!
Traceback (most recent call last):
  File "C:\Users\Dean\source\repos\deanable\synapic.net\build\_python\win-x64-cuda\python\Lib\site-packages\PyInstaller\building\utils.py", line 250, in process_collected_binary
    p = subprocess.run(
        ^^^^^^^^^^^^^^^
  File "C:\Users\Dean\source\repos\deanable\synapic.net\build\_python\win-x64-cuda\python\Lib\subprocess.py", line 548, in run
    with Popen(*popenargs, **kwargs) as process:
         ^^^^^^^^^^^^^^^^^^^^^^^^^^^
  File "C:\Users\Dean\source\repos\deanable\synapic.net\build\_python\win-x64-cuda\python\Lib\subprocess.py", line 1026, in __init__
    self._execute_child(args, executable, preexec_fn, close_fds,
  File "C:\Users\Dean\source\repos\deanable\synapic.net\build\_python\win-x64-cuda\python\Lib\subprocess.py", line 1538, in _execute_child
    hp, ht, pid, tid = _winapi.CreateProcess(executable, args,
                       ^^^^^^^^^^^^^^^^^^^^^^^^^^^^^^^^^^^^^^^
FileNotFoundError: [WinError 2] The system cannot find the file specified
270404 INFO: Executing: strip C:\Users\Dean\AppData\Local\pyinstaller\bincache10py31164bit\api-ms-win-core-handle-l1-1-0.dll
270406 WARNING: Failed to run strip on 'C:\\Users\\Dean\\AppData\\Local\\pyinstaller\\bincache10py31164bit\\api-ms-win-core-handle-l1-1-0.dll'!
Traceback (most recent call last):
  File "C:\Users\Dean\source\repos\deanable\synapic.net\build\_python\win-x64-cuda\python\Lib\site-packages\PyInstaller\building\utils.py", line 250, in process_collected_binary
    p = subprocess.run(
        ^^^^^^^^^^^^^^^
  File "C:\Users\Dean\source\repos\deanable\synapic.net\build\_python\win-x64-cuda\python\Lib\subprocess.py", line 548, in run
    with Popen(*popenargs, **kwargs) as process:
         ^^^^^^^^^^^^^^^^^^^^^^^^^^^
  File "C:\Users\Dean\source\repos\deanable\synapic.net\build\_python\win-x64-cuda\python\Lib\subprocess.py", line 1026, in __init__
    self._execute_child(args, executable, preexec_fn, close_fds,
  File "C:\Users\Dean\source\repos\deanable\synapic.net\build\_python\win-x64-cuda\python\Lib\subprocess.py", line 1538, in _execute_child
    hp, ht, pid, tid = _winapi.CreateProcess(executable, args,
                       ^^^^^^^^^^^^^^^^^^^^^^^^^^^^^^^^^^^^^^^
FileNotFoundError: [WinError 2] The system cannot find the file specified
270415 INFO: Executing: strip C:\Users\Dean\AppData\Local\pyinstaller\bincache10py31164bit\api-ms-win-crt-conio-l1-1-0.dll
270416 WARNING: Failed to run strip on 'C:\\Users\\Dean\\AppData\\Local\\pyinstaller\\bincache10py31164bit\\api-ms-win-crt-conio-l1-1-0.dll'!
Traceback (most recent call last):
  File "C:\Users\Dean\source\repos\deanable\synapic.net\build\_python\win-x64-cuda\python\Lib\site-packages\PyInstaller\building\utils.py", line 250, in process_collected_binary
    p = subprocess.run(
        ^^^^^^^^^^^^^^^
  File "C:\Users\Dean\source\repos\deanable\synapic.net\build\_python\win-x64-cuda\python\Lib\subprocess.py", line 548, in run
    with Popen(*popenargs, **kwargs) as process:
         ^^^^^^^^^^^^^^^^^^^^^^^^^^^
  File "C:\Users\Dean\source\repos\deanable\synapic.net\build\_python\win-x64-cuda\python\Lib\subprocess.py", line 1026, in __init__
    self._execute_child(args, executable, preexec_fn, close_fds,
  File "C:\Users\Dean\source\repos\deanable\synapic.net\build\_python\win-x64-cuda\python\Lib\subprocess.py", line 1538, in _execute_child
    hp, ht, pid, tid = _winapi.CreateProcess(executable, args,
                       ^^^^^^^^^^^^^^^^^^^^^^^^^^^^^^^^^^^^^^^
FileNotFoundError: [WinError 2] The system cannot find the file specified
270424 INFO: Executing: strip C:\Users\Dean\AppData\Local\pyinstaller\bincache10py31164bit\api-ms-win-crt-private-l1-1-0.dll
270424 WARNING: Failed to run strip on 'C:\\Users\\Dean\\AppData\\Local\\pyinstaller\\bincache10py31164bit\\api-ms-win-crt-private-l1-1-0.dll'!
Traceback (most recent call last):
  File "C:\Users\Dean\source\repos\deanable\synapic.net\build\_python\win-x64-cuda\python\Lib\site-packages\PyInstaller\building\utils.py", line 250, in process_collected_binary
    p = subprocess.run(
        ^^^^^^^^^^^^^^^
  File "C:\Users\Dean\source\repos\deanable\synapic.net\build\_python\win-x64-cuda\python\Lib\subprocess.py", line 548, in run
    with Popen(*popenargs, **kwargs) as process:
         ^^^^^^^^^^^^^^^^^^^^^^^^^^^
  File "C:\Users\Dean\source\repos\deanable\synapic.net\build\_python\win-x64-cuda\python\Lib\subprocess.py", line 1026, in __init__
    self._execute_child(args, executable, preexec_fn, close_fds,
  File "C:\Users\Dean\source\repos\deanable\synapic.net\build\_python\win-x64-cuda\python\Lib\subprocess.py", line 1538, in _execute_child
    hp, ht, pid, tid = _winapi.CreateProcess(executable, args,
                       ^^^^^^^^^^^^^^^^^^^^^^^^^^^^^^^^^^^^^^^
FileNotFoundError: [WinError 2] The system cannot find the file specified
270456 INFO: Executing: strip C:\Users\Dean\AppData\Local\pyinstaller\bincache10py31164bit\libcrypto-3-x64.dll
270457 WARNING: Failed to run strip on 'C:\\Users\\Dean\\AppData\\Local\\pyinstaller\\bincache10py31164bit\\libcrypto-3-x64.dll'!
Traceback (most recent call last):
  File "C:\Users\Dean\source\repos\deanable\synapic.net\build\_python\win-x64-cuda\python\Lib\site-packages\PyInstaller\building\utils.py", line 250, in process_collected_binary
    p = subprocess.run(
        ^^^^^^^^^^^^^^^
  File "C:\Users\Dean\source\repos\deanable\synapic.net\build\_python\win-x64-cuda\python\Lib\subprocess.py", line 548, in run
    with Popen(*popenargs, **kwargs) as process:
         ^^^^^^^^^^^^^^^^^^^^^^^^^^^
  File "C:\Users\Dean\source\repos\deanable\synapic.net\build\_python\win-x64-cuda\python\Lib\subprocess.py", line 1026, in __init__
    self._execute_child(args, executable, preexec_fn, close_fds,
  File "C:\Users\Dean\source\repos\deanable\synapic.net\build\_python\win-x64-cuda\python\Lib\subprocess.py", line 1538, in _execute_child
    hp, ht, pid, tid = _winapi.CreateProcess(executable, args,
                       ^^^^^^^^^^^^^^^^^^^^^^^^^^^^^^^^^^^^^^^
FileNotFoundError: [WinError 2] The system cannot find the file specified
270462 INFO: Executing: strip C:\Users\Dean\AppData\Local\pyinstaller\bincache10py31164bit\libffi-8.dll
270463 WARNING: Failed to run strip on 'C:\\Users\\Dean\\AppData\\Local\\pyinstaller\\bincache10py31164bit\\libffi-8.dll'!
Traceback (most recent call last):
  File "C:\Users\Dean\source\repos\deanable\synapic.net\build\_python\win-x64-cuda\python\Lib\site-packages\PyInstaller\building\utils.py", line 250, in process_collected_binary
    p = subprocess.run(
        ^^^^^^^^^^^^^^^
  File "C:\Users\Dean\source\repos\deanable\synapic.net\build\_python\win-x64-cuda\python\Lib\subprocess.py", line 548, in run
    with Popen(*popenargs, **kwargs) as process:
         ^^^^^^^^^^^^^^^^^^^^^^^^^^^
  File "C:\Users\Dean\source\repos\deanable\synapic.net\build\_python\win-x64-cuda\python\Lib\subprocess.py", line 1026, in __init__
    self._execute_child(args, executable, preexec_fn, close_fds,
  File "C:\Users\Dean\source\repos\deanable\synapic.net\build\_python\win-x64-cuda\python\Lib\subprocess.py", line 1538, in _execute_child
    hp, ht, pid, tid = _winapi.CreateProcess(executable, args,
                       ^^^^^^^^^^^^^^^^^^^^^^^^^^^^^^^^^^^^^^^
FileNotFoundError: [WinError 2] The system cannot find the file specified
270475 INFO: Executing: strip C:\Users\Dean\AppData\Local\pyinstaller\bincache10py31164bit\libssl-3-x64.dll
270476 WARNING: Failed to run strip on 'C:\\Users\\Dean\\AppData\\Local\\pyinstaller\\bincache10py31164bit\\libssl-3-x64.dll'!
Traceback (most recent call last):
  File "C:\Users\Dean\source\repos\deanable\synapic.net\build\_python\win-x64-cuda\python\Lib\site-packages\PyInstaller\building\utils.py", line 250, in process_collected_binary
    p = subprocess.run(
        ^^^^^^^^^^^^^^^
  File "C:\Users\Dean\source\repos\deanable\synapic.net\build\_python\win-x64-cuda\python\Lib\subprocess.py", line 548, in run
    with Popen(*popenargs, **kwargs) as process:
         ^^^^^^^^^^^^^^^^^^^^^^^^^^^
  File "C:\Users\Dean\source\repos\deanable\synapic.net\build\_python\win-x64-cuda\python\Lib\subprocess.py", line 1026, in __init__
    self._execute_child(args, executable, preexec_fn, close_fds,
  File "C:\Users\Dean\source\repos\deanable\synapic.net\build\_python\win-x64-cuda\python\Lib\subprocess.py", line 1538, in _execute_child
    hp, ht, pid, tid = _winapi.CreateProcess(executable, args,
                       ^^^^^^^^^^^^^^^^^^^^^^^^^^^^^^^^^^^^^^^
FileNotFoundError: [WinError 2] The system cannot find the file specified
270481 INFO: Executing: strip C:\Users\Dean\AppData\Local\pyinstaller\bincache10py31164bit\python3.dll
270483 WARNING: Failed to run strip on 'C:\\Users\\Dean\\AppData\\Local\\pyinstaller\\bincache10py31164bit\\python3.dll'!
Traceback (most recent call last):
  File "C:\Users\Dean\source\repos\deanable\synapic.net\build\_python\win-x64-cuda\python\Lib\site-packages\PyInstaller\building\utils.py", line 250, in process_collected_binary
    p = subprocess.run(
        ^^^^^^^^^^^^^^^
  File "C:\Users\Dean\source\repos\deanable\synapic.net\build\_python\win-x64-cuda\python\Lib\subprocess.py", line 548, in run
    with Popen(*popenargs, **kwargs) as process:
         ^^^^^^^^^^^^^^^^^^^^^^^^^^^
  File "C:\Users\Dean\source\repos\deanable\synapic.net\build\_python\win-x64-cuda\python\Lib\subprocess.py", line 1026, in __init__
    self._execute_child(args, executable, preexec_fn, close_fds,
  File "C:\Users\Dean\source\repos\deanable\synapic.net\build\_python\win-x64-cuda\python\Lib\subprocess.py", line 1538, in _execute_child
    hp, ht, pid, tid = _winapi.CreateProcess(executable, args,
                       ^^^^^^^^^^^^^^^^^^^^^^^^^^^^^^^^^^^^^^^
FileNotFoundError: [WinError 2] The system cannot find the file specified
270491 INFO: Executing: strip C:\Users\Dean\AppData\Local\pyinstaller\bincache10py31164bit\api-ms-win-core-synch-l1-2-0.dll
270492 WARNING: Failed to run strip on 'C:\\Users\\Dean\\AppData\\Local\\pyinstaller\\bincache10py31164bit\\api-ms-win-core-synch-l1-2-0.dll'!
Traceback (most recent call last):
  File "C:\Users\Dean\source\repos\deanable\synapic.net\build\_python\win-x64-cuda\python\Lib\site-packages\PyInstaller\building\utils.py", line 250, in process_collected_binary
    p = subprocess.run(
        ^^^^^^^^^^^^^^^
  File "C:\Users\Dean\source\repos\deanable\synapic.net\build\_python\win-x64-cuda\python\Lib\subprocess.py", line 548, in run
    with Popen(*popenargs, **kwargs) as process:
         ^^^^^^^^^^^^^^^^^^^^^^^^^^^
  File "C:\Users\Dean\source\repos\deanable\synapic.net\build\_python\win-x64-cuda\python\Lib\subprocess.py", line 1026, in __init__
    self._execute_child(args, executable, preexec_fn, close_fds,
  File "C:\Users\Dean\source\repos\deanable\synapic.net\build\_python\win-x64-cuda\python\Lib\subprocess.py", line 1538, in _execute_child
    hp, ht, pid, tid = _winapi.CreateProcess(executable, args,
                       ^^^^^^^^^^^^^^^^^^^^^^^^^^^^^^^^^^^^^^^
FileNotFoundError: [WinError 2] The system cannot find the file specified
270506 INFO: Executing: strip C:\Users\Dean\AppData\Local\pyinstaller\bincache10py31164bit\sqlite3.dll
270507 WARNING: Failed to run strip on 'C:\\Users\\Dean\\AppData\\Local\\pyinstaller\\bincache10py31164bit\\sqlite3.dll'!
Traceback (most recent call last):
  File "C:\Users\Dean\source\repos\deanable\synapic.net\build\_python\win-x64-cuda\python\Lib\site-packages\PyInstaller\building\utils.py", line 250, in process_collected_binary
    p = subprocess.run(
        ^^^^^^^^^^^^^^^
  File "C:\Users\Dean\source\repos\deanable\synapic.net\build\_python\win-x64-cuda\python\Lib\subprocess.py", line 548, in run
    with Popen(*popenargs, **kwargs) as process:
         ^^^^^^^^^^^^^^^^^^^^^^^^^^^
  File "C:\Users\Dean\source\repos\deanable\synapic.net\build\_python\win-x64-cuda\python\Lib\subprocess.py", line 1026, in __init__
    self._execute_child(args, executable, preexec_fn, close_fds,
  File "C:\Users\Dean\source\repos\deanable\synapic.net\build\_python\win-x64-cuda\python\Lib\subprocess.py", line 1538, in _execute_child
    hp, ht, pid, tid = _winapi.CreateProcess(executable, args,
                       ^^^^^^^^^^^^^^^^^^^^^^^^^^^^^^^^^^^^^^^
FileNotFoundError: [WinError 2] The system cannot find the file specified
270526 INFO: Executing: strip C:\Users\Dean\AppData\Local\pyinstaller\bincache10py31164bit\torchvision\python311.dll
270527 WARNING: Failed to run strip on 'C:\\Users\\Dean\\AppData\\Local\\pyinstaller\\bincache10py31164bit\\torchvision\\python311.dll'!
Traceback (most recent call last):
  File "C:\Users\Dean\source\repos\deanable\synapic.net\build\_python\win-x64-cuda\python\Lib\site-packages\PyInstaller\building\utils.py", line 250, in process_collected_binary
    p = subprocess.run(
        ^^^^^^^^^^^^^^^
  File "C:\Users\Dean\source\repos\deanable\synapic.net\build\_python\win-x64-cuda\python\Lib\subprocess.py", line 548, in run
    with Popen(*popenargs, **kwargs) as process:
         ^^^^^^^^^^^^^^^^^^^^^^^^^^^
  File "C:\Users\Dean\source\repos\deanable\synapic.net\build\_python\win-x64-cuda\python\Lib\subprocess.py", line 1026, in __init__
    self._execute_child(args, executable, preexec_fn, close_fds,
  File "C:\Users\Dean\source\repos\deanable\synapic.net\build\_python\win-x64-cuda\python\Lib\subprocess.py", line 1538, in _execute_child
    hp, ht, pid, tid = _winapi.CreateProcess(executable, args,
                       ^^^^^^^^^^^^^^^^^^^^^^^^^^^^^^^^^^^^^^^
FileNotFoundError: [WinError 2] The system cannot find the file specified
270547 INFO: Executing: strip C:\Users\Dean\AppData\Local\pyinstaller\bincache10py31164bit\torchvision\nvjpeg64_12.dll
270548 WARNING: Failed to run strip on 'C:\\Users\\Dean\\AppData\\Local\\pyinstaller\\bincache10py31164bit\\torchvision\\nvjpeg64_12.dll'!
Traceback (most recent call last):
  File "C:\Users\Dean\source\repos\deanable\synapic.net\build\_python\win-x64-cuda\python\Lib\site-packages\PyInstaller\building\utils.py", line 250, in process_collected_binary
    p = subprocess.run(
        ^^^^^^^^^^^^^^^
  File "C:\Users\Dean\source\repos\deanable\synapic.net\build\_python\win-x64-cuda\python\Lib\subprocess.py", line 548, in run
    with Popen(*popenargs, **kwargs) as process:
         ^^^^^^^^^^^^^^^^^^^^^^^^^^^
  File "C:\Users\Dean\source\repos\deanable\synapic.net\build\_python\win-x64-cuda\python\Lib\subprocess.py", line 1026, in __init__
    self._execute_child(args, executable, preexec_fn, close_fds,
  File "C:\Users\Dean\source\repos\deanable\synapic.net\build\_python\win-x64-cuda\python\Lib\subprocess.py", line 1538, in _execute_child
    hp, ht, pid, tid = _winapi.CreateProcess(executable, args,
                       ^^^^^^^^^^^^^^^^^^^^^^^^^^^^^^^^^^^^^^^
FileNotFoundError: [WinError 2] The system cannot find the file specified
270569 INFO: Executing: strip C:\Users\Dean\AppData\Local\pyinstaller\bincache10py31164bit\torchvision\cudart64_12.dll
270572 WARNING: Failed to run strip on 'C:\\Users\\Dean\\AppData\\Local\\pyinstaller\\bincache10py31164bit\\torchvision\\cudart64_12.dll'!
Traceback (most recent call last):
  File "C:\Users\Dean\source\repos\deanable\synapic.net\build\_python\win-x64-cuda\python\Lib\site-packages\PyInstaller\building\utils.py", line 250, in process_collected_binary
    p = subprocess.run(
        ^^^^^^^^^^^^^^^
  File "C:\Users\Dean\source\repos\deanable\synapic.net\build\_python\win-x64-cuda\python\Lib\subprocess.py", line 548, in run
    with Popen(*popenargs, **kwargs) as process:
         ^^^^^^^^^^^^^^^^^^^^^^^^^^^
  File "C:\Users\Dean\source\repos\deanable\synapic.net\build\_python\win-x64-cuda\python\Lib\subprocess.py", line 1026, in __init__
    self._execute_child(args, executable, preexec_fn, close_fds,
  File "C:\Users\Dean\source\repos\deanable\synapic.net\build\_python\win-x64-cuda\python\Lib\subprocess.py", line 1538, in _execute_child
    hp, ht, pid, tid = _winapi.CreateProcess(executable, args,
                       ^^^^^^^^^^^^^^^^^^^^^^^^^^^^^^^^^^^^^^^
FileNotFoundError: [WinError 2] The system cannot find the file specified
270581 INFO: Executing: strip C:\Users\Dean\AppData\Local\pyinstaller\bincache10py31164bit\torchvision\jpeg8.dll
270583 WARNING: Failed to run strip on 'C:\\Users\\Dean\\AppData\\Local\\pyinstaller\\bincache10py31164bit\\torchvision\\jpeg8.dll'!
Traceback (most recent call last):
  File "C:\Users\Dean\source\repos\deanable\synapic.net\build\_python\win-x64-cuda\python\Lib\site-packages\PyInstaller\building\utils.py", line 250, in process_collected_binary
    p = subprocess.run(
        ^^^^^^^^^^^^^^^
  File "C:\Users\Dean\source\repos\deanable\synapic.net\build\_python\win-x64-cuda\python\Lib\subprocess.py", line 548, in run
    with Popen(*popenargs, **kwargs) as process:
         ^^^^^^^^^^^^^^^^^^^^^^^^^^^
  File "C:\Users\Dean\source\repos\deanable\synapic.net\build\_python\win-x64-cuda\python\Lib\subprocess.py", line 1026, in __init__
    self._execute_child(args, executable, preexec_fn, close_fds,
  File "C:\Users\Dean\source\repos\deanable\synapic.net\build\_python\win-x64-cuda\python\Lib\subprocess.py", line 1538, in _execute_child
    hp, ht, pid, tid = _winapi.CreateProcess(executable, args,
                       ^^^^^^^^^^^^^^^^^^^^^^^^^^^^^^^^^^^^^^^
FileNotFoundError: [WinError 2] The system cannot find the file specified
270595 INFO: Executing: strip C:\Users\Dean\AppData\Local\pyinstaller\bincache10py31164bit\torchvision\libwebp.dll
270597 WARNING: Failed to run strip on 'C:\\Users\\Dean\\AppData\\Local\\pyinstaller\\bincache10py31164bit\\torchvision\\libwebp.dll'!
Traceback (most recent call last):
  File "C:\Users\Dean\source\repos\deanable\synapic.net\build\_python\win-x64-cuda\python\Lib\site-packages\PyInstaller\building\utils.py", line 250, in process_collected_binary
    p = subprocess.run(
        ^^^^^^^^^^^^^^^
  File "C:\Users\Dean\source\repos\deanable\synapic.net\build\_python\win-x64-cuda\python\Lib\subprocess.py", line 548, in run
    with Popen(*popenargs, **kwargs) as process:
         ^^^^^^^^^^^^^^^^^^^^^^^^^^^
  File "C:\Users\Dean\source\repos\deanable\synapic.net\build\_python\win-x64-cuda\python\Lib\subprocess.py", line 1026, in __init__
    self._execute_child(args, executable, preexec_fn, close_fds,
  File "C:\Users\Dean\source\repos\deanable\synapic.net\build\_python\win-x64-cuda\python\Lib\subprocess.py", line 1538, in _execute_child
    hp, ht, pid, tid = _winapi.CreateProcess(executable, args,
                       ^^^^^^^^^^^^^^^^^^^^^^^^^^^^^^^^^^^^^^^
FileNotFoundError: [WinError 2] The system cannot find the file specified
270606 INFO: Executing: strip C:\Users\Dean\AppData\Local\pyinstaller\bincache10py31164bit\torchvision\libpng16.dll
270607 WARNING: Failed to run strip on 'C:\\Users\\Dean\\AppData\\Local\\pyinstaller\\bincache10py31164bit\\torchvision\\libpng16.dll'!
Traceback (most recent call last):
  File "C:\Users\Dean\source\repos\deanable\synapic.net\build\_python\win-x64-cuda\python\Lib\site-packages\PyInstaller\building\utils.py", line 250, in process_collected_binary
    p = subprocess.run(
        ^^^^^^^^^^^^^^^
  File "C:\Users\Dean\source\repos\deanable\synapic.net\build\_python\win-x64-cuda\python\Lib\subprocess.py", line 548, in run
    with Popen(*popenargs, **kwargs) as process:
         ^^^^^^^^^^^^^^^^^^^^^^^^^^^
  File "C:\Users\Dean\source\repos\deanable\synapic.net\build\_python\win-x64-cuda\python\Lib\subprocess.py", line 1026, in __init__
    self._execute_child(args, executable, preexec_fn, close_fds,
  File "C:\Users\Dean\source\repos\deanable\synapic.net\build\_python\win-x64-cuda\python\Lib\subprocess.py", line 1538, in _execute_child
    hp, ht, pid, tid = _winapi.CreateProcess(executable, args,
                       ^^^^^^^^^^^^^^^^^^^^^^^^^^^^^^^^^^^^^^^
FileNotFoundError: [WinError 2] The system cannot find the file specified
271529 INFO: Executing: strip C:\Users\Dean\AppData\Local\pyinstaller\bincache10py31164bit\ucrtbase.dll
271533 WARNING: Failed to run strip on 'C:\\Users\\Dean\\AppData\\Local\\pyinstaller\\bincache10py31164bit\\ucrtbase.dll'!
Traceback (most recent call last):
  File "C:\Users\Dean\source\repos\deanable\synapic.net\build\_python\win-x64-cuda\python\Lib\site-packages\PyInstaller\building\utils.py", line 250, in process_collected_binary
    p = subprocess.run(
        ^^^^^^^^^^^^^^^
  File "C:\Users\Dean\source\repos\deanable\synapic.net\build\_python\win-x64-cuda\python\Lib\subprocess.py", line 548, in run
    with Popen(*popenargs, **kwargs) as process:
         ^^^^^^^^^^^^^^^^^^^^^^^^^^^
  File "C:\Users\Dean\source\repos\deanable\synapic.net\build\_python\win-x64-cuda\python\Lib\subprocess.py", line 1026, in __init__
    self._execute_child(args, executable, preexec_fn, close_fds,
  File "C:\Users\Dean\source\repos\deanable\synapic.net\build\_python\win-x64-cuda\python\Lib\subprocess.py", line 1538, in _execute_child
    hp, ht, pid, tid = _winapi.CreateProcess(executable, args,
                       ^^^^^^^^^^^^^^^^^^^^^^^^^^^^^^^^^^^^^^^
FileNotFoundError: [WinError 2] The system cannot find the file specified
271565 INFO: Executing: strip C:\Users\Dean\AppData\Local\pyinstaller\bincache10py31164bit\torchvision\zlib.dll
271568 WARNING: Failed to run strip on 'C:\\Users\\Dean\\AppData\\Local\\pyinstaller\\bincache10py31164bit\\torchvision\\zlib.dll'!
Traceback (most recent call last):
  File "C:\Users\Dean\source\repos\deanable\synapic.net\build\_python\win-x64-cuda\python\Lib\site-packages\PyInstaller\building\utils.py", line 250, in process_collected_binary
    p = subprocess.run(
        ^^^^^^^^^^^^^^^
  File "C:\Users\Dean\source\repos\deanable\synapic.net\build\_python\win-x64-cuda\python\Lib\subprocess.py", line 548, in run
    with Popen(*popenargs, **kwargs) as process:
         ^^^^^^^^^^^^^^^^^^^^^^^^^^^
  File "C:\Users\Dean\source\repos\deanable\synapic.net\build\_python\win-x64-cuda\python\Lib\subprocess.py", line 1026, in __init__
    self._execute_child(args, executable, preexec_fn, close_fds,
  File "C:\Users\Dean\source\repos\deanable\synapic.net\build\_python\win-x64-cuda\python\Lib\subprocess.py", line 1538, in _execute_child
    hp, ht, pid, tid = _winapi.CreateProcess(executable, args,
                       ^^^^^^^^^^^^^^^^^^^^^^^^^^^^^^^^^^^^^^^
FileNotFoundError: [WinError 2] The system cannot find the file specified
271585 INFO: Executing: strip C:\Users\Dean\AppData\Local\pyinstaller\bincache10py31164bit\torchvision\libsharpyuv.dll
271588 WARNING: Failed to run strip on 'C:\\Users\\Dean\\AppData\\Local\\pyinstaller\\bincache10py31164bit\\torchvision\\libsharpyuv.dll'!
Traceback (most recent call last):
  File "C:\Users\Dean\source\repos\deanable\synapic.net\build\_python\win-x64-cuda\python\Lib\site-packages\PyInstaller\building\utils.py", line 250, in process_collected_binary
    p = subprocess.run(
        ^^^^^^^^^^^^^^^
  File "C:\Users\Dean\source\repos\deanable\synapic.net\build\_python\win-x64-cuda\python\Lib\subprocess.py", line 548, in run
    with Popen(*popenargs, **kwargs) as process:
         ^^^^^^^^^^^^^^^^^^^^^^^^^^^
  File "C:\Users\Dean\source\repos\deanable\synapic.net\build\_python\win-x64-cuda\python\Lib\subprocess.py", line 1026, in __init__
    self._execute_child(args, executable, preexec_fn, close_fds,
  File "C:\Users\Dean\source\repos\deanable\synapic.net\build\_python\win-x64-cuda\python\Lib\subprocess.py", line 1538, in _execute_child
    hp, ht, pid, tid = _winapi.CreateProcess(executable, args,
                       ^^^^^^^^^^^^^^^^^^^^^^^^^^^^^^^^^^^^^^^
FileNotFoundError: [WinError 2] The system cannot find the file specified
271598 INFO: Executing: strip C:\Users\Dean\AppData\Local\pyinstaller\bincache10py31164bit\api-ms-win-core-datetime-l1-1-0.dll
271601 WARNING: Failed to run strip on 'C:\\Users\\Dean\\AppData\\Local\\pyinstaller\\bincache10py31164bit\\api-ms-win-core-datetime-l1-1-0.dll'!
Traceback (most recent call last):
  File "C:\Users\Dean\source\repos\deanable\synapic.net\build\_python\win-x64-cuda\python\Lib\site-packages\PyInstaller\building\utils.py", line 250, in process_collected_binary
    p = subprocess.run(
        ^^^^^^^^^^^^^^^
  File "C:\Users\Dean\source\repos\deanable\synapic.net\build\_python\win-x64-cuda\python\Lib\subprocess.py", line 548, in run
    with Popen(*popenargs, **kwargs) as process:
         ^^^^^^^^^^^^^^^^^^^^^^^^^^^
  File "C:\Users\Dean\source\repos\deanable\synapic.net\build\_python\win-x64-cuda\python\Lib\subprocess.py", line 1026, in __init__
    self._execute_child(args, executable, preexec_fn, close_fds,
  File "C:\Users\Dean\source\repos\deanable\synapic.net\build\_python\win-x64-cuda\python\Lib\subprocess.py", line 1538, in _execute_child
    hp, ht, pid, tid = _winapi.CreateProcess(executable, args,
                       ^^^^^^^^^^^^^^^^^^^^^^^^^^^^^^^^^^^^^^^
FileNotFoundError: [WinError 2] The system cannot find the file specified
271617 INFO: Executing: strip C:\Users\Dean\AppData\Local\pyinstaller\bincache10py31164bit\api-ms-win-core-file-l1-2-0.dll
271619 WARNING: Failed to run strip on 'C:\\Users\\Dean\\AppData\\Local\\pyinstaller\\bincache10py31164bit\\api-ms-win-core-file-l1-2-0.dll'!
Traceback (most recent call last):
  File "C:\Users\Dean\source\repos\deanable\synapic.net\build\_python\win-x64-cuda\python\Lib\site-packages\PyInstaller\building\utils.py", line 250, in process_collected_binary
    p = subprocess.run(
        ^^^^^^^^^^^^^^^
  File "C:\Users\Dean\source\repos\deanable\synapic.net\build\_python\win-x64-cuda\python\Lib\subprocess.py", line 548, in run
    with Popen(*popenargs, **kwargs) as process:
         ^^^^^^^^^^^^^^^^^^^^^^^^^^^
  File "C:\Users\Dean\source\repos\deanable\synapic.net\build\_python\win-x64-cuda\python\Lib\subprocess.py", line 1026, in __init__
    self._execute_child(args, executable, preexec_fn, close_fds,
  File "C:\Users\Dean\source\repos\deanable\synapic.net\build\_python\win-x64-cuda\python\Lib\subprocess.py", line 1538, in _execute_child
    hp, ht, pid, tid = _winapi.CreateProcess(executable, args,
                       ^^^^^^^^^^^^^^^^^^^^^^^^^^^^^^^^^^^^^^^
FileNotFoundError: [WinError 2] The system cannot find the file specified
271632 INFO: Executing: strip C:\Users\Dean\AppData\Local\pyinstaller\bincache10py31164bit\api-ms-win-core-fibers-l1-1-0.dll
271633 WARNING: Failed to run strip on 'C:\\Users\\Dean\\AppData\\Local\\pyinstaller\\bincache10py31164bit\\api-ms-win-core-fibers-l1-1-0.dll'!
Traceback (most recent call last):
  File "C:\Users\Dean\source\repos\deanable\synapic.net\build\_python\win-x64-cuda\python\Lib\site-packages\PyInstaller\building\utils.py", line 250, in process_collected_binary
    p = subprocess.run(
        ^^^^^^^^^^^^^^^
  File "C:\Users\Dean\source\repos\deanable\synapic.net\build\_python\win-x64-cuda\python\Lib\subprocess.py", line 548, in run
    with Popen(*popenargs, **kwargs) as process:
         ^^^^^^^^^^^^^^^^^^^^^^^^^^^
  File "C:\Users\Dean\source\repos\deanable\synapic.net\build\_python\win-x64-cuda\python\Lib\subprocess.py", line 1026, in __init__
    self._execute_child(args, executable, preexec_fn, close_fds,
  File "C:\Users\Dean\source\repos\deanable\synapic.net\build\_python\win-x64-cuda\python\Lib\subprocess.py", line 1538, in _execute_child
    hp, ht, pid, tid = _winapi.CreateProcess(executable, args,
                       ^^^^^^^^^^^^^^^^^^^^^^^^^^^^^^^^^^^^^^^
FileNotFoundError: [WinError 2] The system cannot find the file specified
271643 INFO: Executing: strip C:\Users\Dean\AppData\Local\pyinstaller\bincache10py31164bit\api-ms-win-core-memory-l1-1-0.dll
271645 WARNING: Failed to run strip on 'C:\\Users\\Dean\\AppData\\Local\\pyinstaller\\bincache10py31164bit\\api-ms-win-core-memory-l1-1-0.dll'!
Traceback (most recent call last):
  File "C:\Users\Dean\source\repos\deanable\synapic.net\build\_python\win-x64-cuda\python\Lib\site-packages\PyInstaller\building\utils.py", line 250, in process_collected_binary
    p = subprocess.run(
        ^^^^^^^^^^^^^^^
  File "C:\Users\Dean\source\repos\deanable\synapic.net\build\_python\win-x64-cuda\python\Lib\subprocess.py", line 548, in run
    with Popen(*popenargs, **kwargs) as process:
         ^^^^^^^^^^^^^^^^^^^^^^^^^^^
  File "C:\Users\Dean\source\repos\deanable\synapic.net\build\_python\win-x64-cuda\python\Lib\subprocess.py", line 1026, in __init__
    self._execute_child(args, executable, preexec_fn, close_fds,
  File "C:\Users\Dean\source\repos\deanable\synapic.net\build\_python\win-x64-cuda\python\Lib\subprocess.py", line 1538, in _execute_child
    hp, ht, pid, tid = _winapi.CreateProcess(executable, args,
                       ^^^^^^^^^^^^^^^^^^^^^^^^^^^^^^^^^^^^^^^
FileNotFoundError: [WinError 2] The system cannot find the file specified
271661 INFO: Executing: strip C:\Users\Dean\AppData\Local\pyinstaller\bincache10py31164bit\api-ms-win-core-kernel32-legacy-l1-1-1.dll
271663 WARNING: Failed to run strip on 'C:\\Users\\Dean\\AppData\\Local\\pyinstaller\\bincache10py31164bit\\api-ms-win-core-kernel32-legacy-l1-1-1.dll'!
Traceback (most recent call last):
  File "C:\Users\Dean\source\repos\deanable\synapic.net\build\_python\win-x64-cuda\python\Lib\site-packages\PyInstaller\building\utils.py", line 250, in process_collected_binary
    p = subprocess.run(
        ^^^^^^^^^^^^^^^
  File "C:\Users\Dean\source\repos\deanable\synapic.net\build\_python\win-x64-cuda\python\Lib\subprocess.py", line 548, in run
    with Popen(*popenargs, **kwargs) as process:
         ^^^^^^^^^^^^^^^^^^^^^^^^^^^
  File "C:\Users\Dean\source\repos\deanable\synapic.net\build\_python\win-x64-cuda\python\Lib\subprocess.py", line 1026, in __init__
    self._execute_child(args, executable, preexec_fn, close_fds,
  File "C:\Users\Dean\source\repos\deanable\synapic.net\build\_python\win-x64-cuda\python\Lib\subprocess.py", line 1538, in _execute_child
    hp, ht, pid, tid = _winapi.CreateProcess(executable, args,
                       ^^^^^^^^^^^^^^^^^^^^^^^^^^^^^^^^^^^^^^^
FileNotFoundError: [WinError 2] The system cannot find the file specified
271694 INFO: Executing: strip C:\Users\Dean\AppData\Local\pyinstaller\bincache10py31164bit\api-ms-win-core-libraryloader-l1-1-0.dll
271698 WARNING: Failed to run strip on 'C:\\Users\\Dean\\AppData\\Local\\pyinstaller\\bincache10py31164bit\\api-ms-win-core-libraryloader-l1-1-0.dll'!
Traceback (most recent call last):
  File "C:\Users\Dean\source\repos\deanable\synapic.net\build\_python\win-x64-cuda\python\Lib\site-packages\PyInstaller\building\utils.py", line 250, in process_collected_binary
    p = subprocess.run(
        ^^^^^^^^^^^^^^^
  File "C:\Users\Dean\source\repos\deanable\synapic.net\build\_python\win-x64-cuda\python\Lib\subprocess.py", line 548, in run
    with Popen(*popenargs, **kwargs) as process:
         ^^^^^^^^^^^^^^^^^^^^^^^^^^^
  File "C:\Users\Dean\source\repos\deanable\synapic.net\build\_python\win-x64-cuda\python\Lib\subprocess.py", line 1026, in __init__
    self._execute_child(args, executable, preexec_fn, close_fds,
  File "C:\Users\Dean\source\repos\deanable\synapic.net\build\_python\win-x64-cuda\python\Lib\subprocess.py", line 1538, in _execute_child
    hp, ht, pid, tid = _winapi.CreateProcess(executable, args,
                       ^^^^^^^^^^^^^^^^^^^^^^^^^^^^^^^^^^^^^^^
FileNotFoundError: [WinError 2] The system cannot find the file specified
271710 INFO: Executing: strip C:\Users\Dean\AppData\Local\pyinstaller\bincache10py31164bit\api-ms-win-core-namedpipe-l1-1-0.dll
271711 WARNING: Failed to run strip on 'C:\\Users\\Dean\\AppData\\Local\\pyinstaller\\bincache10py31164bit\\api-ms-win-core-namedpipe-l1-1-0.dll'!
Traceback (most recent call last):
  File "C:\Users\Dean\source\repos\deanable\synapic.net\build\_python\win-x64-cuda\python\Lib\site-packages\PyInstaller\building\utils.py", line 250, in process_collected_binary
    p = subprocess.run(
        ^^^^^^^^^^^^^^^
  File "C:\Users\Dean\source\repos\deanable\synapic.net\build\_python\win-x64-cuda\python\Lib\subprocess.py", line 548, in run
    with Popen(*popenargs, **kwargs) as process:
         ^^^^^^^^^^^^^^^^^^^^^^^^^^^
  File "C:\Users\Dean\source\repos\deanable\synapic.net\build\_python\win-x64-cuda\python\Lib\subprocess.py", line 1026, in __init__
    self._execute_child(args, executable, preexec_fn, close_fds,
  File "C:\Users\Dean\source\repos\deanable\synapic.net\build\_python\win-x64-cuda\python\Lib\subprocess.py", line 1538, in _execute_child
    hp, ht, pid, tid = _winapi.CreateProcess(executable, args,
                       ^^^^^^^^^^^^^^^^^^^^^^^^^^^^^^^^^^^^^^^
FileNotFoundError: [WinError 2] The system cannot find the file specified
271720 INFO: Executing: strip C:\Users\Dean\AppData\Local\pyinstaller\bincache10py31164bit\api-ms-win-core-util-l1-1-0.dll
271721 WARNING: Failed to run strip on 'C:\\Users\\Dean\\AppData\\Local\\pyinstaller\\bincache10py31164bit\\api-ms-win-core-util-l1-1-0.dll'!
Traceback (most recent call last):
  File "C:\Users\Dean\source\repos\deanable\synapic.net\build\_python\win-x64-cuda\python\Lib\site-packages\PyInstaller\building\utils.py", line 250, in process_collected_binary
    p = subprocess.run(
        ^^^^^^^^^^^^^^^
  File "C:\Users\Dean\source\repos\deanable\synapic.net\build\_python\win-x64-cuda\python\Lib\subprocess.py", line 548, in run
    with Popen(*popenargs, **kwargs) as process:
         ^^^^^^^^^^^^^^^^^^^^^^^^^^^
  File "C:\Users\Dean\source\repos\deanable\synapic.net\build\_python\win-x64-cuda\python\Lib\subprocess.py", line 1026, in __init__
    self._execute_child(args, executable, preexec_fn, close_fds,
  File "C:\Users\Dean\source\repos\deanable\synapic.net\build\_python\win-x64-cuda\python\Lib\subprocess.py", line 1538, in _execute_child
    hp, ht, pid, tid = _winapi.CreateProcess(executable, args,
                       ^^^^^^^^^^^^^^^^^^^^^^^^^^^^^^^^^^^^^^^
FileNotFoundError: [WinError 2] The system cannot find the file specified
271730 INFO: Executing: strip C:\Users\Dean\AppData\Local\pyinstaller\bincache10py31164bit\api-ms-win-core-fibers-l1-1-1.dll
271732 WARNING: Failed to run strip on 'C:\\Users\\Dean\\AppData\\Local\\pyinstaller\\bincache10py31164bit\\api-ms-win-core-fibers-l1-1-1.dll'!
Traceback (most recent call last):
  File "C:\Users\Dean\source\repos\deanable\synapic.net\build\_python\win-x64-cuda\python\Lib\site-packages\PyInstaller\building\utils.py", line 250, in process_collected_binary
    p = subprocess.run(
        ^^^^^^^^^^^^^^^
  File "C:\Users\Dean\source\repos\deanable\synapic.net\build\_python\win-x64-cuda\python\Lib\subprocess.py", line 548, in run
    with Popen(*popenargs, **kwargs) as process:
         ^^^^^^^^^^^^^^^^^^^^^^^^^^^
  File "C:\Users\Dean\source\repos\deanable\synapic.net\build\_python\win-x64-cuda\python\Lib\subprocess.py", line 1026, in __init__
    self._execute_child(args, executable, preexec_fn, close_fds,
  File "C:\Users\Dean\source\repos\deanable\synapic.net\build\_python\win-x64-cuda\python\Lib\subprocess.py", line 1538, in _execute_child
    hp, ht, pid, tid = _winapi.CreateProcess(executable, args,
                       ^^^^^^^^^^^^^^^^^^^^^^^^^^^^^^^^^^^^^^^
FileNotFoundError: [WinError 2] The system cannot find the file specified
271740 INFO: Executing: strip C:\Users\Dean\AppData\Local\pyinstaller\bincache10py31164bit\api-ms-win-core-file-l2-1-0.dll
271742 WARNING: Failed to run strip on 'C:\\Users\\Dean\\AppData\\Local\\pyinstaller\\bincache10py31164bit\\api-ms-win-core-file-l2-1-0.dll'!
Traceback (most recent call last):
  File "C:\Users\Dean\source\repos\deanable\synapic.net\build\_python\win-x64-cuda\python\Lib\site-packages\PyInstaller\building\utils.py", line 250, in process_collected_binary
    p = subprocess.run(
        ^^^^^^^^^^^^^^^
  File "C:\Users\Dean\source\repos\deanable\synapic.net\build\_python\win-x64-cuda\python\Lib\subprocess.py", line 548, in run
    with Popen(*popenargs, **kwargs) as process:
         ^^^^^^^^^^^^^^^^^^^^^^^^^^^
  File "C:\Users\Dean\source\repos\deanable\synapic.net\build\_python\win-x64-cuda\python\Lib\subprocess.py", line 1026, in __init__
    self._execute_child(args, executable, preexec_fn, close_fds,
  File "C:\Users\Dean\source\repos\deanable\synapic.net\build\_python\win-x64-cuda\python\Lib\subprocess.py", line 1538, in _execute_child
    hp, ht, pid, tid = _winapi.CreateProcess(executable, args,
                       ^^^^^^^^^^^^^^^^^^^^^^^^^^^^^^^^^^^^^^^
FileNotFoundError: [WinError 2] The system cannot find the file specified
271749 INFO: Executing: strip C:\Users\Dean\AppData\Local\pyinstaller\bincache10py31164bit\api-ms-win-core-timezone-l1-1-0.dll
271751 WARNING: Failed to run strip on 'C:\\Users\\Dean\\AppData\\Local\\pyinstaller\\bincache10py31164bit\\api-ms-win-core-timezone-l1-1-0.dll'!
Traceback (most recent call last):
  File "C:\Users\Dean\source\repos\deanable\synapic.net\build\_python\win-x64-cuda\python\Lib\site-packages\PyInstaller\building\utils.py", line 250, in process_collected_binary
    p = subprocess.run(
        ^^^^^^^^^^^^^^^
  File "C:\Users\Dean\source\repos\deanable\synapic.net\build\_python\win-x64-cuda\python\Lib\subprocess.py", line 548, in run
    with Popen(*popenargs, **kwargs) as process:
         ^^^^^^^^^^^^^^^^^^^^^^^^^^^
  File "C:\Users\Dean\source\repos\deanable\synapic.net\build\_python\win-x64-cuda\python\Lib\subprocess.py", line 1026, in __init__
    self._execute_child(args, executable, preexec_fn, close_fds,
  File "C:\Users\Dean\source\repos\deanable\synapic.net\build\_python\win-x64-cuda\python\Lib\subprocess.py", line 1538, in _execute_child
    hp, ht, pid, tid = _winapi.CreateProcess(executable, args,
                       ^^^^^^^^^^^^^^^^^^^^^^^^^^^^^^^^^^^^^^^
FileNotFoundError: [WinError 2] The system cannot find the file specified
271759 INFO: Executing: strip C:\Users\Dean\AppData\Local\pyinstaller\bincache10py31164bit\api-ms-win-core-sysinfo-l1-2-0.dll
271760 WARNING: Failed to run strip on 'C:\\Users\\Dean\\AppData\\Local\\pyinstaller\\bincache10py31164bit\\api-ms-win-core-sysinfo-l1-2-0.dll'!
Traceback (most recent call last):
  File "C:\Users\Dean\source\repos\deanable\synapic.net\build\_python\win-x64-cuda\python\Lib\site-packages\PyInstaller\building\utils.py", line 250, in process_collected_binary
    p = subprocess.run(
        ^^^^^^^^^^^^^^^
  File "C:\Users\Dean\source\repos\deanable\synapic.net\build\_python\win-x64-cuda\python\Lib\subprocess.py", line 548, in run
    with Popen(*popenargs, **kwargs) as process:
         ^^^^^^^^^^^^^^^^^^^^^^^^^^^
  File "C:\Users\Dean\source\repos\deanable\synapic.net\build\_python\win-x64-cuda\python\Lib\subprocess.py", line 1026, in __init__
    self._execute_child(args, executable, preexec_fn, close_fds,
  File "C:\Users\Dean\source\repos\deanable\synapic.net\build\_python\win-x64-cuda\python\Lib\subprocess.py", line 1538, in _execute_child
    hp, ht, pid, tid = _winapi.CreateProcess(executable, args,
                       ^^^^^^^^^^^^^^^^^^^^^^^^^^^^^^^^^^^^^^^
FileNotFoundError: [WinError 2] The system cannot find the file specified
717964 INFO: Building PKG (CArchive) synapic-inference.pkg completed successfully.
718072 INFO: Bootloader C:\Users\Dean\source\repos\deanable\synapic.net\build\_python\win-x64-cuda\python\Lib\site-packages\PyInstaller\bootloader\Windows-64bit-intel\run.exe
718073 INFO: checking EXE
718073 INFO: Building EXE because EXE-00.toc is non existent
718073 INFO: Building EXE from EXE-00.toc
718073 INFO: Copying bootloader EXE to C:\Users\Dean\source\repos\deanable\synapic.net\artifacts\win-x64-cuda\synapic-inference.exe
718092 INFO: Copying icon to EXE
718119 INFO: Copying 0 resources to EXE
718119 INFO: Embedding manifest in EXE
718153 INFO: Appending PKG archive to EXE
771598 INFO: Fixing EXE headers
1193346 INFO: Building EXE from EXE-00.toc completed successfully.
1193447 INFO: Build complete! The results are available in: C:\Users\Dean\source\repos\deanable\synapic.net\artifacts\win-x64-cuda
